date,year,month,avg_temperature,max_temperature,min_temperature,avg_precipitation_sum,avg_rain_sum,avg_snowfall_sum,avg_precipitation_hours,max_wind_speed,max_wind_gust,avg_rain_days,weather_locations,days_in_month,weekend_days,public_holidays,working_days,conaset_available_asof_year,conaset_available_expected5y_collisions,conaset_available_expected3y_collisions,conaset_available_last_collisions,conaset_available_expected5y_fatalities,conaset_available_expected3y_fatalities,conaset_available_last_fatalities,conaset_available_expected5y_total_injuries,conaset_available_expected3y_total_injuries,conaset_available_last_total_injuries,conaset_available_expected5y_serious_injuries,conaset_available_expected3y_serious_injuries,conaset_available_last_serious_injuries,conaset_available_expected5y_weekend_collision_share,conaset_available_expected3y_weekend_collision_share,conaset_available_last_weekend_collision_share,conaset_available_expected5y_weekend_fatality_share,conaset_available_expected3y_weekend_fatality_share,conaset_available_last_weekend_fatality_share,conaset_available_expected5y_night_collision_share,conaset_available_expected3y_night_collision_share,conaset_available_last_night_collision_share,conaset_available_expected5y_night_fatality_share,conaset_available_expected3y_night_fatality_share,conaset_available_last_night_fatality_share,conaset_available_expected5y_peak_collision_share,conaset_available_expected3y_peak_collision_share,conaset_available_last_peak_collision_share,conaset_available_expected5y_injuries_per_collision,conaset_available_expected3y_injuries_per_collision,conaset_available_last_injuries_per_collision,conaset_available_expected5y_fatalities_per_collision,conaset_available_expected3y_fatalities_per_collision,conaset_available_last_fatalities_per_collision,conaset_available_collision_yoy,mop_available_last_total_passages,mop_available_expected3y_total_passages,mop_available_last_light_passages,mop_available_expected3y_light_passages,mop_available_last_heavy_passages,mop_available_expected3y_heavy_passages,mop_available_last_light_share,mop_available_expected3y_light_share,mop_available_last_plazas_used,mop_available_expected3y_plazas_used,mop_available_last_yoy,mop_available_expected3y_yoy,mop_available_last_rolling3,mop_available_expected3y_rolling3,anac_available_last_market_units,anac_available_expected3y_market_units,anac_available_last_suzuki_top20_units,anac_available_expected3y_suzuki_top20_units,anac_available_last_suzuki_top20_model_count,anac_available_expected3y_suzuki_top20_model_count,anac_available_last_suzuki_top20_market_share,anac_available_expected3y_suzuki_top20_market_share,anac_available_last_fleet_proxy_age_0_12m,anac_available_expected3y_fleet_proxy_age_0_12m,anac_available_last_fleet_proxy_age_13_36m,anac_available_expected3y_fleet_proxy_age_13_36m,anac_available_last_fleet_proxy_age_37_60m,anac_available_expected3y_fleet_proxy_age_37_60m,cmf_available_damaged_insured_vehicles,cmf_available_insured_vehicles,cmf_available_claim_rate,cmf_available_repair_delay_days,cmf_available_report_age_months
2021-01-01,2021,1,17.036559139784945,31.3,3.6,36.56666666666667,36.55555555555556,0.0077777777777777,62.888888888888886,56.5,110.9,7.333333333333333,9.0,31,10,1,20,2019,7317.2,7440.0,7165.0,153.2,158.0,163.0,5393.0,5217.333333333333,4830.0,757.8,741.6666666666666,682.0,0.2712888989473794,0.2603178722700364,0.2535938590369853,0.3592351974123052,0.304493597288777,0.3496932515337423,0.1728081157461123,0.1732814124466208,0.1773900907187718,0.3425744456226871,0.3311551070688429,0.3006134969325153,0.3912502358013385,0.393599851741448,0.3914863921842288,0.7382637544161064,0.7007549551931257,0.6741102581995813,0.0209790863309986,0.0212648664585469,0.0227494766224703,-0.0513703164305573,224057.0,224057.0,174045.0,174045.0,50012.0,50012.0,0.7767889420995551,0.7767889420995551,4.0,4.0,0.5037959090767081,0.5037959090767081,224057.0,224057.0,24984.0,24984.0,0.0,0.0,0.0,0.0,0.0,0.0,0.0,0.0,0.0,0.0,0.0,0.0,100324.0,2002125.0,0.04790959605419242,76.0,1.0
2021-02-01,2021,2,17.377380952380953,32.2,4.2,9.122222222222222,9.122222222222222,0.0,24.77777777777778,59.8,115.6,4.444444444444445,9.0,28,8,0,20,2019,6772.2,6845.666666666667,6804.0,132.4,127.66666666666669,130.0,5246.0,5018.666666666667,4861.0,715.6,700.3333333333334,655.0,0.2876973771754962,0.2966386319555898,0.2905643738977072,0.3491929392604561,0.3523586024711305,0.3307692307692307,0.1707561004117024,0.1721564335413443,0.1690182245737801,0.3420911531301628,0.3426827860811356,0.2769230769230769,0.3848759682870236,0.3838176750796798,0.3837448559670782,0.7764975434341932,0.7331827230572833,0.7144326866549089,0.0196366285892181,0.0186576500219457,0.0191064079952968,0.0069557495930145,224057.0,224057.0,174045.0,174045.0,50012.0,50012.0,0.7767889420995551,0.7767889420995551,4.0,4.0,0.5037959090767081,0.5037959090767081,224057.0,224057.0,24984.0,24984.0,0.0,0.0,0.0,0.0,0.0,0.0,0.0,0.0,0.0,0.0,0.0,0.0,100324.0,2002125.0,0.04790959605419242,76.0,1.0
2021-03-01,2021,3,16.445519713261646,32.5,2.5,20.5,20.5,0.0,45.55555555555556,66.3,126.7,6.444444444444445,9.0,31,8,0,23,2019,7850.2,8159.333333333333,8199.0,130.0,125.0,131.0,5330.8,5307.666666666667,5234.0,748.2,733.6666666666666,727.0,0.2750012871279471,0.2910360858625196,0.2949140139041346,0.3793204821116666,0.4000718213904621,0.4961832061068702,0.1388137093188487,0.1428418230589981,0.141602634467618,0.3128294700456729,0.3170312457249172,0.3282442748091603,0.4319497031591607,0.4280640106637814,0.4345651908769362,0.6816548894079426,0.6504922770908631,0.6383705329918282,0.0166577783421895,0.0153176129907172,0.0159775582388096,0.0,224057.0,224057.0,174045.0,174045.0,50012.0,50012.0,0.7767889420995551,0.7767889420995551,4.0,4.0,0.5037959090767081,0.5037959090767081,224057.0,224057.0,24984.0,24984.0,0.0,0.0,0.0,0.0,0.0,0.0,0.0,0.0,0.0,0.0,0.0,0.0,100324.0,2002125.0,0.04790959605419242,76.0,1.0
2021-04-01,2021,4,14.46925925925926,29.3,1.8,41.55555555555556,41.55555555555556,0.0,66.22222222222223,52.5,101.2,8.11111111111111,9.0,30,8,2,21,2019,7526.4,7702.666666666667,7687.0,135.4,134.66666666666666,130.0,5006.6,4988.666666666667,4959.0,680.6,679.6666666666666,635.0,0.262625922686438,0.2677730372946957,0.2417067776765968,0.370562480344529,0.3465292806085644,0.3538461538461538,0.1343478086202232,0.1352248769307507,0.1304800312215428,0.2743766924048627,0.2717713729862067,0.2461538461538461,0.4345894574371977,0.4351018730815227,0.4499804865357096,0.6677634236579266,0.647637756669955,0.6451151294393132,0.0181039221084905,0.0174827638498626,0.0169116690516456,-0.0010396361273554,270489.0,224057.0,213527.0,174045.0,56962.0,50012.0,0.7894110296537012,0.7767889420995551,4.0,4.0,0.5037959090767081,0.5037959090767081,247273.0,224057.0,24492.0,24984.0,407.0,0.0,2.0,0.0,0.0166176710762698,0.0,398.86,0.0,0.0,0.0,0.0,0.0,100324.0,2002125.0,0.04790959605419242,76.0,1.0
2021-05-01,2021,5,12.699283154121863,24.6,-1.5,61.133333333333326,61.1,0.0311111111111111,94.77777777777776,46.4,90.7,10.0,9.0,31,10,2,20,2019,7873.2,8206.0,8184.0,135.0,130.33333333333334,132.0,5178.0,5182.333333333333,5093.0,711.2,719.3333333333334,675.0,0.2718889954229025,0.2583938939033772,0.2360703812316715,0.3501865834296936,0.3292372544341048,0.3484848484848485,0.1410184046155582,0.136035520026022,0.1319648093841642,0.232060287153791,0.2103515469657202,0.2196969696969697,0.4403909683571611,0.4454032005266171,0.4378054740957967,0.6601942905008491,0.6314687529668036,0.6223118279569892,0.01734290210912,0.0158863949029126,0.0161290322580645,0.006765899864682,231958.0,224057.0,161324.0,174045.0,70634.0,50012.0,0.6954879762715664,0.7767889420995551,4.0,4.0,0.5037959090767081,0.5037959090767081,242168.0,224057.0,24492.0,24984.0,306.0,0.0,1.0,0.0,0.0166176710762698,0.0,698.74,0.0,0.0,0.0,0.0,0.0,100324.0,2002125.0,0.04790959605419242,76.0,1.0
2021-06-01,2021,6,10.924814814814814,22.0,-3.5,78.8111111111111,77.3,1.0577777777777777,104.88888888888889,59.0,110.2,11.666666666666666,9.0,30,8,3,19,2019,7697.2,7992.333333333333,7955.0,142.4,137.0,152.0,4966.4,4973.666666666667,4963.0,667.8,648.6666666666666,632.0,0.2890694915189222,0.3116384282571593,0.3131363922061596,0.3566568448147394,0.3752088554720134,0.375,0.1409094748049675,0.1439859800411078,0.157762413576367,0.2606498360368329,0.2886382623224728,0.3421052631578947,0.4441231289546854,0.4442893215692686,0.4345694531741043,0.6475289009964195,0.6226327119362548,0.6238843494657448,0.0186868908776341,0.0171737408084657,0.0191074795725958,0.0332510715677361,186899.0,224057.0,123950.0,174045.0,62949.0,50012.0,0.663192419435096,0.7767889420995551,4.0,4.0,0.5037959090767081,0.5037959090767081,229782.0,224057.0,24492.0,24984.0,68.0,0.0,1.0,0.0,0.0166176710762698,0.0,765.38,0.0,0.0,0.0,0.0,0.0,100324.0,2002125.0,0.04790959605419242,76.0,1.0
2021-07-01,2021,7,9.966666666666669,23.3,-2.1,41.65555555555555,39.54444444444445,1.4855555555555555,85.33333333333333,45.5,92.9,9.77777777777778,9.0,31,9,1,21,2020,6925.8,6318.0,4177.0,128.6,124.33333333333331,91.0,4411.6,3953.6666666666665,2355.0,620.4,556.3333333333334,380.0,0.2822284243176248,0.260033028945606,0.2307876466363418,0.3621824790790308,0.3480396147062813,0.3626373626373626,0.1365285009119047,0.1257696722680049,0.0945654776155135,0.2885917129759494,0.2721863674244626,0.2307692307692307,0.4250964420929845,0.4275850738085977,0.425664352406033,0.6302278215009712,0.616719590659068,0.5638017716064161,0.018882700992262,0.0199790348539191,0.0217859707924347,-0.4436600958977091,216459.0,224057.0,159662.0,174045.0,56797.0,50012.0,0.7376085078467516,0.7767889420995551,4.0,4.0,0.5037959090767081,0.5037959090767081,211772.0,224057.0,34130.0,24984.0,0.0,0.0,0.0,0.0,0.0,0.0,765.38,0.0,0.0,0.0,0.0,0.0,100324.0,2002125.0,0.04790959605419242,76.0,1.0
2021-08-01,2021,8,10.293548387096774,23.8,-1.5,80.30000000000001,78.46666666666667,1.291111111111111,129.33333333333334,58.6,119.9,12.77777777777778,9.0,31,9,1,22,2020,7040.4,6561.333333333333,4834.0,120.6,118.33333333333331,104.0,4349.4,4035.3333333333335,3131.0,592.8,557.0,506.0,0.269142037755933,0.2728251300044575,0.2987174182871328,0.3716827075702075,0.3911725681725682,0.4326923076923077,0.1290929994057841,0.1281305161257482,0.1023996690111708,0.2486801434676435,0.232001628001628,0.1538461538461538,0.4390776747129521,0.4340695310136902,0.4164253206454282,0.6201144325380579,0.6189717829385081,0.6477037649979314,0.0174672834673092,0.0184436952062278,0.0215142738932561,-0.3623532515499275,223349.0,224057.0,164538.0,174045.0,58811.0,50012.0,0.7366856354852719,0.7767889420995551,4.0,4.0,0.5037959090767081,0.5037959090767081,208902.33333333334,224057.0,34130.0,24984.0,977.0,0.0,2.0,0.0,0.0,0.0,1722.84,0.0,0.0,0.0,0.0,0.0,100324.0,2002125.0,0.04790959605419242,76.0,1.0
2021-09-01,2021,9,11.349629629629629,28.6,-1.3,44.13333333333333,43.266666666666666,0.6066666666666667,92.33333333333331,54.0,107.6,11.555555555555555,9.0,30,8,2,22,2020,6724.0,6317.0,4977.0,120.4,106.66666666666669,103.0,4249.2,3822.3333333333335,3220.0,581.0,527.3333333333334,526.0,0.2958849093624475,0.2793862465351681,0.2332730560578662,0.3642283910388603,0.3542075321768634,0.2524271844660194,0.1450863797172442,0.1459183997286713,0.1185453084187261,0.3112251249656442,0.3395399416540874,0.2912621359223301,0.4096327198247435,0.4039292733368078,0.4068716094032549,0.6322853365875438,0.6092777206096575,0.6469760900140648,0.0180624593379494,0.017272388607503,0.0206951979103877,-0.3144628099173554,265201.0,224057.0,203225.0,174045.0,61976.0,50012.0,0.7663055569172061,0.7767889420995551,4.0,4.0,0.5037959090767081,0.5037959090767081,235003.0,224057.0,34130.0,24984.0,1312.0,0.0,2.0,0.0,0.0,0.0,3008.6000000000004,0.0,0.0,0.0,0.0,0.0,100324.0,2002125.0,0.04790959605419242,76.0,1.0
2021-10-01,2021,10,12.538351254480286,31.0,0.8,27.577777777777776,25.9,1.1744444444444446,75.77777777777777,55.3,104.4,12.11111111111111,9.0,31,10,2,20,2020,6949.2,6517.666666666667,5774.0,117.0,114.66666666666669,129.0,4492.6,4075.3333333333335,3764.0,612.4,563.6666666666666,556.0,0.2663736547636154,0.2451021169737749,0.2590924835469345,0.3525190743554093,0.3459868958216476,0.4341085271317829,0.1382382017436208,0.1338024701139354,0.1319709040526498,0.3008032230698126,0.2858713767458001,0.2635658914728682,0.4174927969164687,0.4146151206479557,0.400415656390717,0.6458238044782357,0.626694092978131,0.6518877727745064,0.0170750504057298,0.017869339292711,0.0223415310010391,-0.1403900550841149,266570.0,224057.0,206807.0,174045.0,59763.0,50012.0,0.7758074802115767,0.7767889420995551,4.0,4.0,0.5037959090767081,0.5037959090767081,251706.66666666666,224057.0,34130.0,24984.0,1043.0,0.0,2.0,0.0,0.0,0.0,4030.74,0.0,0.0,0.0,0.0,0.0,100324.0,2002125.0,0.04790959605419242,76.0,1.0
2021-11-01,2021,11,14.26037037037037,31.9,1.3,23.366666666666667,23.044444444444444,0.2255555555555556,61.44444444444444,50.9,101.2,10.444444444444445,9.0,30,8,1,21,2020,7125.2,6708.0,6015.0,112.4,115.66666666666669,121.0,4719.4,4365.333333333333,4045.0,644.6,606.3333333333334,613.0,0.2731326549376375,0.2743036793519516,0.284455527847049,0.3461522009911242,0.3405876951331497,0.3884297520661157,0.1473827543897031,0.1467319010343011,0.1486284289276808,0.3500128629828541,0.3348573144027689,0.2975206611570248,0.413635002559315,0.4128072025754468,0.4044887780548628,0.6627996008086334,0.6518571191346031,0.6724854530340815,0.0160155959913391,0.0173882726005958,0.0201163757273482,-0.1452323433281227,271069.3333333333,224057.0,209013.33333333334,174045.0,62056.0,50012.0,0.7712218684221829,0.7767889420995551,4.0,4.0,0.5037959090767081,0.5037959090767081,267613.44444444444,224057.0,34130.0,24984.0,1669.0,0.0,2.0,0.0,0.0,0.0,5666.36,0.0,0.0,0.0,0.0,0.0,100324.0,2002125.0,0.04790959605419242,76.0,1.0
2021-12-01,2021,12,16.45878136200717,32.3,3.0,18.544444444444444,18.544444444444444,0.0,49.22222222222222,56.9,103.0,9.444444444444445,9.0,31,8,2,22,2020,7796.8,7588.666666666667,6987.0,138.0,139.0,136.0,5171.4,5032.666666666667,4418.0,722.4,703.3333333333334,654.0,0.2878155259995788,0.2747318027720254,0.2166881351080578,0.4144148970679525,0.4187883358471594,0.3676470588235294,0.1568192698814697,0.1539243644202973,0.1353943037068842,0.3116263660096877,0.3100080442433383,0.2205882352941176,0.3971042877225007,0.396128424592209,0.4086160011449835,0.6623577157973397,0.6620091376938516,0.6323171604408186,0.017827579495567,0.018361143196084,0.0194647201946472,-0.113999492772001,275568.6666666667,224057.0,211219.66666666666,174045.0,64349.0,50012.0,0.766636256632789,0.7767889420995551,4.0,4.0,0.5037959090767081,0.5037959090767081,271069.3333333333,224057.0,34130.0,24984.0,1509.0,0.0,2.0,0.0,0.0,0.0,7145.18,0.0,0.0,0.0,0.0,0.0,100324.0,2002125.0,0.04790959605419242,76.0,1.0
2022-01-01,2022,1,17.07706093189964,32.3,3.1,32.68888888888889,32.544444444444444,0.1011111111111111,57.77777777777778,56.9,105.5,8.444444444444445,9.0,31,10,1,21,2020,7436.8,7348.0,7326.0,155.2,159.66666666666666,158.0,5319.4,5119.0,5158.0,757.6,719.6666666666666,716.0,0.2658450024511643,0.2492168666938927,0.2493857493857494,0.3342608559822676,0.3486319277264373,0.3481012658227848,0.1750232565165444,0.174080446394826,0.1747201747201747,0.3469877196562143,0.3575884652222308,0.3734177215189873,0.3900956166919037,0.390861194306658,0.386022386022386,0.7148085675245343,0.6963404452537537,0.704067704067704,0.0208929662686598,0.0217451127951468,0.0215670215670215,0.022470341939986,280068.0,224057.0,213426.0,174045.0,66642.0,50012.0,0.7620506448433951,0.7767889420995551,4.0,4.0,0.5037959090767081,0.5037959090767081,275568.6666666667,224057.0,34130.0,24984.0,2516.0,0.0,2.0,0.0,0.0,0.0,9610.86,0.0,0.0,0.0,0.0,0.0,100324.0,2002125.0,0.04790959605419242,76.0,1.0
2022-02-01,2022,2,17.331746031746032,32.8,2.8,22.4,22.4,0.0,50.66666666666666,61.8,114.5,8.11111111111111,9.0,28,8,0,20,2020,6936.0,6778.666666666667,6775.0,138.6,141.66666666666666,166.0,5199.2,4964.666666666667,4937.0,727.6,704.3333333333334,720.0,0.2992080470572119,0.3039527759685896,0.3287084870848708,0.3756721895951281,0.4021059790743175,0.4879518072289157,0.1718292840783947,0.1701906355003364,0.1734317343173431,0.3441973557182931,0.3408366920275017,0.3734939759036144,0.3815923707364745,0.3817417683687778,0.3709225092250922,0.7485992139875005,0.7324406744097326,0.7287084870848709,0.0200037538051311,0.0208998552421631,0.0245018450184501,-0.0042621987066431,305167.0,270489.0,236981.0,213527.0,68186.0,56962.0,0.7765616858965747,0.7894110296537012,4.0,4.0,0.5037959090767081,0.5037959090767081,286934.55555555556,247273.0,34130.0,24492.0,2377.0,407.0,3.0,2.0,0.0,0.0166176710762698,11940.32,398.86,0.0,0.0,0.0,0.0,100324.0,2002125.0,0.04790959605419242,76.0,1.0
2022-03-01,2022,3,15.702867383512547,31.2,2.3,37.91111111111112,37.91111111111112,0.0,62.888888888888886,50.8,93.6,9.11111111111111,9.0,31,8,0,23,2020,7674.2,7445.666666666667,5939.0,134.4,136.33333333333334,154.0,5057.6,4821.0,3779.0,720.6,683.6666666666666,593.0,0.2749264094320111,0.2748575362850496,0.2675534601784812,0.3661170189082033,0.4086216049402456,0.3506493506493506,0.1385948641653263,0.1415793940294308,0.1347028119211988,0.2994095566257595,0.3029980566917281,0.2662337662337662,0.4257693992773014,0.4206665326182836,0.4071392490318235,0.6580134791975081,0.6464627166588138,0.636302407812763,0.0179723011854055,0.0190105483728226,0.0259302912948307,-0.2756433711428223,336936.0,231958.0,280303.0,161324.0,56633.0,70634.0,0.8319176342094641,0.6954879762715664,4.0,4.0,0.5037959090767081,0.5037959090767081,307390.3333333333,242168.0,34130.0,24492.0,0.0,306.0,0.0,1.0,0.0,0.0166176710762698,11940.32,698.74,0.0,0.0,0.0,0.0,100324.0,2002125.0,0.04790959605419242,76.0,1.0
2022-04-01,2022,4,13.067777777777778,29.4,-0.8,80.34444444444445,80.22222222222223,0.0855555555555555,92.0,50.3,100.4,10.22222222222222,9.0,30,9,2,20,2020,6985.6,6379.666666666667,3757.0,127.4,121.66666666666669,97.0,4521.2,4078.6666666666665,2365.0,627.4,565.3333333333334,387.0,0.2635529648435596,0.2475102657427438,0.2422145328719723,0.3624354579952175,0.3614120378351664,0.3608247422680412,0.1260193175781497,0.1176105053867639,0.0883683790258184,0.2501762258535797,0.2429407685794956,0.1855670103092783,0.4294416153674783,0.4273284236734365,0.4048442906574394,0.6453255759167016,0.63764777576211,0.6294916156507852,0.0190267869525991,0.0202212881445936,0.0258184721852541,-0.5112527644074412,323350.0,186899.0,258674.0,123950.0,64676.0,62949.0,0.7999814442554507,0.663192419435096,4.0,4.0,0.19542754049148026,0.5037959090767081,321817.6666666667,229782.0,34130.0,24492.0,879.0,68.0,3.0,1.0,0.0,0.0166176710762698,12402.88,765.38,382.58,0.0,0.0,0.0,100324.0,2002125.0,0.04790959605419242,76.0,1.0
2022-05-01,2022,5,11.329032258064515,24.6,-3.3,45.28888888888888,44.93333333333334,0.2488888888888889,64.33333333333333,49.5,93.6,8.333333333333334,9.0,31,9,2,22,2020,7334.8,6804.666666666667,4101.0,125.6,124.33333333333331,109.0,4675.8,4214.666666666667,2436.0,665.0,615.3333333333334,412.0,0.2730796153264258,0.2649610552194207,0.3069982930992441,0.3464815728439491,0.3658141043462145,0.3853211009174312,0.1293549931968369,0.1230382055283466,0.0987564008778346,0.2226272125831018,0.2063061810768232,0.2477064220183486,0.4367937228457759,0.4278360936751975,0.4011216776396001,0.6333446493570708,0.6151806594767354,0.5940014630577908,0.0180657154043444,0.0196486917108403,0.0265788831992197,-0.4989002932551319,282008.0,216459.0,209082.0,159662.0,72926.0,56797.0,0.7414044991631443,0.7376085078467516,4.0,4.0,0.21577182076065493,0.5037959090767081,314098.0,211772.0,41467.0,34130.0,1108.0,0.0,2.0,0.0,0.0267200424433887,0.0,13188.84,765.38,670.22,0.0,0.0,0.0,100324.0,2002125.0,0.04790959605419242,76.0,1.0
2022-06-01,2022,6,10.124444444444444,21.0,-3.7,108.95555555555556,107.88888888888889,0.7466666666666666,125.11111111111111,51.2,109.4,13.444444444444445,9.0,30,8,3,19,2020,7189.4,6566.333333333333,4045.0,135.2,134.0,117.0,4538.2,4114.333333333333,2495.0,609.2,544.6666666666666,367.0,0.2865410110433489,0.2803399197134874,0.2425216316440049,0.3566568448147395,0.3513993316624895,0.3333333333333333,0.1335034096839941,0.1302436589696541,0.0981458590852904,0.245566879777406,0.2691022427864533,0.1794871794871795,0.4428456115960515,0.4396665114107537,0.4316440049443757,0.6300648310782601,0.6250644046146568,0.6168108776266996,0.0198241799118437,0.0217690162058299,0.0289245982694684,-0.4915147705845381,256985.0,223349.0,193716.0,164538.0,63269.0,58811.0,0.7538027511333346,0.7366856354852719,4.0,4.0,0.37499398070615686,0.5037959090767081,287447.6666666667,208902.33333333334,41467.0,34130.0,1262.0,977.0,2.0,2.0,0.0267200424433887,0.0,14358.96,1722.84,734.14,0.0,0.0,0.0,100324.0,2002125.0,0.04790959605419242,76.0,1.0
2022-07-01,2022,7,9.303942652329749,19.8,-6.3,152.2888888888889,148.0666666666667,2.9711111111111115,154.77777777777777,62.6,126.0,14.0,9.0,31,10,1,21,2021,6847.0,6362.333333333333,7402.0,133.2,138.33333333333334,177.0,4358.4,3997.0,4752.0,613.4,577.6666666666666,704.0,0.2735379368549017,0.251968445968419,0.2696568495001351,0.3575379710446922,0.3562840173009665,0.3728813559322034,0.1316755906630002,0.118792116828349,0.1290191840043231,0.2711142751595286,0.264862659535783,0.2372881355932203,0.4265126347129814,0.428970901806412,0.4269116455012159,0.6298928684167231,0.6187655167067502,0.6419886517157525,0.0197144482395842,0.0217591808317995,0.0239124560929478,0.7720852286329902,245347.0,265201.0,183338.0,203225.0,62009.0,61976.0,0.7472600031791707,0.7663055569172061,4.0,4.0,0.13345714430908395,0.5037959090767081,261446.66666666666,235003.0,41467.0,34130.0,1278.0,1312.0,2.0,2.0,0.0267200424433887,0.0,15611.4,3008.6000000000004,734.14,0.0,0.0,0.0,100324.0,2002125.0,0.04790959605419242,76.0,1.0
2022-08-01,2022,8,9.925448028673834,26.5,-2.6,71.52222222222223,68.62222222222222,2.0377777777777784,106.33333333333331,54.7,102.6,12.444444444444445,9.0,31,8,1,22,2021,7013.2,6618.0,7439.0,126.6,129.33333333333334,158.0,4286.2,4067.3333333333335,4570.0,603.8,614.3333333333334,726.0,0.2778850561093882,0.2883280751518233,0.2878075010082,0.3621297012410936,0.3777717242907116,0.3037974683544304,0.1310188127425957,0.1277785545920814,0.1392660303804274,0.2339056181511877,0.1997315858075351,0.2151898734177215,0.4313153872058038,0.42621635538965,0.4191423578437962,0.6139771088177842,0.6185849310048036,0.6143298830487969,0.0183356282934574,0.0197913954693107,0.0212394138997177,0.5388911874224245,215642.0,266570.0,162529.0,206807.0,53113.0,59763.0,0.7536982591517423,0.7758074802115767,4.0,4.0,-0.034506534616228435,0.5037959090767081,239324.66666666666,251706.66666666666,41467.0,34130.0,1337.0,1043.0,3.0,2.0,0.0267200424433887,0.0,15964.2,4030.74,1652.52,0.0,0.0,0.0,100324.0,2002125.0,0.04790959605419242,76.0,1.0
2022-09-01,2022,9,10.721111111111112,25.9,-0.9,42.24444444444444,42.144444444444446,0.0777777777777777,79.88888888888889,52.7,99.7,11.11111111111111,9.0,30,8,3,21,2021,6704.6,6473.333333333333,7183.0,116.0,117.0,141.0,4186.4,4049.3333333333335,4690.0,586.4,602.6666666666666,725.0,0.2971711690445723,0.2603791808308626,0.2661840456633718,0.3718427146693698,0.3482328921596702,0.4184397163120567,0.1467856987749094,0.1370816073336264,0.1428372546289851,0.2970668340549711,0.291979228135927,0.2482269503546099,0.4077370924811836,0.4103140403356102,0.4123625226228595,0.6253989151988252,0.627884392302313,0.6529305304190449,0.017510373598268,0.0183543903710365,0.0196296811917026,0.4432388989351015,224130.0,271069.3333333333,178786.0,209013.33333333334,45344.0,62056.0,0.7976888412974613,0.7712218684221829,4.0,4.0,-0.15486744016802345,0.5037959090767081,228373.0,267613.44444444444,41467.0,34130.0,0.0,1669.0,0.0,2.0,0.0267200424433887,0.0,14678.44,5666.36,2885.8,0.0,0.0,0.0,100324.0,2002125.0,0.04790959605419242,76.0,1.0
2022-10-01,2022,10,12.311827956989248,29.2,-0.6,48.96666666666667,48.78888888888889,0.1244444444444444,85.77777777777777,56.6,104.4,11.555555555555555,9.0,31,10,2,19,2021,7021.2,6753.333333333333,7769.0,118.4,124.33333333333331,131.0,4444.4,4285.0,4973.0,631.8,623.6666666666666,782.0,0.2655824979219321,0.2713733911804695,0.3230789033337624,0.3644003843775713,0.420975669957256,0.5190839694656488,0.1404405827818327,0.1394310763123837,0.1594799845539966,0.2956567074332699,0.2954258346612819,0.3129770992366412,0.4146471729166442,0.404719275941944,0.3983781696486034,0.6330976896468568,0.6350224021317907,0.6401081220234265,0.0171001474683502,0.0186754681466888,0.0168618869867421,0.3455143747835123,227272.0,275568.6666666667,171163.0,211219.66666666666,56109.0,64349.0,0.753119609982752,0.766636256632789,4.0,4.0,-0.14742094009078288,0.5037959090767081,222348.0,271069.3333333333,41467.0,34130.0,0.0,1509.0,0.0,2.0,0.0267200424433887,0.0,13656.3,7145.18,3866.2199999999993,0.0,0.0,0.0,100324.0,2002125.0,0.04790959605419242,76.0,1.0
2022-11-01,2022,11,15.060740740740744,32.3,2.4,23.344444444444445,23.344444444444445,0.0,62.333333333333336,57.8,107.6,9.77777777777778,9.0,30,8,1,21,2021,7223.4,6940.333333333333,7769.0,120.2,134.0,151.0,4699.2,4575.0,5059.0,665.0,689.3333333333334,807.0,0.2754270273652269,0.2782505787648054,0.2657999742566611,0.3396834214263181,0.3288143323664094,0.2980132450331126,0.1498990755710698,0.1500625486442961,0.1597374179431072,0.3461339604284549,0.3502178736375003,0.3377483443708609,0.412157264870356,0.4092442873403409,0.4068734714892522,0.6512379553275178,0.6601116960032228,0.6511777577551808,0.0168250715491566,0.0193421260153837,0.0194362208778478,0.2916043225270157,255429.0,280068.0,195664.0,213426.0,59765.0,66642.0,0.7660210860943746,0.7620506448433951,4.0,4.0,-0.05769864536502345,0.5037959090767081,235610.33333333334,275568.6666666667,41467.0,34130.0,0.0,2516.0,0.0,2.0,0.0267200424433887,0.0,12020.68,9610.86,5435.08,0.0,0.0,0.0,100324.0,2002125.0,0.04790959605419242,76.0,1.0
2022-12-01,2022,12,17.04121863799283,36.0,2.8,30.11111111111111,30.08888888888889,0.0155555555555555,64.33333333333333,63.0,115.6,9.22222222222222,9.0,31,9,2,21,2021,7900.4,7653.666666666667,8088.0,143.6,157.0,179.0,5207.8,5002.0,5141.0,753.6,739.3333333333334,816.0,0.2853162152474428,0.256053098996265,0.2579129574678536,0.3975959248529243,0.3875779075417589,0.3463687150837989,0.1582073432148292,0.1535211286593036,0.166913946587537,0.3104942486542547,0.3233264799975283,0.3519553072625698,0.3958568274865493,0.3964451452763646,0.3923095944609298,0.6584671500653064,0.6528893082189372,0.6356330365974283,0.0182644581108517,0.0204593883576621,0.022131552917903,0.1575783598110778,265694.0,305167.0,209479.0,236981.0,56215.0,68186.0,0.7884220193154531,0.7765616858965747,4.0,4.0,-0.03583377887665029,0.5037959090767081,249465.0,286934.55555555556,41467.0,34130.0,0.0,2377.0,0.0,3.0,0.0267200424433887,0.0,10541.86,11940.32,6853.539999999999,0.0,0.0,0.0,100324.0,2002125.0,0.04790959605419242,76.0,1.0
2023-01-01,2023,1,17.55412186379928,34.0,4.8,18.75555555555556,18.75555555555556,0.0,44.333333333333336,55.7,101.9,8.444444444444445,9.0,31,9,1,21,2021,7139.8,6848.0,6053.0,149.2,145.0,114.0,4999.6,4725.333333333333,4188.0,711.8,672.0,618.0,0.2545727468555603,0.2485013255015592,0.2425243680819428,0.3154743062746653,0.3378613303469125,0.3157894736842105,0.1607202506591576,0.1537157022248991,0.1090368412357508,0.3295169594222962,0.3182443242791559,0.2807017543859649,0.3963975949237223,0.3975582705261655,0.4151660333718817,0.6996441778976964,0.6900220940362288,0.691888319841401,0.020839051431222,0.0210500448009799,0.0188336362134478,-0.1737646737646737,259549.0,280496.5,200235.0,227174.0,59314.0,53322.5,0.7714728240139627,0.8043532881545096,4.0,4.0,-0.07326435008640764,0.5037959090767081,260224.0,265723.6666666666,31708.0,24984.0,0.0,0.0,0.0,0.0,0.0,0.0,8076.18,5970.16,9218.58,0.0,0.0,0.0,100324.0,2002125.0,0.04790959605419242,76.0,1.0
2023-02-01,2023,2,18.33293650793651,36.3,3.3,17.811111111111114,17.766666666666666,0.0311111111111111,41.55555555555556,68.3,123.5,5.777777777777778,9.0,28,8,0,20,2021,6522.8,6293.666666666667,5302.0,133.8,138.66666666666666,120.0,4720.4,4469.0,3609.0,669.6,634.0,527.0,0.2919330999022859,0.2867713258474556,0.2410411165597887,0.3590055229284615,0.3562403459993821,0.25,0.1626878644760157,0.1553294154432752,0.1235382874387023,0.3319751334960709,0.3029167953866749,0.2583333333333333,0.3853879699633658,0.3864105601816225,0.4045643153526971,0.7217886379280699,0.7079425690411362,0.6806865333836288,0.0206215527550695,0.0220804072349356,0.0226329686910599,-0.2174169741697417,288722.0,296919.5,228837.0,236100.5,59885.0,60819.0,0.7925859477282645,0.794696236954576,4.0,4.0,-0.05388852661002008,0.19542754049148026,271321.6666666667,284545.3333333334,31708.0,24492.0,0.0,643.0,0.0,2.5,0.0,0.0166176710762698,5746.719999999999,6400.87,11452.96,191.29,0.0,0.0,100324.0,2002125.0,0.04790959605419242,76.0,1.0
2023-03-01,2023,3,16.967025089605734,33.4,1.1,34.855555555555554,34.84444444444445,0.0077777777777777,57.11111111111112,55.6,100.8,8.777777777777779,9.0,31,8,0,23,2021,7252.8,6661.666666666667,5847.0,132.4,139.33333333333334,133.0,4675.2,4229.0,3674.0,667.2,620.6666666666666,542.0,0.2633982919027889,0.2462657386101736,0.1763297417479049,0.370323338903997,0.3825281454851563,0.3007518796992481,0.1361448865941897,0.131267199420524,0.1174961518727552,0.2945933202305757,0.2833723795957624,0.2556390977443609,0.4217620660216337,0.4197278296645868,0.4174790490850008,0.6432271322364309,0.634343120967131,0.6283564220968018,0.0189259675960679,0.0215515190823325,0.0227467077133572,-0.0154908233709378,356893.0,256983.0,298087.0,185203.0,58806.0,71780.0,0.8352279254566495,0.7184462377173554,4.0,4.0,0.05923083315525801,0.21577182076065493,301721.3333333333,278133.0,31708.0,41467.0,0.0,707.0,0.0,1.5,0.0,0.0267200424433887,5746.719999999999,6943.79,11452.96,335.11,0.0,0.0,100324.0,2002125.0,0.04790959605419242,76.0,1.0
2023-04-01,2023,4,14.763333333333334,31.7,-0.8,65.93333333333334,64.94444444444444,0.6922222222222223,82.44444444444444,57.2,102.2,10.22222222222222,9.0,30,10,2,19,2021,6368.0,5473.0,4975.0,120.2,109.0,100.0,4103.2,3503.0,3185.0,594.2,522.3333333333334,545.0,0.249468537996438,0.2285767852582332,0.2018090452261306,0.3320825168187469,0.3248902987047317,0.26,0.1194317175415035,0.1073213293789362,0.1031155778894472,0.2321762258535797,0.1972402854877082,0.16,0.434009881477889,0.4382414248935287,0.4598994974874372,0.6425211781371551,0.6382692500384081,0.6402010050251257,0.019673453249481,0.0209435479164875,0.0201005025125628,0.3241948363055629,207251.0,221942.0,170680.0,158833.0,36571.0,63109.0,0.8235424678288645,0.7084975852842152,4.0,4.0,-0.3590505644038967,0.37499398070615686,284288.6666666667,258614.83333333334,31708.0,41467.0,0.0,665.0,0.0,1.5,0.0,0.0267200424433887,4885.3,7562.169999999999,12279.22,367.07,0.0,0.0,100324.0,2002125.0,0.04790959605419242,76.0,1.0
2023-05-01,2023,5,12.628673835125449,25.7,-0.8,75.19999999999999,73.82222222222222,0.9644444444444448,85.33333333333333,57.3,107.3,12.11111111111111,9.0,31,8,2,22,2021,7022.6,6226.333333333333,6394.0,130.0,130.33333333333334,150.0,4399.2,3847.3333333333335,4013.0,639.8,572.0,629.0,0.2689539805733859,0.2685528674628232,0.2625899280575539,0.3412732395106158,0.3557130942452043,0.3333333333333333,0.1220795049218651,0.1114185913051413,0.103534563653425,0.2104188792497685,0.2135789083495505,0.1733333333333333,0.4345791742048536,0.4248305811800712,0.435564591804817,0.6232054730747807,0.6146443114768274,0.6276196434157022,0.0195395122365805,0.0220558029107431,0.0234594932749452,0.5591319190441355,270115.0,230903.0,208427.0,171500.0,61688.0,59403.0,0.7716231975269793,0.7424342555129612,4.0,4.0,-0.042172562480497056,0.13345714430908395,278086.3333333333,236609.3333333333,31708.0,34130.0,0.0,639.0,0.0,1.0,0.0,0.0,3799.46,8188.389999999999,13320.74,367.07,0.0,0.0,100324.0,2002125.0,0.04790959605419242,76.0,1.0
2023-06-01,2023,6,11.518148148148148,23.5,-2.8,126.24444444444444,120.65555555555557,3.92,127.44444444444444,53.3,97.9,14.0,9.0,30,8,3,19,2021,6910.4,6176.666666666667,6530.0,132.4,134.33333333333334,134.0,4298.0,3844.0,4074.0,599.0,560.3333333333334,682.0,0.2810004001284258,0.2610743693589369,0.2275650842266462,0.3559710844274866,0.3430762852404643,0.3208955223880597,0.1286853846502986,0.1230771322348455,0.113323124042879,0.2643042738879345,0.2659039485433829,0.2761194029850746,0.4389973403316614,0.4322293967082019,0.4304747320061255,0.6217197506197115,0.6215283222518461,0.6238897396630935,0.0201932989016071,0.0228509172184114,0.0205206738131699,0.6143386897404202,261943.0,219495.5,205250.0,163533.5,56693.0,55962.0,0.7835674173388867,0.7451919473185071,4.0,4.0,0.01929295484172222,-0.034506534616228435,246436.33333333334,224113.5,31708.0,34130.0,0.0,1157.0,0.0,2.5,0.0,0.0,2562.7,8843.52,14507.02,826.26,0.0,0.0,100324.0,2002125.0,0.04790959605419242,76.0,1.0
2023-07-01,2023,7,10.7584229390681,22.4,-6.8,90.73333333333332,87.98888888888888,1.9288888888888889,107.88888888888889,51.0,95.8,11.333333333333334,9.0,31,10,1,21,2022,6680.8,6209.0,7048.0,137.8,135.66666666666666,139.0,4168.6,3779.0,4230.0,611.0,588.6666666666666,682.0,0.2720680998667095,0.2703430197110238,0.3105845629965947,0.369730975262008,0.3890577982761862,0.4316546762589928,0.1346368092876607,0.1301468357499342,0.1668558456299659,0.2582514619618109,0.235155812768299,0.237410071942446,0.4252194119779103,0.4230020636232638,0.4164301929625426,0.6184635369519851,0.6019868947963793,0.6001702610669694,0.020714293515731,0.0218067779364442,0.01972190692395,-0.0478249121858956,231173.0,244665.5,178577.0,191005.5,52596.0,53660.0,0.7707800310797865,0.7819971991073338,4.0,4.0,-0.057771238286997595,-0.15486744016802345,254410.33333333334,231688.0,31708.0,34130.0,0.0,656.0,0.0,1.0,0.0,0.0,1310.26,8843.52,15708.34,1442.9,0.0,0.0,100324.0,2002125.0,0.04790959605419242,76.0,1.0
2023-08-01,2023,8,11.289247311827957,25.0,-3.9,137.74444444444444,134.60000000000002,2.2088888888888887,140.44444444444446,50.6,87.8,13.666666666666666,9.0,31,8,1,22,2022,6836.0,6443.333333333333,7057.0,131.2,135.0,143.0,4158.8,3939.6666666666665,4118.0,615.6,637.6666666666666,681.0,0.2758973604063834,0.286576276768559,0.2732039110103443,0.3737847128961053,0.3760327225517099,0.3916083916083916,0.1342057966074222,0.1296790345570123,0.1473714042794388,0.2479732172187868,0.232569118645068,0.3286713286713286,0.4301707144790848,0.4216900999999271,0.4295026215105569,0.6109558623003122,0.6151892425613226,0.5835340796372396,0.0193668135213648,0.0210057519604655,0.0202635680884228,-0.0513509880360263,200403.0,246921.0,151904.0,188985.0,48499.0,57936.0,0.7579926448206863,0.7644635450971644,4.0,4.0,-0.07066805167824453,-0.14742094009078288,231173.0,237027.3333333333,31708.0,34130.0,0.0,521.5,0.0,1.0,0.0,0.0,0.0,8843.52,16965.12,1933.1099999999997,0.0,0.0,100324.0,2002125.0,0.04790959605419242,76.0,2.0
2023-09-01,2023,9,11.68,24.1,-2.9,89.62222222222222,88.55555555555556,0.7466666666666666,119.44444444444444,57.2,99.7,13.555555555555555,9.0,30,9,2,19,2022,6596.0,6335.333333333333,6846.0,121.6,130.33333333333334,147.0,4050.2,4001.3333333333335,4094.0,593.6,637.3333333333334,661.0,0.274067505344748,0.255150614392034,0.2659947414548642,0.3751240271943797,0.3551415746357759,0.3945578231292517,0.1464135535734,0.1376192923665708,0.1514753140520011,0.3322809196892248,0.3113489698020639,0.3945578231292517,0.4068341585062066,0.409751527307955,0.4100204498977505,0.6157554261504508,0.6326400196457819,0.598013438504236,0.0185838479304497,0.0205990905800424,0.0214723926380368,-0.0469163302241403,243102.0,263249.1666666666,186400.0,202338.6666666667,56702.0,60910.5,0.7667563409597618,0.7686214772582787,4.0,4.0,0.08464730290456424,-0.05769864536502345,224892.66666666666,251611.88888888888,23051.0,34130.0,0.0,834.5,0.0,1.0,0.0,0.0,0.0,8843.52,16965.12,2717.54,0.0,0.0,100324.0,2002125.0,0.04790959605419242,76.0,3.0
2023-10-01,2023,10,12.68637992831541,26.1,-0.6,37.333333333333336,35.400000000000006,1.3533333333333333,71.66666666666667,66.0,118.8,9.333333333333334,9.0,31,9,2,20,2022,6836.6,6801.333333333333,6861.0,119.8,128.0,124.0,4284.8,4320.666666666667,4225.0,634.8,679.6666666666666,701.0,0.2782854169784041,0.3050710725058768,0.3330418306369334,0.4017315120312796,0.468268466607746,0.4516129032258064,0.1429018631797144,0.1483576032031386,0.1536219210027692,0.2921827620238406,0.2889551904515569,0.2903225806451613,0.4114646742531975,0.4046312219042791,0.415099839673517,0.6271979694205392,0.6359317803142699,0.6157994461448768,0.0177086144083343,0.0190921950548592,0.0180731671767963,-0.1168747586561976,218946.0,270631.3333333334,164120.0,210349.3333333333,54826.0,60282.0,0.7495912234066847,0.777529137974121,4.0,4.0,-0.03663451723045519,-0.03583377887665029,220817.0,260267.16666666666,28314.0,34130.0,1275.0,754.5,4.0,1.0,0.0450307268489086,0.0,1249.5,8843.52,16965.12,3426.7699999999995,0.0,0.0,100324.0,2002125.0,0.04790959605419242,76.0,4.0
2023-11-01,2023,11,13.801111111111112,30.9,0.2,51.55555555555556,50.24444444444444,0.917777777777778,90.0,56.4,103.3,11.88888888888889,9.0,30,8,1,21,2022,6885.6,6773.0,6535.0,126.0,134.66666666666666,132.0,4431.4,4368.666666666667,4002.0,654.2,688.3333333333334,645.0,0.2685149645130005,0.2680397707853989,0.2538638102524866,0.3715310236622698,0.4081072616593387,0.5378787878787878,0.1506828751655907,0.1539490338842438,0.1534812547819433,0.3321004211521972,0.3178169412365679,0.3181818181818182,0.4135884726143503,0.4113365111334247,0.4226472838561591,0.6438287824809181,0.6453526693449544,0.6123947972456006,0.0183599935048635,0.0199171751499595,0.0201989288446824,-0.1588364010812202,228684.0,269808.5,172916.0,206830.5,55768.0,62978.0,0.7561351034615452,0.7667617344286789,4.0,4.0,-0.1047062001573823,-0.07326435008640764,230244.0,267896.3333333334,25503.0,31708.0,1047.0,1258.0,4.0,1.0,0.0410539936478061,0.0,2275.56,8843.52,16965.12,4609.29,0.0,0.0,95921.0,2002125.0,0.04790959605419242,74.0,1.0
2023-12-01,2023,12,15.998924731182797,34.1,2.5,20.8,20.77777777777778,0.0155555555555555,50.44444444444444,58.7,103.3,9.0,9.0,31,10,2,19,2022,7585.4,7382.666666666667,7073.0,145.2,148.33333333333334,130.0,4918.2,4637.0,4352.0,731.2,733.3333333333334,730.0,0.2717588709512155,0.2504290271826863,0.2766859889721476,0.3836236676019785,0.3431334630973146,0.3153846153846154,0.1592168367834848,0.1565684647878053,0.1673971440689947,0.3287035803062093,0.3113606680317163,0.3615384615384615,0.3950588096435526,0.3985082585287066,0.3945991799802064,0.6473916120621928,0.6277492692234092,0.6152976106319807,0.0191189473000434,0.0199920090355373,0.0183797539940619,-0.1254945598417408,257050.0,296944.5,198338.0,232909.0,58712.0,64035.5,0.7715930752771835,0.7845738168124197,4.0,4.0,-0.03253366654873646,-0.05388852661002008,234893.33333333334,279128.1111111111,25503.0,31708.0,1316.0,1188.5,4.0,1.5,0.0410539936478061,0.0,3565.24,8843.52,16965.12,5726.48,0.0,0.0,95921.0,2002125.0,0.04790959605419242,74.0,2.0
2024-01-01,2024,1,18.05913978494624,36.7,3.2,15.133333333333333,15.133333333333333,0.0,44.333333333333336,63.1,110.2,7.444444444444445,9.0,31,8,1,22,2022,7055.4,6853.0,7180.0,154.2,150.0,178.0,4894.4,4757.666666666667,4927.0,709.0,700.6666666666666,768.0,0.2663636844405236,0.2778511905022298,0.3416434540389972,0.3700898603614685,0.3842182614836051,0.4887640449438202,0.1623559146355778,0.1547528029045286,0.1805013927576601,0.3302439918082843,0.3172907616312387,0.297752808988764,0.3954886419213238,0.3969606709030103,0.3896935933147632,0.6934242709534015,0.69405590769115,0.6862116991643454,0.0217720121899726,0.0217305813771481,0.0247910863509749,0.1861886667768049,239563.0,305962.0,180327.0,250811.66666666666,59236.0,55150.333333333336,0.7527331015223553,0.8146448339218896,4.0,4.0,-0.07700280101252555,0.28151337111598307,241765.66666666666,277722.8888888888,25630.0,24984.0,1228.0,0.0,4.0,0.0,0.0479126024190401,0.0,4768.68,5895.68,16965.12,3817.653333333333,0.0,0.0,95921.0,2002125.0,0.04790959605419242,74.0,3.0
2024-02-01,2024,2,18.807279693486592,35.9,3.8,23.177777777777777,23.177777777777777,0.0,47.55555555555556,60.5,106.6,8.333333333333334,9.0,29,8,0,21,2022,6394.4,6137.0,6334.0,138.6,144.66666666666666,148.0,4567.0,4292.666666666667,4332.0,664.6,643.3333333333334,683.0,0.2891526707055523,0.2875378375689545,0.292863909062204,0.3696419658229689,0.3766145663736025,0.3918918918918919,0.1607658341779013,0.1555629995686134,0.1697189769497947,0.334547060261546,0.3412397337096132,0.3918918918918919,0.3863077820014998,0.3857453713754193,0.3817492895484686,0.7123873128381952,0.6977743426822164,0.6839280075781496,0.0217396991790577,0.0235002583957497,0.0233659614777391,0.1946435307431158,283683.5,267030.0,224326.5,214293.66666666666,59357.0,52736.333333333336,0.785644655970388,0.8043116472460055,4.0,4.0,-0.017451042871689748,-0.08181151195620823,260098.83333333334,284459.7777777778,25630.0,24492.0,1281.0,428.6666666666667,4.0,1.6666666666666667,0.0479126024190401,0.0166176710762698,6024.06,5895.68,16965.12,4220.599999999999,0.0,0.0,95921.0,2002125.0,0.04790959605419242,74.0,4.0
2024-03-01,2024,3,16.655913978494624,32.1,0.3,48.62222222222223,48.388888888888886,0.1633333333333333,66.22222222222223,65.5,114.5,9.11111111111111,9.0,31,10,2,20,2022,7271.2,6652.666666666667,8172.0,138.2,145.33333333333334,149.0,4598.6,4103.0,4856.0,671.8,633.6666666666666,766.0,0.2475617721274634,0.2269299039868831,0.2369065100342633,0.3710951509845339,0.3267534302504278,0.3288590604026846,0.1370567542126696,0.1317494669654182,0.1430494371023005,0.298698465644446,0.2835773081269372,0.3288590604026846,0.421823286901431,0.4180853618947091,0.429637787567303,0.6323937504401014,0.6196276700122763,0.5942241801272639,0.0196022687063552,0.022303329902713,0.018232990699951,0.3976398152898923,327804.0,261360.33333333334,268326.0,192944.33333333334,59478.0,68416.0,0.8185562104184207,0.73617189098723,4.0,4.0,-0.08150622175273825,0.08679962914007894,283683.5,278117.44444444444,25117.0,41467.0,1076.0,471.3333333333333,4.0,1.0,0.0428395110881076,0.0267200424433887,7078.54,5895.68,16965.12,4663.653333333333,0.0,0.0,95921.0,2002125.0,0.04790959605419242,74.0,5.0
2024-04-01,2024,4,14.185555555555556,29.6,-0.9,69.16666666666667,68.52222222222221,0.4511111111111112,94.11111111111111,62.2,113.8,10.666666666666666,9.0,30,8,0,22,2022,6418.4,5570.0,7978.0,119.6,110.0,133.0,4043.4,3448.6666666666665,4796.0,603.2,569.0,775.0,0.2444708764878641,0.2406793726943538,0.2780145399849586,0.3515539896183931,0.3447861922848358,0.4135338345864661,0.1194922516001207,0.1109993736220435,0.1415141639508648,0.2514486716740131,0.2379960209802857,0.3684210526315789,0.4388758255992681,0.4390793825444901,0.4524943594885936,0.6308595007064625,0.6236152639655893,0.6011531712208573,0.0194870423539215,0.0208632731736936,0.0166708448232639,0.6036180904522612,340232.0,235275.66666666666,279404.0,174305.33333333334,60828.0,60970.333333333336,0.8212161113593077,0.7335208626357724,4.0,4.0,0.6416422598684686,0.19714346777393954,317239.8333333333,254555.33333333334,22450.0,41467.0,1131.0,443.3333333333333,5.0,1.0,0.0503786191536748,0.0267200424433887,8186.92,5895.679999999999,16582.54,5080.386666666666,345.95,0.0,95921.0,2002125.0,0.04790959605419242,74.0,6.0
2024-05-01,2024,5,10.387096774193548,23.7,-2.3,80.87777777777778,79.80000000000001,0.7544444444444445,97.33333333333331,55.8,103.0,10.88888888888889,9.0,31,8,2,21,2022,6894.4,6053.0,7664.0,138.2,142.33333333333334,168.0,4224.0,3637.3333333333335,4463.0,647.4,601.0,762.0,0.2659309444216601,0.2805899498497607,0.2721816283924843,0.3563932245124905,0.3566149701470802,0.3511904761904761,0.1238095855257723,0.1162299039738854,0.1463987473903966,0.2013075181699034,0.2117751565457987,0.2142857142857142,0.4318625912675433,0.4256421176505746,0.4402400835073068,0.6110989214464259,0.6013180306199047,0.5823329853862212,0.0208652472931842,0.02398634817754,0.0219206680584551,0.1986237097278698,264303.0,230993.0,206989.0,173859.0,57314.0,57134.0,0.7831503993522586,0.7518828473685696,4.0,4.0,-0.021516761379412497,0.03784295301104318,310779.6666666667,242543.0,22450.0,34130.0,1153.0,426.0,5.0,0.6666666666666666,0.0503786191536748,0.0,9316.86,5895.679999999999,16294.899999999998,5480.826666666667,606.05,0.0,91840.0,2179187.0,0.04214415743118879,63.0,1.0
2024-06-01,2024,6,10.535185185185185,22.8,-9.1,209.36666666666667,205.92222222222225,2.418888888888889,168.88888888888889,52.9,95.4,14.333333333333334,9.0,30,10,3,18,2022,6706.2,5959.0,7302.0,138.0,135.0,154.0,4122.4,3588.0,4195.0,599.6,577.0,682.0,0.2666887572245036,0.2449818862086869,0.2648589427554095,0.3399537684101706,0.3263013934655726,0.3246753246753247,0.1327746657121431,0.1237627369123479,0.1598192276088743,0.2881137976974584,0.2709164798717038,0.3571428571428571,0.4343922512208354,0.4282019089387638,0.4224869898657902,0.6147166180911691,0.6050669180795247,0.5745001369487811,0.021383566945732,0.0235117947935463,0.0210901122980005,0.1182235834609495,248159.0,213131.33333333334,190450.0,159657.0,57709.0,53474.333333333336,0.7674515129412998,0.7494588464859002,4.0,4.0,-0.05262213535005711,-0.05258729314723648,284231.3333333333,226466.66666666666,22450.0,34130.0,1230.0,771.3333333333334,5.0,1.6666666666666667,0.0503786191536748,0.0,10522.259999999998,5895.68,16230.98,6205.88,663.85,0.0,91840.0,2179187.0,0.04214415743118879,63.0,2.0
2024-07-01,2024,7,9.171326164874552,23.9,-6.0,35.44444444444444,31.77777777777778,2.566666666666667,63.0,62.0,110.9,7.888888888888889,9.0,31,8,1,22,2023,6547.0,7016.666666666667,6600.0,137.2,149.33333333333334,132.0,3996.8,4248.333333333333,3763.0,596.4,651.0,567.0,0.2793888892712794,0.3035653193170918,0.3304545454545454,0.3728286183596512,0.3893907986091866,0.3636363636363636,0.1354040149805783,0.1498876361407226,0.1537878787878787,0.2745814282917772,0.2718690994815858,0.3409090909090909,0.4268200948278709,0.4246998047404447,0.4307575757575758,0.6053236652677471,0.604103475978079,0.5701515151515152,0.0209998898838697,0.0212114543389659,0.02,-0.0635641316685584,225025.0,244144.33333333334,169476.0,189470.33333333334,55549.0,54674.0,0.7531429841128764,0.7769169130581431,4.0,4.0,-0.026594801295999115,-0.03511006863172961,245829.0,229422.88888888888,23337.0,23051.0,1296.0,437.3333333333333,5.0,0.6666666666666666,0.0555341303509448,0.0,11792.34,5895.68,16230.98,6616.973333333332,663.85,0.0,91840.0,2179187.0,0.04214415743118879,63.0,3.0
2024-08-01,2024,8,9.843727598566309,23.0,-4.9,94.63333333333333,90.82222222222222,2.6755555555555555,107.33333333333331,61.2,110.2,12.0,9.0,31,9,1,21,2023,6708.4,7042.333333333333,6631.0,131.0,141.66666666666666,124.0,3987.4,4101.666666666667,3617.0,612.0,647.6666666666666,536.0,0.2779769426302161,0.2709026629012701,0.2516965766852662,0.3904685838638472,0.3742750716005105,0.4274193548387097,0.1338898678412678,0.1417932352701741,0.138742271150656,0.2355732172187868,0.26462040069635,0.25,0.4319032978737086,0.4333365936811298,0.4513648016890363,0.5969514255633568,0.5811107392837234,0.5454682551651334,0.01966755994768,0.0200676757433951,0.0187000452420449,-0.0603655944452317,152739.0,237596.0,120789.0,180696.66666666666,31950.0,56899.333333333336,0.7908196334924282,0.7595061045336712,4.0,4.0,-0.23784075088696277,-0.09202772866061903,208641.0,231623.88888888888,22567.0,28314.0,727.0,772.6666666666666,4.0,2.0,0.0322151814596534,0.0450307268489086,12504.8,6312.18,15312.6,6943.779999999999,1494.3,0.0,91840.0,2179187.0,0.04214415743118879,63.0,4.0
2024-09-01,2024,9,11.00925925925926,24.9,-2.8,68.38888888888889,66.5,1.3222222222222224,109.33333333333331,61.9,107.6,11.88888888888889,9.0,30,9,2,19,2023,6557.8,6850.666666666667,6523.0,124.0,136.66666666666666,122.0,3979.0,4145.666666666667,3653.0,608.2,652.6666666666666,572.0,0.2645544653744973,0.2692729433477568,0.2756400429250344,0.3649004802495213,0.3994144803602175,0.3852459016393442,0.1434807127846984,0.149665332183866,0.1546834278706116,0.3213122162615049,0.3262834490847845,0.3360655737704918,0.4115284025758265,0.4130208048317205,0.4166794419745516,0.6083370023709058,0.6036541217888785,0.5600183964433543,0.0190477228989338,0.0199350415244207,0.0187030507435229,-0.0471808355243937,235903.0,251727.4444444444,171630.0,192531.11111111112,64273.0,59196.333333333336,0.7275447959542694,0.7644593526593675,4.0,4.0,-0.029613084219792474,-0.08120242276120287,204555.66666666666,244489.25925925924,22567.0,25503.0,1230.0,905.3333333333334,5.0,2.0,0.0322151814596534,0.0410539936478061,13710.2,6654.200000000001,14079.32,7466.733333333333,2609.5,0.0,91840.0,2179187.0,0.04214415743118879,63.0,5.0
2024-10-01,2024,10,13.304301075268818,32.4,-0.7,32.45555555555556,32.41111111111111,0.0311111111111111,74.66666666666667,72.2,127.8,11.0,9.0,31,8,2,22,2023,6693.4,6992.0,6346.0,121.0,121.0,108.0,4126.8,4250.666666666667,3554.0,629.6,686.3333333333334,576.0,0.2853101190833834,0.3118364417364237,0.2793885912385754,0.4429079826195149,0.4902322908971517,0.5,0.1441025383397017,0.1538998157717846,0.148597541758588,0.3093940909998754,0.3245566834173909,0.3703703703703703,0.4096523529136738,0.4108273687970467,0.4190040970690198,0.6161808943277788,0.6053151290889827,0.5600378190986448,0.018223633201406,0.0173178828512352,0.017018594390167,-0.0750619443229849,218215.0,266104.22222222225,157910.0,206345.55555555553,60305.0,59758.666666666664,0.7236441124578971,0.7755504504084753,4.0,4.0,-0.003338722790094395,-0.034183722712693376,202285.66666666666,251809.22222222222,22567.0,25503.0,1166.0,941.6666666666666,5.0,2.0,0.0322151814596534,0.0410539936478061,13603.38,7084.093333333333,14297.4,7939.553333333332,3496.05,0.0,91840.0,2179187.0,0.04214415743118879,63.0,6.0
2024-11-01,2024,11,14.954444444444444,31.6,1.8,46.66666666666666,46.21111111111111,0.3188888888888889,76.77777777777777,47.2,99.4,10.444444444444445,9.0,30,9,1,20,2023,6668.0,6762.666666666667,5984.0,129.2,131.66666666666666,112.0,4201.2,4113.333333333333,3279.0,651.0,664.6666666666666,542.0,0.2681241788280971,0.2572230440342435,0.2520053475935829,0.372721499852746,0.3917259157325382,0.3392857142857143,0.1499450100894904,0.1530916074858903,0.1460561497326203,0.3505528021045781,0.3466195779937502,0.3839285714285714,0.4130639970898749,0.4148201983058679,0.4149398395721925,0.6281382230403587,0.6038445949824353,0.5479612299465241,0.0193883768861881,0.0194505757542124,0.0187165775401069,-0.0843152257077276,234062.0,259726.66666666666,180673.0,197996.0,53389.0,61730.666666666664,0.7719023164802489,0.7620855234599043,4.0,4.0,0.023517167794861127,-0.07513357554946659,229393.33333333334,259186.11111111112,22567.0,28669.0,1041.0,1248.0,5.0,2.0,0.0322151814596534,0.02395630120952005,13597.5,7485.240000000001,13712.72,8727.9,4914.7,0.0,83540.0,2157069.0,0.038728478319423255,60.0,1.0
2024-12-01,2024,12,16.169175627240143,33.9,2.9,17.77777777777778,17.744444444444444,0.0233333333333333,46.11111111111112,42.8,98.3,6.777777777777778,9.0,31,9,2,21,2023,7272.2,7162.666666666667,6327.0,149.0,151.0,144.0,4631.2,4430.333333333333,3798.0,724.4,740.0,674.0,0.2682072427461635,0.2769299580699587,0.2961909277698751,0.3567347787130895,0.3224362953413233,0.3055555555555556,0.1582774229052243,0.1659125583785826,0.163426584479216,0.3371369136395427,0.355886811822566,0.3541666666666667,0.396129423556992,0.3945404254722653,0.3967125019756599,0.6348500060620259,0.6170717140835821,0.6002844950213371,0.0205035041548037,0.0210903028729783,0.0227596017069701,-0.1054715113813091,255698.0,292524.1666666667,188379.0,230048.16666666666,67319.0,62476.0,0.7367245735203247,0.7849307631984092,4.0,4.0,-0.005259677105621474,-0.035669784740854915,235991.66666666666,272785.01851851854,22567.0,28669.0,1392.0,1219.3333333333333,6.0,2.3333333333333335,0.0322151814596534,0.02395630120952005,13671.98,7903.700000000001,13531.3,9472.693333333333,6197.35,0.0,83540.0,2157069.0,0.038728478319423255,60.0,2.0
2025-01-01,2025,1,18.137275985663084,33.4,4.7,20.622222222222224,20.355555555555554,0.1866666666666666,44.888888888888886,46.7,97.6,7.555555555555555,9.0,31,8,1,22,2023,6814.0,6526.333333333333,6346.0,151.0,144.66666666666666,142.0,4673.8,4460.333333333333,4266.0,705.8,710.3333333333334,745.0,0.2777824643627532,0.2953109044636772,0.3017648912700914,0.3934273536757848,0.4231140836741323,0.4647887323943662,0.1660857667002124,0.1594395226873719,0.1887803340687047,0.3279619450976406,0.3219261690122335,0.3873239436619718,0.3944125401025095,0.3981846407686442,0.3896942956192877,0.6857024919369259,0.683444832472448,0.6722344784115979,0.0220635041570861,0.0220003408653129,0.0223763000315159,-0.1161559888579387,272667.0,340544.3333333333,207122.0,282238.6666666667,65545.0,58305.666666666664,0.7596152082943664,0.8285672566948449,4.0,4.0,0.13818494508751344,0.16050684015974262,254142.33333333334,297598.3888888889,22567.0,25117.0,1054.0,358.6666666666667,5.0,1.3333333333333333,0.0322151814596534,0.0428395110881076,13501.46,8255.193333333335,12320.58,9472.693333333333,8335.95,0.0,83540.0,2157069.0,0.038728478319423255,60.0,3.0
2025-02-01,2025,2,18.13373015873016,35.2,3.7,18.766666666666666,18.744444444444444,0.0155555555555555,49.77777777777778,57.4,117.7,7.333333333333333,9.0,28,8,0,20,2023,6205.8,5816.666666666667,5814.0,143.0,139.66666666666666,151.0,4307.4,3913.0,3798.0,645.4,617.3333333333334,642.0,0.2887367125118326,0.274803567192195,0.2905056759545923,0.3596722548521798,0.3265467454209176,0.3377483443708609,0.1624699620277851,0.1566332837492674,0.1766425868593051,0.3316516344183303,0.3359470397549868,0.3576158940397351,0.3840475872075217,0.388523523615146,0.3792569659442724,0.6922012977390732,0.6726217716518622,0.653250773993808,0.0231157950816416,0.0239902407981537,0.0259717922256621,-0.0820966214082727,279654.0,290277.6666666667,219218.0,236252.66666666666,60436.0,54025.0,0.7838900927574789,0.8149133411478743,4.0,4.0,-0.014204209973438742,0.15933974531868403,269339.6666666667,307782.05555555556,13850.0,22450.0,1533.0,670.0,6.0,2.6666666666666665,0.1106859205776173,0.0503786191536748,13748.419999999998,8491.699999999999,11290.34,9748.113333333333,10356.4,115.31666666666666,83540.0,2157069.0,0.038728478319423255,60.0,4.0
2025-03-01,2025,3,16.69068100358423,33.4,1.8,36.333333333333336,36.32222222222222,0.0077777777777777,56.66666666666666,50.9,103.7,8.222222222222221,9.0,31,10,0,21,2023,7099.8,7120.333333333333,7342.0,142.8,143.0,147.0,4362.2,4266.0,4268.0,667.0,671.6666666666666,707.0,0.242103425641494,0.2160165513749513,0.2348134023426859,0.3592342776029232,0.3164462770861317,0.3197278911564626,0.1354007164707587,0.1335660453216589,0.140152546989921,0.3065435391577222,0.3127465515818949,0.3537414965986394,0.4233540128714608,0.4250218748161815,0.4279487877962408,0.6157133073526668,0.601297865319581,0.5813129937346772,0.020581868074816,0.0203338302801466,0.0200217924271315,-0.1015663240332843,313127.5,272142.0,253269.0,208166.0,59858.5,63976.0,0.8064274050562966,0.7653926986807941,4.0,4.0,-0.04477218093738944,0.05069416563358179,288482.8333333333,300988.0,27617.0,41467.0,1697.0,753.6666666666666,7.0,2.3333333333333335,0.0614476590505847,0.0267200424433887,14357.0,8768.386666666667,12301.78,10095.286666666665,10356.4,202.01666666666665,83540.0,2157069.0,0.038728478319423255,60.0,5.0
2025-04-01,2025,4,14.027407407407408,27.7,1.2,58.21111111111111,58.18888888888888,0.0155555555555555,68.22222222222223,49.1,97.9,8.333333333333334,9.0,30,8,2,21,2023,6213.6,6541.333333333333,6671.0,126.4,135.0,172.0,3838.8,3956.6666666666665,3889.0,600.0,659.3333333333334,658.0,0.2554981921634741,0.2645232167562672,0.3137460650577124,0.3822921089308299,0.3989298828466515,0.5232558139534884,0.122706123596968,0.1315607359124929,0.1500524658971668,0.2676097771677779,0.302109343125255,0.377906976744186,0.4410767653587948,0.4501863498669415,0.4381651926247938,0.6197863980282716,0.6081084150170866,0.5829710688052766,0.0210569458932291,0.0208515294097486,0.0257832408934192,-0.1638255201804963,346601.0,255695.66666666666,287320.0,196472.0,59281.0,59223.666666666664,0.8289647173551143,0.768273893804507,4.0,4.0,0.018719579580991796,0.11388826673260732,313127.5,272705.11111111107,27617.0,41467.0,1627.0,830.6666666666666,7.0,2.3333333333333335,0.0589129883767244,0.0267200424433887,14843.079999999998,9147.973333333333,12538.66,10490.713333333333,11103.55,221.28333333333333,83540.0,2157069.0,0.038728478319423255,60.0,6.0
2025-05-01,2025,5,11.959498207885304,23.9,-2.0,94.07777777777778,92.61111111111111,1.0266666666666666,95.44444444444444,65.3,127.1,10.444444444444445,9.0,31,9,2,20,2023,6663.8,7011.333333333333,6976.0,139.0,151.33333333333334,136.0,4016.4,4184.333333333333,4077.0,634.8,695.6666666666666,696.0,0.265224009458943,0.2610171243212666,0.2482798165137614,0.3307247753146295,0.3066059757236228,0.2352941176470588,0.1241698950868522,0.1300427550574207,0.1401949541284403,0.2121809584551084,0.1978338001867413,0.2058823529411764,0.4311344388039995,0.4389150140948669,0.440940366972477,0.602139651853249,0.5981283227504882,0.5844323394495413,0.0215166979269442,0.021625191392479,0.0194954128440367,-0.0897703549060542,290158.0,233848.33333333334,224458.0,177130.33333333334,65700.0,56718.0,0.7735716402787447,0.7570610061239446,4.0,4.0,0.09782333155507117,0.016363701575362415,316628.8333333333,253895.33333333334,27617.0,23337.0,1804.0,858.0,7.0,2.3333333333333335,0.0653220842234855,0.0555341303509448,15481.06,9571.333333333334,12580.96,10891.153333333334,12045.35,221.28333333333333,80664.0,2128128.0,0.037903735113677374,55.0,1.0
2025-06-01,2025,6,9.963333333333331,23.0,-5.1,97.02222222222224,95.38888888888889,1.1433333333333335,96.77777777777776,52.3,108.0,12.666666666666666,9.0,30,9,3,20,2023,6502.0,6836.666666666667,6678.0,140.4,144.33333333333334,145.0,3888.8,3995.3333333333335,3717.0,595.0,658.6666666666666,612.0,0.2582237776417361,0.2451536214528386,0.24303683737646,0.3369877326310676,0.3255351099406683,0.3310344827586207,0.1355196187231194,0.1405632736513132,0.1485474693021863,0.2930399060718426,0.3145356959047129,0.3103448275862069,0.4311965214727721,0.4299230497484603,0.4368074273734651,0.599137775457845,0.5849978833989268,0.5566037735849056,0.0222711903408116,0.021107957953998,0.0217130877508236,-0.085456039441249,260329.0,189594.66666666666,198885.0,145074.0,61444.0,44520.666666666664,0.7639755847408471,0.7675035124882856,4.0,4.0,0.049041138947207186,-0.11433844572714524,299029.3333333333,226379.55555555553,27617.0,22567.0,1816.0,688.0,7.0,2.3333333333333335,0.0657565991961473,0.0322151814596534,16055.34,9489.666666666666,12550.88,11310.08,13118.05,498.09999999999997,80664.0,2128128.0,0.037903735113677374,55.0,2.0
2025-07-01,2025,7,10.270250896057348,22.3,-2.3,75.93333333333334,74.03333333333333,1.33,85.44444444444444,43.9,87.1,10.0,9.0,31,8,1,22,2024,6301.4,6642.666666666667,6280.0,133.0,132.33333333333334,126.0,3716.4,3825.0,3482.0,582.6,609.6666666666666,580.0,0.2773094597710266,0.2953676009062187,0.2450636942675159,0.3664794120104448,0.3656261138275526,0.3015873015873015,0.1362023651056254,0.1524757213027635,0.1367834394904458,0.2505451471126388,0.2615561230669144,0.2063492063492063,0.4273412883573206,0.428043481293118,0.4369426751592357,0.5861141596533537,0.5749267916481998,0.5544585987261147,0.0210968056153697,0.0199285337304886,0.0200636942675159,-0.0484848484848484,233964.0,234378.33333333334,175191.0,178938.66666666666,58773.0,55439.666666666664,0.7487946863620044,0.7639966594038308,4.0,4.0,0.03972447505832677,-0.03327774049441723,261483.66666666666,219273.77777777775,27617.0,23051.0,1654.0,410.0,7.0,1.6666666666666667,0.0598906470652134,0.0,16406.18,9462.88,12567.8,11310.08,14204.35,869.8333333333334,80664.0,2128128.0,0.037903735113677374,55.0,3.0
2025-08-01,2025,8,10.952329749103944,23.2,-3.9,85.26666666666667,79.71111111111111,3.888888888888889,116.44444444444444,49.5,96.8,12.666666666666666,9.0,31,10,1,20,2024,6468.4,6689.666666666667,6381.0,128.6,127.0,114.0,3713.6,3622.3333333333335,3132.0,591.2,574.6666666666666,507.0,0.2767279586901491,0.2657049580518043,0.2722143864598025,0.3970684167794697,0.41628410261687,0.4298245614035088,0.1335765613771266,0.1420723691646782,0.1401034320639398,0.2456818220642337,0.2864576943524312,0.2807017543859649,0.4331162007170144,0.4433377750319492,0.4491459018962545,0.5763736281636144,0.5399448309237811,0.4908321579689704,0.0199165678880639,0.0189430505491153,0.0178655383168782,-0.0377017041170261,212499.0,221477.66666666666,161735.0,164397.66666666666,50764.0,57080.0,0.7611094640445367,0.7421183152824445,4.0,4.0,0.39125567143951456,-0.062464726703777486,235597.33333333334,215150.22222222222,27617.0,28314.0,1419.0,813.6666666666666,7.0,3.0,0.0513813955172538,0.0450307268489086,17084.34,9503.06,11994.4,11709.58,15340.8,1165.3500000000001,80664.0,2128128.0,0.037903735113677374,55.0,4.0
2025-09-01,2025,9,11.93925925925926,25.3,-0.8,57.67777777777778,57.3111111111111,0.2566666666666666,85.33333333333333,50.8,100.1,10.88888888888889,9.0,30,8,2,20,2024,6320.4,6480.666666666667,6073.0,127.0,130.33333333333334,122.0,3811.8,3716.3333333333335,3402.0,604.4,590.3333333333334,538.0,0.2636440317567002,0.2729210190207544,0.2771282726823645,0.3606259283880229,0.3774209137206795,0.3524590163934426,0.1446296178193571,0.153921842016358,0.1556067841264614,0.3195962671271399,0.3528307497862533,0.3278688524590163,0.4110903121071986,0.4120724761699594,0.4095175366375762,0.6036245756471922,0.5727387526009505,0.560184422855261,0.0201178481292016,0.0200881205146392,0.0200889181623579,-0.0689866625785681,237496.0,239391.66666666666,177818.0,183084.33333333334,59678.0,56307.333333333336,0.7487199784417422,0.7646861686787229,4.0,4.0,0.006752775505186381,-0.04629589257584821,227986.33333333334,231749.22222222225,27617.0,25503.0,1636.0,696.0,7.0,3.0,0.0592388746062208,0.0410539936478061,17482.22,9297.913333333332,13150.6,12037.64,15340.8,1638.2333333333333,80664.0,2128128.0,0.037903735113677374,55.0,5.0
2025-10-01,2025,10,13.335842293906811,30.4,0.9,48.25555555555555,47.02222222222222,0.8633333333333334,85.22222222222223,48.3,96.5,10.11111111111111,9.0,31,8,2,22,2024,6585.8,6462.0,6179.0,121.8,116.33333333333331,117.0,3981.8,3724.0,3393.0,634.2,611.0,556.0,0.2884429382199254,0.28668110140631,0.2476128823434212,0.449337148340716,0.4311644150353828,0.3418803418803419,0.1457287296035894,0.1457309198037669,0.1349732966499433,0.3106950515928715,0.3256440890849493,0.3162393162393162,0.4122568466168991,0.420830135681725,0.428386470302638,0.6033902280594319,0.5749850818330754,0.5491179802557048,0.0186460564644365,0.0180089547781338,0.018935102767438,-0.0263157894736841,227675.0,259480.66666666666,173753.0,198732.0,53922.0,60748.666666666664,0.7631624025474909,0.765579889370987,4.0,4.0,0.04335174025616939,-0.02454237417700274,225890.0,240116.66666666666,27617.0,25503.0,1806.0,902.6666666666666,6.0,3.3333333333333335,0.0653945033855958,0.0410539936478061,18109.42,9259.693333333335,14246.64,12449.986666666664,15340.8,2065.7833333333333,80664.0,2128128.0,0.037903735113677374,55.0,6.0
2025-11-01,2025,11,15.163333333333334,31.5,3.5,28.72222222222222,28.688888888888886,0.0233333333333333,58.333333333333336,51.4,106.6,9.333333333333334,9.0,30,10,1,20,2024,6544.2,6312.333333333333,6418.0,126.4,120.0,116.0,3967.8,3578.333333333333,3454.0,639.4,592.3333333333334,590.0,0.2682208808836923,0.2636163007715837,0.2849797444686818,0.3799628791630909,0.4044571329054087,0.3362068965517241,0.1490970105139042,0.1457064018995777,0.1375818011841695,0.327820706613862,0.3346115091804747,0.3017241379310345,0.4148319437749234,0.4209324897768339,0.4252103459021502,0.604438624785433,0.5661766377126342,0.5381738859457775,0.0193084538793931,0.0189965575972566,0.0180741664069803,0.0725267379679144,235396.0,257259.66666666666,178758.0,195894.66666666666,56638.0,61365.0,0.7593926829682748,0.7612737112768948,4.0,4.0,0.005699344618092628,-0.004027402003806579,233522.33333333334,252044.0,27617.0,28669.0,2093.0,760.6666666666666,6.0,3.0,0.075786653148423,0.02395630120952005,19140.38,8782.106666666667,15225.179999999998,12834.76,15340.8,2778.65,82697.0,2194573.0,0.03768250133397249,55.0,1.0
2025-12-01,2025,12,16.991756272401435,33.7,2.6,35.84444444444445,35.644444444444446,0.14,86.77777777777777,56.0,114.1,10.77777777777778,9.0,31,8,2,21,2024,6964.2,6582.0,6346.0,143.4,134.0,128.0,4253.6,3903.0,3559.0,700.6,677.6666666666666,629.0,0.2658460588443621,0.284876400548633,0.2817522849038764,0.3404286889694998,0.3293758903133903,0.3671875,0.1582368590524848,0.1629586816560009,0.158052316419792,0.3217122341523631,0.3453392094017093,0.3203125,0.3984978809772156,0.3971879364267217,0.4002521273242987,0.6088716039357286,0.5921359408801321,0.5608257169870785,0.0205811629514967,0.0204365138816445,0.0201701859439016,0.003003003003003,252370.0,284019.8333333333,188331.0,224127.16666666666,64039.0,59892.666666666664,0.7462495542259381,0.7873735654853772,4.0,4.0,-0.013015354050481376,-0.02851459315171619,238480.33333333334,266920.05555555556,27617.0,13850.0,976.0,938.0,6.0,3.3333333333333335,0.0353405511098236,0.1106859205776173,18732.7,8506.4,16533.659999999996,13236.14,15340.8,3452.133333333333,82697.0,2194573.0,0.03768250133397249,55.0,2.0
2026-01-01,2026,1,18.55985663082437,33.7,3.2,24.38888888888889,24.322222222222223,0.0466666666666666,48.888888888888886,49.9,96.8,9.11111111111111,9.0,31,9,1,21,2024,6598.2,6537.333333333333,6086.0,143.0,147.66666666666666,123.0,4482.8,4356.0,3875.0,695.4,714.3333333333334,630.0,0.2763242906493423,0.2965704452596732,0.2463029904699309,0.4047895163771664,0.4533522807929456,0.4065040650406504,0.1637658162528104,0.1783573551027087,0.1657903384817614,0.3361319286379668,0.3421800557616274,0.3414634146341463,0.3952805590695415,0.3917381253178132,0.3958264870193888,0.6782218796660533,0.665051124807054,0.6367071968452185,0.0215556725854675,0.022459235048956,0.0202103187643772,-0.0409706901985502,267554.0,332608.1666666667,205361.0,273227.3333333333,62193.0,59380.833333333336,0.7675497282791511,0.820070513643789,4.0,4.0,-0.018751810816857173,-0.022349189844956558,251773.33333333334,291295.8888888888,27617.0,26367.0,1118.0,924.3333333333334,6.0,3.6666666666666665,0.0404823116196545,0.052143585069346146,18795.42,9060.753333333332,17524.42,13573.286666666667,15340.8,3452.133333333333,82697.0,2194573.0,0.03768250133397249,55.0,3.0
2026-02-01,2026,2,18.53095238095238,33.2,4.3,30.03333333333333,30.03333333333333,0.0,52.55555555555556,50.4,97.6,7.888888888888889,9.0,28,8,0,20,2024,5985.2,5949.666666666667,5701.0,145.0,146.33333333333334,140.0,4049.0,3899.6666666666665,3569.0,636.2,644.6666666666666,609.0,0.2845792841452012,0.2843822723604488,0.26977723206455,0.3578041229840479,0.3503562692304414,0.3214285714285714,0.1627305163763162,0.1722275200418452,0.1703209963164357,0.336267019033715,0.3498359286438757,0.3,0.3850393632514328,0.383236663893125,0.3887037361866339,0.6745208646003384,0.6544031008443975,0.6260305209612349,0.0242059325318719,0.0246316163166164,0.0245570952464479,-0.0194358445132438,282035.0,298028.0,220396.0,245801.33333333334,61639.0,52226.666666666664,0.7814491109259489,0.8245744321810955,4.0,4.0,0.008514092414197538,0.10043709168185455,267319.6666666667,304885.3333333333,27617.0,25033.5,1398.0,919.3333333333334,6.0,4.0,0.0506209943150957,0.054645803765199605,18663.12,9305.1,18965.44,13800.14,15340.8,3816.5,82697.0,2194573.0,0.03768250133397249,55.0,4.0
2026-03-01,2026,3,16.578853046594983,32.2,1.8,84.0,83.85555555555555,0.1011111111111111,92.44444444444444,45.9,91.8,10.11111111111111,9.0,31,9,0,22,2024,6798.2,7401.666666666667,6691.0,143.4,143.33333333333334,134.0,4073.4,4304.666666666667,3790.0,646.2,698.6666666666666,623.0,0.2392258388224067,0.2507486640618825,0.2805260798086982,0.343579725933788,0.3554991331067804,0.417910447761194,0.1365227243254043,0.1434715526110224,0.1472126737408459,0.2991036394197708,0.3245484443735757,0.291044776119403,0.4208827621717873,0.4265985042473706,0.4222089373785682,0.6013257050137542,0.5806565650530687,0.566432521297265,0.021391736788734,0.0194272283118273,0.0200269018083993,-0.0886679378915826,232823.0,274858.6666666667,189304.0,213291.33333333334,43519.0,61567.333333333336,0.8130811818420002,0.7761150790526609,4.0,4.0,-0.25645942946563305,0.011378002565053872,260804.0,301831.61111111107,25117.0,27617.0,1916.0,985.6666666666666,7.0,4.0,0.0762829955806824,0.0653220842234855,18877.74,9532.46,20560.62,14065.533333333333,15340.8,4217.133333333333,82697.0,2194573.0,0.03768250133397249,55.0,5.0
2026-04-01,2026,4,14.106666666666667,30.2,0.6,37.86666666666666,37.25555555555555,0.4277777777777778,59.333333333333336,49.6,96.8,8.666666666666666,9.0,30,8,2,21,2024,5978.0,7052.666666666667,6509.0,123.0,139.33333333333334,113.0,3591.4,4135.666666666667,3722.0,597.8,685.6666666666666,624.0,0.2520792517456844,0.272124226876773,0.2246120755876478,0.392938807365139,0.4479564315192179,0.4070796460176991,0.122266900268622,0.1399501814759481,0.1282839145798125,0.2856356451051502,0.3608704050721577,0.336283185840708,0.4451657809722243,0.453695038905415,0.4704255646028575,0.6051280979047352,0.5853159562825885,0.5718236288216316,0.0211467276152398,0.0199382211261274,0.0173605776616991,-0.0242842152600809,308342.0,256810.33333333334,252205.0,198195.0,56137.0,58615.333333333336,0.8179391714395055,0.7716648383403445,4.0,4.0,-0.11038340916500533,0.005237319479624099,274400.0,276565.6666666667,25117.0,27617.0,1493.0,1015.3333333333334,7.0,4.0,0.0594418123183501,0.0657565991961473,18746.42,9713.433333333332,22090.0,14429.626666666665,14994.85,4593.966666666666,82697.0,2194573.0,0.03768250133397249,55.0,6.0
