date,model,monthly_units,reported_cumulative_units,source_file,fleet_proxy_age_0_12m,fleet_proxy_age_13_36m,fleet_proxy_age_37_60m,share_of_listed_suzuki_units,share_of_total_market
2021-01-01,ALTO,0.0,,,0.0,,,0.0,0.0
2021-01-01,BALENO HB,0.0,,,0.0,,,0.0,0.0
2021-01-01,CELERIO,0.0,,,0.0,,,0.0,0.0
2021-01-01,FRONX,0.0,,,0.0,,,0.0,0.0
2021-01-01,JIMNY,0.0,,,0.0,,,0.0,0.0
2021-01-01,NUEVO ALTO,0.0,,,0.0,,,0.0,0.0
2021-01-01,S-PRESSO,0.0,,,0.0,,,0.0,0.0
2021-01-01,SWIFT,0.0,,,0.0,,,0.0,0.0
2021-02-01,ALTO,181.0,641.0,2021_02-ANAC-Mercado-Automotor-Febrero-2021.pdf,177.38,,,0.4447174447174447,0.0073901682181936
2021-02-01,BALENO HB,0.0,,,0.0,,,0.0,0.0
2021-02-01,CELERIO,0.0,,,0.0,,,0.0,0.0
2021-02-01,FRONX,0.0,,,0.0,,,0.0,0.0
2021-02-01,JIMNY,0.0,,,0.0,,,0.0,0.0
2021-02-01,NUEVO ALTO,0.0,,,0.0,,,0.0,0.0
2021-02-01,S-PRESSO,226.0,720.0,2021_02-ANAC-Mercado-Automotor-Febrero-2021.pdf,221.48,,,0.5552825552825553,0.0092275028580761
2021-02-01,SWIFT,0.0,,,0.0,,,0.0,0.0
2021-03-01,ALTO,0.0,,,177.38,,,0.0,
2021-03-01,BALENO HB,0.0,,,0.0,,,0.0,
2021-03-01,CELERIO,0.0,,,0.0,,,0.0,
2021-03-01,FRONX,0.0,,,0.0,,,0.0,
2021-03-01,JIMNY,0.0,,,0.0,,,0.0,
2021-03-01,NUEVO ALTO,0.0,,,0.0,,,0.0,
2021-03-01,S-PRESSO,306.0,1026.0,2021_03-ANAC-Mercado-Automotor-Marzo-2021.pdf,521.36,,,1.0,
2021-03-01,SWIFT,0.0,,,0.0,,,0.0,
2021-04-01,ALTO,0.0,,,177.38,,,0.0,
2021-04-01,BALENO HB,0.0,,,0.0,,,0.0,
2021-04-01,CELERIO,0.0,,,0.0,,,0.0,
2021-04-01,FRONX,0.0,,,0.0,,,0.0,
2021-04-01,JIMNY,0.0,,,0.0,,,0.0,
2021-04-01,NUEVO ALTO,0.0,,,0.0,,,0.0,
2021-04-01,S-PRESSO,68.0,1094.0,2021_04-ANAC-Mercado-Automotor-Abril-2021.pdf,588.0,,,1.0,
2021-04-01,SWIFT,0.0,,,0.0,,,0.0,
2021-05-01,ALTO,0.0,,,177.38,,,0.0,0.0
2021-05-01,BALENO HB,0.0,,,0.0,,,0.0,0.0
2021-05-01,CELERIO,0.0,,,0.0,,,0.0,0.0
2021-05-01,FRONX,0.0,,,0.0,,,0.0,0.0
2021-05-01,JIMNY,0.0,,,0.0,,,0.0,0.0
2021-05-01,NUEVO ALTO,0.0,,,0.0,,,0.0,0.0
2021-05-01,S-PRESSO,0.0,,,588.0,,,0.0,0.0
2021-05-01,SWIFT,0.0,,,0.0,,,0.0,0.0
2021-06-01,ALTO,0.0,,,177.38,,,0.0,
2021-06-01,BALENO HB,573.0,3447.0,2021_06-ANAC-Mercado-Automotor-Junio-2021.pdf,561.54,,,0.586489252814739,
2021-06-01,CELERIO,0.0,,,0.0,,,0.0,
2021-06-01,FRONX,0.0,,,0.0,,,0.0,
2021-06-01,JIMNY,0.0,,,0.0,,,0.0,
2021-06-01,NUEVO ALTO,0.0,,,0.0,,,0.0,
2021-06-01,S-PRESSO,404.0,1614.0,2021_06-ANAC-Mercado-Automotor-Junio-2021.pdf,983.92,,,0.413510747185261,
2021-06-01,SWIFT,0.0,,,0.0,,,0.0,
2021-07-01,ALTO,0.0,,,177.38,,,0.0,
2021-07-01,BALENO HB,824.0,4271.0,2021_07-ANAC-Mercado-Automotor-Julio-2021.pdf,1369.06,,,0.6280487804878049,
2021-07-01,CELERIO,0.0,,,0.0,,,0.0,
2021-07-01,FRONX,0.0,,,0.0,,,0.0,
2021-07-01,JIMNY,0.0,,,0.0,,,0.0,
2021-07-01,NUEVO ALTO,0.0,,,0.0,,,0.0,
2021-07-01,S-PRESSO,488.0,2102.0,2021_07-ANAC-Mercado-Automotor-Julio-2021.pdf,1462.16,,,0.3719512195121951,
2021-07-01,SWIFT,0.0,,,0.0,,,0.0,
2021-08-01,ALTO,0.0,,,177.38,,,0.0,
2021-08-01,BALENO HB,389.0,4661.0,2021_Mercado-Automotor-Agosto-2021-ANAC.pdf,1750.28,,,0.3729626078619367,
2021-08-01,CELERIO,0.0,,,0.0,,,0.0,
2021-08-01,FRONX,0.0,,,0.0,,,0.0,
2021-08-01,JIMNY,0.0,,,0.0,,,0.0,
2021-08-01,NUEVO ALTO,0.0,,,0.0,,,0.0,
2021-08-01,S-PRESSO,654.0,2756.0,2021_Mercado-Automotor-Agosto-2021-ANAC.pdf,2103.08,,,0.6270373921380633,
2021-08-01,SWIFT,0.0,,,0.0,,,0.0,
2021-09-01,ALTO,0.0,,,177.38,,,0.0,
2021-09-01,BALENO HB,1030.0,3280.0,2021_09-ANAC-Mercado-Automotor-Septiembre-2021.pdf,2759.68,,,0.6171360095865788,
2021-09-01,CELERIO,0.0,,,0.0,,,0.0,
2021-09-01,FRONX,0.0,,,0.0,,,0.0,
2021-09-01,JIMNY,0.0,,,0.0,,,0.0,
2021-09-01,NUEVO ALTO,0.0,,,0.0,,,0.0,
2021-09-01,S-PRESSO,639.0,3395.0,2021_09-ANAC-Mercado-Automotor-Septiembre-2021.pdf,2729.3,,,0.3828639904134212,
2021-09-01,SWIFT,0.0,,,0.0,,,0.0,
2021-10-01,ALTO,0.0,,,177.38,,,0.0,
2021-10-01,BALENO HB,785.0,4065.0,2021_10-ANAC-Mercado-Automotor-Octubre-2021.pdf,3528.98,,,0.5202120609675281,
2021-10-01,CELERIO,0.0,,,0.0,,,0.0,
2021-10-01,FRONX,0.0,,,0.0,,,0.0,
2021-10-01,JIMNY,0.0,,,0.0,,,0.0,
2021-10-01,NUEVO ALTO,0.0,,,0.0,,,0.0,
2021-10-01,S-PRESSO,724.0,4119.0,2021_10-ANAC-Mercado-Automotor-Octubre-2021.pdf,3438.82,,,0.4797879390324718,
2021-10-01,SWIFT,0.0,,,0.0,,,0.0,
2021-11-01,ALTO,0.0,,,177.38,,,0.0,
2021-11-01,BALENO HB,1000.0,5065.0,2021_11-ANAC-Mercado-Automotor-Noviembre-2021.pdf,4508.98,,,0.397456279809221,
2021-11-01,CELERIO,0.0,,,0.0,,,0.0,
2021-11-01,FRONX,0.0,,,0.0,,,0.0,
2021-11-01,JIMNY,0.0,,,0.0,,,0.0,
2021-11-01,NUEVO ALTO,0.0,,,0.0,,,0.0,
2021-11-01,S-PRESSO,1516.0,5635.0,2021_11-ANAC-Mercado-Automotor-Noviembre-2021.pdf,4924.5,,,0.6025437201907791,
2021-11-01,SWIFT,0.0,,,0.0,,,0.0,
2021-12-01,ALTO,0.0,,,177.38,,,0.0,
2021-12-01,BALENO HB,405.0,5470.0,2021_12-ANAC-Mercado-Automotor-Diciembre-2021.pdf,4905.88,,,0.1703828355069415,
2021-12-01,CELERIO,0.0,,,0.0,,,0.0,
2021-12-01,FRONX,0.0,,,0.0,,,0.0,
2021-12-01,JIMNY,0.0,,,0.0,,,0.0,
2021-12-01,NUEVO ALTO,0.0,,,0.0,,,0.0,
2021-12-01,S-PRESSO,1327.0,6962.0,2021_12-ANAC-Mercado-Automotor-Diciembre-2021.pdf,6224.96,,,0.5582667227597813,
2021-12-01,SWIFT,645.0,3869.0,2021_12-ANAC-Mercado-Automotor-Diciembre-2021.pdf,632.1,,,0.2713504417332772,
2022-01-01,ALTO,0.0,,,177.38,0.0,,0.0,
2022-01-01,BALENO HB,0.0,,,4905.88,0.0,,0.0,
2022-01-01,CELERIO,0.0,,,0.0,0.0,,0.0,
2022-01-01,FRONX,0.0,,,0.0,0.0,,0.0,
2022-01-01,JIMNY,0.0,,,0.0,0.0,,0.0,
2022-01-01,NUEVO ALTO,0.0,,,0.0,0.0,,0.0,
2022-01-01,S-PRESSO,0.0,,,6224.96,0.0,,0.0,
2022-01-01,SWIFT,0.0,,,632.1,0.0,,0.0,
2022-02-01,ALTO,0.0,,,0.0,170.14,,0.0,
2022-02-01,BALENO HB,308.0,937.0,2022_02-ANAC-Mercado-Automotor-Febrero-2022.pdf,5207.72,0.0,,0.3503981797497156,
2022-02-01,CELERIO,0.0,,,0.0,0.0,,0.0,
2022-02-01,FRONX,0.0,,,0.0,0.0,,0.0,
2022-02-01,JIMNY,0.0,,,0.0,0.0,,0.0,
2022-02-01,NUEVO ALTO,0.0,,,0.0,0.0,,0.0,
2022-02-01,S-PRESSO,217.0,616.0,2022_02-ANAC-Mercado-Automotor-Febrero-2022.pdf,6216.14,212.44,,0.2468714448236632,
2022-02-01,SWIFT,354.0,797.0,2022_02-ANAC-Mercado-Automotor-Febrero-2022.pdf,979.02,0.0,,0.4027303754266211,
2022-03-01,ALTO,0.0,,,0.0,170.14,,0.0,0.0
2022-03-01,BALENO HB,666.0,1603.0,2022_03-ANAC-Mercado-Automotor-Marzo-2022-vf.pdf,5860.4,0.0,,0.6010830324909747,0.0160609641401596
2022-03-01,CELERIO,0.0,,,0.0,0.0,,0.0,0.0
2022-03-01,FRONX,0.0,,,0.0,0.0,,0.0,0.0
2022-03-01,JIMNY,0.0,,,0.0,0.0,,0.0,0.0
2022-03-01,NUEVO ALTO,0.0,,,0.0,0.0,,0.0,0.0
2022-03-01,S-PRESSO,0.0,,,5916.26,500.08,,0.0,0.0
2022-03-01,SWIFT,442.0,1239.0,2022_03-ANAC-Mercado-Automotor-Marzo-2022-vf.pdf,1412.18,0.0,,0.3989169675090253,0.010659078303229
2022-04-01,ALTO,0.0,,,0.0,170.14,,0.0,
2022-04-01,BALENO HB,949.0,2552.0,2022_04-ANAC-Mercado-Automotor-Abril-2022-vf.pdf,6790.42,0.0,,0.7519809825673535,
2022-04-01,CELERIO,0.0,,,0.0,0.0,,0.0,
2022-04-01,FRONX,0.0,,,0.0,0.0,,0.0,
2022-04-01,JIMNY,0.0,,,0.0,0.0,,0.0,
2022-04-01,NUEVO ALTO,0.0,,,0.0,0.0,,0.0,
2022-04-01,S-PRESSO,0.0,,,5849.62,564.0,,0.0,
2022-04-01,SWIFT,313.0,1552.0,2022_04-ANAC-Mercado-Automotor-Abril-2022-vf.pdf,1718.92,0.0,,0.2480190174326466,
2022-05-01,ALTO,0.0,,,0.0,170.14,,0.0,
2022-05-01,BALENO HB,1022.0,3574.0,2022_05-ANAC-Mercado-Automotor-Mayo-2022.pdf,7791.98,0.0,,0.7996870109546166,
2022-05-01,CELERIO,0.0,,,0.0,0.0,,0.0,
2022-05-01,FRONX,0.0,,,0.0,0.0,,0.0,
2022-05-01,JIMNY,0.0,,,0.0,0.0,,0.0,
2022-05-01,NUEVO ALTO,0.0,,,0.0,0.0,,0.0,
2022-05-01,S-PRESSO,0.0,,,5849.62,564.0,,0.0,
2022-05-01,SWIFT,256.0,1808.0,2022_05-ANAC-Mercado-Automotor-Mayo-2022.pdf,1969.8,0.0,,0.2003129890453834,
2022-06-01,ALTO,0.0,,,0.0,170.14,,0.0,
2022-06-01,BALENO HB,708.0,4282.0,2022_ok-ANAC-Mercado-Automotor-Junio-2022.pdf,7924.28,538.62,,0.5295437546746448,
2022-06-01,CELERIO,0.0,,,0.0,0.0,,0.0,
2022-06-01,FRONX,0.0,,,0.0,0.0,,0.0,
2022-06-01,JIMNY,0.0,,,0.0,0.0,,0.0,
2022-06-01,NUEVO ALTO,0.0,,,0.0,0.0,,0.0,
2022-06-01,S-PRESSO,448.0,1852.0,2022_ok-ANAC-Mercado-Automotor-Junio-2022.pdf,5892.74,943.76,,0.3350785340314136,
2022-06-01,SWIFT,181.0,1989.0,2022_ok-ANAC-Mercado-Automotor-Junio-2022.pdf,2147.18,0.0,,0.1353777112939416,
2022-07-01,ALTO,0.0,,,0.0,170.14,,0.0,
2022-07-01,BALENO HB,0.0,,,7116.76,1313.1799999999998,,0.0,
2022-07-01,CELERIO,0.0,,,0.0,0.0,,0.0,
2022-07-01,FRONX,0.0,,,0.0,0.0,,0.0,
2022-07-01,JIMNY,0.0,,,0.0,0.0,,0.0,
2022-07-01,NUEVO ALTO,0.0,,,0.0,0.0,,0.0,
2022-07-01,S-PRESSO,0.0,,,5414.5,1402.48,,0.0,
2022-07-01,SWIFT,0.0,,,2147.18,0.0,,0.0,
2022-08-01,ALTO,0.0,,,0.0,170.14,,0.0,
2022-08-01,BALENO HB,0.0,,,6735.54,1678.84,,0.0,
2022-08-01,CELERIO,0.0,,,0.0,0.0,,0.0,
2022-08-01,FRONX,0.0,,,0.0,0.0,,0.0,
2022-08-01,JIMNY,0.0,,,0.0,0.0,,0.0,
2022-08-01,NUEVO ALTO,0.0,,,0.0,0.0,,0.0,
2022-08-01,S-PRESSO,0.0,,,4773.58,2017.24,,0.0,
2022-08-01,SWIFT,0.0,,,2147.18,0.0,,0.0,
2022-09-01,ALTO,0.0,,,0.0,170.14,,0.0,
2022-09-01,BALENO HB,0.0,,,5726.14,2647.04,,0.0,
2022-09-01,CELERIO,0.0,,,0.0,0.0,,0.0,
2022-09-01,FRONX,0.0,,,0.0,0.0,,0.0,
2022-09-01,JIMNY,0.0,,,0.0,0.0,,0.0,
2022-09-01,NUEVO ALTO,0.0,,,0.0,0.0,,0.0,
2022-09-01,S-PRESSO,0.0,,,4147.36,2617.9,,0.0,
2022-09-01,SWIFT,0.0,,,2147.18,0.0,,0.0,
2022-10-01,ALTO,0.0,,,0.0,170.14,,0.0,
2022-10-01,BALENO HB,0.0,,,4956.84,3384.94,,0.0,
2022-10-01,CELERIO,0.0,,,0.0,0.0,,0.0,
2022-10-01,FRONX,0.0,,,0.0,0.0,,0.0,
2022-10-01,JIMNY,0.0,,,0.0,0.0,,0.0,
2022-10-01,NUEVO ALTO,0.0,,,0.0,0.0,,0.0,
2022-10-01,S-PRESSO,0.0,,,3437.84,3298.46,,0.0,
2022-10-01,SWIFT,0.0,,,2147.18,0.0,,0.0,
2022-11-01,ALTO,0.0,,,0.0,170.14,,0.0,0.0
2022-11-01,BALENO HB,0.0,,,3976.84,4324.94,,0.0,0.0
2022-11-01,CELERIO,0.0,,,0.0,0.0,,0.0,0.0
2022-11-01,FRONX,0.0,,,0.0,0.0,,0.0,0.0
2022-11-01,JIMNY,0.0,,,0.0,0.0,,0.0,0.0
2022-11-01,NUEVO ALTO,0.0,,,0.0,0.0,,0.0,0.0
2022-11-01,S-PRESSO,0.0,,,1952.16,4723.5,,0.0,0.0
2022-11-01,SWIFT,0.0,,,2147.18,0.0,,0.0,0.0
2022-12-01,ALTO,0.0,,,0.0,170.14,,0.0,
2022-12-01,BALENO HB,0.0,,,3579.94,4705.639999999999,,0.0,
2022-12-01,CELERIO,0.0,,,0.0,0.0,,0.0,
2022-12-01,FRONX,0.0,,,0.0,0.0,,0.0,
2022-12-01,JIMNY,0.0,,,0.0,0.0,,0.0,
2022-12-01,NUEVO ALTO,0.0,,,0.0,0.0,,0.0,
2022-12-01,S-PRESSO,0.0,,,651.6999999999999,5970.88,,0.0,
2022-12-01,SWIFT,0.0,,,1515.08,606.3,,0.0,
2023-01-01,ALTO,0.0,,,0.0,170.14,,0.0,
2023-01-01,BALENO HB,0.0,,,3579.94,4705.639999999999,,0.0,
2023-01-01,CELERIO,0.0,,,0.0,0.0,,0.0,
2023-01-01,FRONX,0.0,,,0.0,0.0,,0.0,
2023-01-01,JIMNY,0.0,,,0.0,0.0,,0.0,
2023-01-01,NUEVO ALTO,0.0,,,0.0,0.0,,0.0,
2023-01-01,S-PRESSO,0.0,,,651.6999999999999,5970.88,,0.0,
2023-01-01,SWIFT,0.0,,,1515.08,606.3,,0.0,
2023-02-01,ALTO,0.0,,,0.0,170.14,,0.0,
2023-02-01,BALENO HB,0.0,,,3278.1,4995.16,,0.0,
2023-02-01,CELERIO,0.0,,,0.0,0.0,,0.0,
2023-02-01,FRONX,0.0,,,0.0,0.0,,0.0,
2023-02-01,JIMNY,0.0,,,0.0,0.0,,0.0,
2023-02-01,NUEVO ALTO,0.0,,,0.0,0.0,,0.0,
2023-02-01,S-PRESSO,0.0,,,439.04,6174.86,,0.0,
2023-02-01,SWIFT,0.0,,,1168.16,939.06,,0.0,
2023-03-01,ALTO,0.0,,,0.0,170.14,,0.0,
2023-03-01,BALENO HB,0.0,,,2625.42,5621.2,,0.0,
2023-03-01,CELERIO,0.0,,,0.0,0.0,,0.0,
2023-03-01,FRONX,0.0,,,0.0,0.0,,0.0,
2023-03-01,JIMNY,0.0,,,0.0,0.0,,0.0,
2023-03-01,NUEVO ALTO,0.0,,,0.0,0.0,,0.0,
2023-03-01,S-PRESSO,0.0,,,439.04,6174.86,,0.0,
2023-03-01,SWIFT,0.0,,,735.0,1354.54,,0.0,
2023-04-01,ALTO,0.0,,,0.0,170.14,,0.0,
2023-04-01,BALENO HB,0.0,,,1695.4,6513.259999999999,,0.0,
2023-04-01,CELERIO,0.0,,,0.0,0.0,,0.0,
2023-04-01,FRONX,0.0,,,0.0,0.0,,0.0,
2023-04-01,JIMNY,0.0,,,0.0,0.0,,0.0,
2023-04-01,NUEVO ALTO,0.0,,,0.0,0.0,,0.0,
2023-04-01,S-PRESSO,0.0,,,439.04,6174.86,,0.0,
2023-04-01,SWIFT,0.0,,,428.26,1648.76,,0.0,
2023-05-01,ALTO,0.0,,,0.0,170.14,,0.0,
2023-05-01,BALENO HB,0.0,,,693.84,7473.94,,0.0,
2023-05-01,CELERIO,0.0,,,0.0,0.0,,0.0,
2023-05-01,FRONX,0.0,,,0.0,0.0,,0.0,
2023-05-01,JIMNY,0.0,,,0.0,0.0,,0.0,
2023-05-01,NUEVO ALTO,0.0,,,0.0,0.0,,0.0,
2023-05-01,S-PRESSO,0.0,,,439.04,6174.86,,0.0,
2023-05-01,SWIFT,0.0,,,177.38,1889.4,,0.0,
2023-06-01,ALTO,0.0,,,0.0,170.14,,0.0,
2023-06-01,BALENO HB,0.0,,,0.0,8139.459999999999,,0.0,
2023-06-01,CELERIO,0.0,,,0.0,0.0,,0.0,
2023-06-01,FRONX,0.0,,,0.0,0.0,,0.0,
2023-06-01,JIMNY,0.0,,,0.0,0.0,,0.0,
2023-06-01,NUEVO ALTO,0.0,,,0.0,0.0,,0.0,
2023-06-01,S-PRESSO,0.0,,,0.0,6595.98,,0.0,
2023-06-01,SWIFT,0.0,,,0.0,2059.54,,0.0,
2023-07-01,ALTO,0.0,,,0.0,170.14,,0.0,0.0
2023-07-01,BALENO HB,0.0,,,0.0,8139.459999999999,,0.0,0.0
2023-07-01,CELERIO,0.0,,,0.0,0.0,,0.0,0.0
2023-07-01,FRONX,0.0,,,0.0,0.0,,0.0,0.0
2023-07-01,JIMNY,0.0,,,0.0,0.0,,0.0,0.0
2023-07-01,NUEVO ALTO,0.0,,,0.0,0.0,,0.0,0.0
2023-07-01,S-PRESSO,0.0,,,0.0,6595.98,,0.0,0.0
2023-07-01,SWIFT,0.0,,,0.0,2059.54,,0.0,0.0
2023-08-01,ALTO,0.0,,,0.0,170.14,,0.0,0.0
2023-08-01,BALENO HB,452.0,2.0,2023_08-ANAC-Mercado-Automotor-Agosto-v2.pdf,442.96,8139.459999999999,,0.3545098039215686,0.0159638341456523
2023-08-01,CELERIO,172.0,838.0,2023_08-ANAC-Mercado-Automotor-Agosto-v2.pdf,168.56,0.0,,0.1349019607843137,0.0060747333474606
2023-08-01,FRONX,0.0,,,0.0,0.0,,0.0,0.0
2023-08-01,JIMNY,0.0,,,0.0,0.0,,0.0,0.0
2023-08-01,NUEVO ALTO,0.0,,,0.0,0.0,,0.0,0.0
2023-08-01,S-PRESSO,175.0,1.0,2023_08-ANAC-Mercado-Automotor-Agosto-v2.pdf,171.5,6595.98,,0.1372549019607843,0.0061806879988698
2023-08-01,SWIFT,476.0,3.0,2023_08-ANAC-Mercado-Automotor-Agosto-v2.pdf,466.48,2059.54,,0.3733333333333333,0.0168114713569259
2023-09-01,ALTO,0.0,,,0.0,170.14,,0.0,0.0
2023-09-01,BALENO HB,393.0,3.0,2023_09-ANAC-Mercado-Automotor-Septiembre.pdf,828.1,8139.459999999999,,0.3753581661891118,0.0154099517703799
2023-09-01,CELERIO,136.0,974.0,2023_09-ANAC-Mercado-Automotor-Septiembre.pdf,301.84,0.0,,0.1298949379178605,0.005332705956162
2023-09-01,FRONX,0.0,,,0.0,0.0,,0.0,0.0
2023-09-01,JIMNY,0.0,,,0.0,0.0,,0.0,0.0
2023-09-01,NUEVO ALTO,0.0,,,0.0,0.0,,0.0,0.0
2023-09-01,S-PRESSO,160.0,1.0,2023_09-ANAC-Mercado-Automotor-Septiembre.pdf,328.3,6595.98,,0.1528175740210124,0.0062737717131317
2023-09-01,SWIFT,358.0,3.0,2023_09-ANAC-Mercado-Automotor-Septiembre.pdf,817.3199999999999,2059.54,,0.3419293218720153,0.0140375642081323
2023-10-01,ALTO,0.0,,,0.0,170.14,,0.0,
2023-10-01,BALENO HB,521.0,3.0,2023_10-ANAC-Mercado-Automotor-Octubre.pdf,1338.68,8139.459999999999,,0.3958966565349544,
2023-10-01,CELERIO,137.0,1.0,2023_10-ANAC-Mercado-Automotor-Octubre.pdf,436.1,0.0,,0.1041033434650455,
2023-10-01,FRONX,0.0,,,0.0,0.0,,0.0,
2023-10-01,JIMNY,0.0,,,0.0,0.0,,0.0,
2023-10-01,NUEVO ALTO,0.0,,,0.0,0.0,,0.0,
2023-10-01,S-PRESSO,193.0,2.0,2023_10-ANAC-Mercado-Automotor-Octubre.pdf,517.4399999999999,6595.98,,0.1466565349544073,
2023-10-01,SWIFT,465.0,4.0,2023_10-ANAC-Mercado-Automotor-Octubre.pdf,1273.02,2059.54,,0.3533434650455927,
2023-11-01,ALTO,0.0,,,0.0,170.14,,0.0,0.0
2023-11-01,BALENO HB,453.0,4241.0,2023_11-ANAC-Mercado-Automotor-Noviembre.pdf,1782.62,8139.459999999999,,0.3688925081433225,0.0176746000780335
2023-11-01,CELERIO,100.0,1211.0,2023_11-ANAC-Mercado-Automotor-Noviembre.pdf,534.1,0.0,,0.0814332247557003,0.0039016777214202
2023-11-01,FRONX,0.0,,,0.0,0.0,,0.0,0.0
2023-11-01,JIMNY,0.0,,,0.0,0.0,,0.0,0.0
2023-11-01,NUEVO ALTO,0.0,,,0.0,0.0,,0.0,0.0
2023-11-01,S-PRESSO,175.0,2306.0,2023_11-ANAC-Mercado-Automotor-Noviembre.pdf,688.9399999999999,6595.98,,0.1425081433224755,0.0068279360124853
2023-11-01,SWIFT,500.0,4723.0,2023_11-ANAC-Mercado-Automotor-Noviembre.pdf,1763.02,2059.54,,0.4071661237785016,0.019508388607101
2023-12-01,ALTO,0.0,,,0.0,170.14,,0.0,
2023-12-01,BALENO HB,547.0,4788.0,2023_12-ANAC-Mercado-Automotor-Diciembre.pdf,2318.68,8139.459999999999,,0.4270101483216237,
2023-12-01,CELERIO,77.0,1288.0,2023_12-ANAC-Mercado-Automotor-Diciembre.pdf,609.56,0.0,,0.0601092896174863,
2023-12-01,FRONX,0.0,,,0.0,0.0,,0.0,
2023-12-01,JIMNY,0.0,,,0.0,0.0,,0.0,
2023-12-01,NUEVO ALTO,0.0,,,0.0,0.0,,0.0,
2023-12-01,S-PRESSO,169.0,2475.0,2023_12-ANAC-Mercado-Automotor-Diciembre.pdf,854.56,6595.98,,0.1319281811085089,
2023-12-01,SWIFT,488.0,5211.0,2023_12-ANAC-Mercado-Automotor-Diciembre.pdf,2241.26,2059.54,,0.3809523809523809,
2024-01-01,ALTO,0.0,,,0.0,170.14,0.0,0.0,0.0
2024-01-01,BALENO HB,436.0,436.0,2024_01-ANAC-Mercado-Automotor-Enero.pdf,2745.96,8139.459999999999,0.0,0.4052044609665427,0.0173587609985268
2024-01-01,CELERIO,79.0,79.0,2024_01-ANAC-Mercado-Automotor-Enero.pdf,686.98,0.0,0.0,0.0734200743494423,0.0031452800891826
2024-01-01,FRONX,0.0,,,0.0,0.0,0.0,0.0,0.0
2024-01-01,JIMNY,0.0,,,0.0,0.0,0.0,0.0,0.0
2024-01-01,NUEVO ALTO,0.0,,,0.0,0.0,0.0,0.0,0.0
2024-01-01,S-PRESSO,169.0,169.0,2024_01-ANAC-Mercado-Automotor-Enero.pdf,1020.18,6595.98,0.0,0.1570631970260223,0.0067285105705299
2024-01-01,SWIFT,392.0,392.0,2024_01-ANAC-Mercado-Automotor-Enero.pdf,2625.42,2059.54,0.0,0.3643122676579926,0.0156069594298682
2024-02-01,ALTO,0.0,,,0.0,0.0,153.85,0.0,0.0
2024-02-01,BALENO HB,388.0,824.0,2024_02-ANAC-Mercado-Automotor-Febrero.pdf,3126.2,8139.459999999999,0.0,0.3430592396109637,0.01728285077951
2024-02-01,CELERIO,116.0,195.0,2024_02-ANAC-Mercado-Automotor-Febrero.pdf,800.66,0.0,0.0,0.1025641025641025,0.0051670378619153
2024-02-01,FRONX,0.0,,,0.0,0.0,0.0,0.0,0.0
2024-02-01,JIMNY,0.0,,,0.0,0.0,0.0,0.0,0.0
2024-02-01,NUEVO ALTO,74.0,124.0,2024_02-ANAC-Mercado-Automotor-Febrero.pdf,72.52,0.0,0.0,0.0654288240495137,0.0032962138084632
2024-02-01,S-PRESSO,175.0,344.0,2024_02-ANAC-Mercado-Automotor-Febrero.pdf,1191.68,6383.54,192.1,0.1547303271441202,0.0077951002227171
2024-02-01,SWIFT,378.0,770.0,2024_02-ANAC-Mercado-Automotor-Febrero.pdf,2995.86,2059.54,0.0,0.3342175066312997,0.016837416481069
2024-03-01,ALTO,0.0,,,0.0,0.0,153.85,0.0,
2024-03-01,BALENO HB,306.0,1130.0,2024_03-ANAC-Mercado-Automotor-Marzo-2024.pdf,3426.08,8139.459999999999,0.0,0.2653946227233304,
2024-03-01,CELERIO,97.0,292.0,2024_03-ANAC-Mercado-Automotor-Marzo-2024.pdf,895.72,0.0,0.0,0.0841283607979184,
2024-03-01,FRONX,0.0,,,0.0,0.0,0.0,0.0,
2024-03-01,JIMNY,0.0,,,0.0,0.0,0.0,0.0,
2024-03-01,NUEVO ALTO,108.0,232.0,2024_03-ANAC-Mercado-Automotor-Marzo-2024.pdf,178.36,0.0,0.0,0.0936686903729401,
2024-03-01,S-PRESSO,160.0,504.0,2024_03-ANAC-Mercado-Automotor-Marzo-2024.pdf,1348.48,6095.9,452.2,0.1387684301821335,
2024-03-01,SWIFT,482.0,1252.0,2024_03-ANAC-Mercado-Automotor-Marzo-2024.pdf,3468.22,2059.54,0.0,0.4180398959236773,
2024-04-01,ALTO,0.0,,,0.0,0.0,153.85,0.0,
2024-04-01,BALENO HB,293.0,1423.0,2024_04-ANAC-Mercado-Automotor-Abril-2024.pdf,3713.22,8139.459999999999,0.0,0.2382113821138211,
2024-04-01,CELERIO,91.0,383.0,2024_04-ANAC-Mercado-Automotor-Abril-2024.pdf,984.9,0.0,0.0,0.0739837398373983,
2024-04-01,FRONX,0.0,,,0.0,0.0,0.0,0.0,
2024-04-01,JIMNY,0.0,,,0.0,0.0,0.0,0.0,
2024-04-01,NUEVO ALTO,91.0,323.0,2024_04-ANAC-Mercado-Automotor-Abril-2024.pdf,267.54,0.0,0.0,0.0739837398373983,
2024-04-01,S-PRESSO,158.0,662.0,2024_04-ANAC-Mercado-Automotor-Abril-2024.pdf,1503.32,6031.98,510.0,0.1284552845528455,
2024-04-01,SWIFT,597.0,1849.0,2024_04-ANAC-Mercado-Automotor-Abril-2024.pdf,4053.28,2059.54,0.0,0.4853658536585366,
2024-05-01,ALTO,0.0,,,0.0,0.0,153.85,0.0,0.0
2024-05-01,BALENO HB,282.0,1705.0,2024_05-ANAC-Mercado-Automotor-Mayo-2024.pdf,3989.58,8139.459999999999,0.0,0.2175925925925926,0.012083815400437
2024-05-01,CELERIO,88.0,471.0,2024_05-ANAC-Mercado-Automotor-Mayo-2024.pdf,1071.14,0.0,0.0,0.0679012345679012,0.0037708360114839
2024-05-01,FRONX,0.0,,,0.0,0.0,0.0,0.0,0.0
2024-05-01,JIMNY,295.0,954.0,2024_05-ANAC-Mercado-Automotor-Mayo-2024.pdf,289.1,0.0,0.0,0.2276234567901234,0.0126408707203153
2024-05-01,NUEVO ALTO,0.0,,,267.54,0.0,0.0,0.0,0.0
2024-05-01,S-PRESSO,132.0,794.0,2024_05-ANAC-Mercado-Automotor-Mayo-2024.pdf,1632.68,6031.98,510.0,0.1018518518518518,0.0056562540172258
2024-05-01,SWIFT,499.0,2348.0,2024_05-ANAC-Mercado-Automotor-Mayo-2024.pdf,4542.3,2059.54,0.0,0.3850308641975308,0.0213823542014826
2024-06-01,ALTO,0.0,,,0.0,0.0,153.85,0.0,0.0
2024-06-01,BALENO HB,246.0,1951.0,2024_06-ANAC-Mercado-Automotor-Junio-2024.pdf,4230.66,7600.839999999999,487.05,0.3383768913342503,0.0109008729560863
2024-06-01,CELERIO,60.0,531.0,2024_06-ANAC-Mercado-Automotor-Junio-2024.pdf,1129.94,0.0,0.0,0.0825309491059147,0.0026587495014844
2024-06-01,FRONX,0.0,,,0.0,0.0,0.0,0.0,0.0
2024-06-01,JIMNY,0.0,,,289.1,0.0,0.0,0.0,0.0
2024-06-01,NUEVO ALTO,0.0,,,267.54,0.0,0.0,0.0,0.0
2024-06-01,S-PRESSO,103.0,897.0,2024_06-ANAC-Mercado-Automotor-Junio-2024.pdf,1733.62,5652.219999999999,853.4,0.1416781292984869,0.004564186644215
2024-06-01,SWIFT,318.0,2666.0,2024_06-ANAC-Mercado-Automotor-Junio-2024.pdf,4853.94,2059.54,0.0,0.437414030261348,0.0140913723578676
2024-07-01,ALTO,0.0,,,0.0,0.0,153.85,0.0,
2024-07-01,BALENO HB,414.0,2365.0,2024_07-ANAC-Mercado-Automotor-Julio-2024.pdf,4636.38,6826.28,1187.45,0.3365853658536585,
2024-07-01,CELERIO,56.0,587.0,2024_07-ANAC-Mercado-Automotor-Julio-2024.pdf,1184.82,0.0,0.0,0.0455284552845528,
2024-07-01,FRONX,0.0,,,0.0,0.0,0.0,0.0,
2024-07-01,JIMNY,222.0,1312.0,2024_07-ANAC-Mercado-Automotor-Julio-2024.pdf,506.66,0.0,0.0,0.1804878048780487,
2024-07-01,NUEVO ALTO,0.0,,,267.54,0.0,0.0,0.0,
2024-07-01,S-PRESSO,121.0,1018.0,2024_07-ANAC-Mercado-Automotor-Julio-2024.pdf,1852.2,5193.5,1268.2,0.0983739837398374,
2024-07-01,SWIFT,417.0,3083.0,2024_07-ANAC-Mercado-Automotor-Julio-2024.pdf,5262.599999999999,2059.54,0.0,0.3390243902439024,
2024-08-01,ALTO,0.0,,,0.0,0.0,153.85,0.0,
2024-08-01,BALENO HB,448.0,2813.0,2024_08-ANAC-Mercado-Automotor-Agosto-2024.pdf,4632.46,6885.5,1518.1,0.3842195540308747,
2024-08-01,CELERIO,50.0,637.0,2024_08-ANAC-Mercado-Automotor-Agosto-2024.pdf,1065.26,161.67999999999998,0.0,0.0428816466552315,
2024-08-01,FRONX,0.0,,,0.0,0.0,0.0,0.0,
2024-08-01,JIMNY,0.0,,,506.66,0.0,0.0,0.0,
2024-08-01,NUEVO ALTO,96.0,628.0,2024_08-ANAC-Mercado-Automotor-Agosto-2024.pdf,361.62,0.0,0.0,0.0823327615780446,
2024-08-01,S-PRESSO,89.0,1107.0,2024_08-ANAC-Mercado-Automotor-Agosto-2024.pdf,1767.92,4743.24,1824.1,0.0763293310463121,
2024-08-01,SWIFT,483.0,3566.0,2024_08-ANAC-Mercado-Automotor-Agosto-2024.pdf,5269.46,2506.98,0.0,0.4142367066895369,
2024-09-01,ALTO,0.0,,,0.0,0.0,153.85,0.0,
2024-09-01,BALENO HB,472.0,3285.0,2024_09-ANAC-Mercado-Automotor-Septiembre-2024.pdf,4709.88,6286.719999999999,2393.6,0.4534101825168107,
2024-09-01,CELERIO,30.0,667.0,2024_09-ANAC-Mercado-Automotor-Septiembre-2024.pdf,961.38,289.52,0.0,0.0288184438040345,
2024-09-01,FRONX,0.0,,,0.0,0.0,0.0,0.0,
2024-09-01,JIMNY,0.0,,,506.66,0.0,0.0,0.0,
2024-09-01,NUEVO ALTO,72.0,700.0,2024_09-ANAC-Mercado-Automotor-Septiembre-2024.pdf,432.18,0.0,0.0,0.069164265129683,
2024-09-01,S-PRESSO,78.0,1185.0,2024_09-ANAC-Mercado-Automotor-Septiembre-2024.pdf,1687.56,4292.98,2367.25,0.0749279538904899,
2024-09-01,SWIFT,389.0,3955.0,2024_09-ANAC-Mercado-Automotor-Septiembre-2024.pdf,5299.84,2843.5,0.0,0.3736791546589817,
2024-10-01,ALTO,0.0,,,0.0,0.0,153.85,0.0,
2024-10-01,BALENO HB,514.0,3799.0,2024_10-ANAC-Mercado-Automotor-Octubre-2024.pdf_.pdf,4703.02,6038.56,3060.85,0.3692528735632184,
2024-10-01,CELERIO,60.0,727.0,2024_10-ANAC-Mercado-Automotor-Octubre-2024.pdf_.pdf,885.92,418.3,0.0,0.043103448275862,
2024-10-01,FRONX,0.0,,,0.0,0.0,0.0,0.0,
2024-10-01,JIMNY,269.0,1950.0,2024_10-ANAC-Mercado-Automotor-Octubre-2024.pdf_.pdf,770.28,0.0,0.0,0.1932471264367816,
2024-10-01,NUEVO ALTO,87.0,787.0,2024_10-ANAC-Mercado-Automotor-Octubre-2024.pdf_.pdf,517.4399999999999,0.0,0.0,0.0625,
2024-10-01,S-PRESSO,93.0,1278.0,2024_10-ANAC-Mercado-Automotor-Octubre-2024.pdf_.pdf,1589.56,3793.84,2982.65,0.0668103448275862,
2024-10-01,SWIFT,369.0,4324.0,2024_10-ANAC-Mercado-Automotor-Octubre-2024.pdf_.pdf,5205.76,3280.6,0.0,0.2650862068965517,
2024-11-01,ALTO,0.0,,,0.0,0.0,153.85,0.0,
2024-11-01,BALENO HB,438.0,4237.0,2024_11-ANAC-Mercado-Automotor-Noviembre-2024.pdf,4688.32,5524.38,3910.85,0.4155597722960152,
2024-11-01,CELERIO,0.0,,,787.92,512.3,0.0,0.0,
2024-11-01,FRONX,0.0,,,0.0,0.0,0.0,0.0,
2024-11-01,JIMNY,161.0,2111.0,2024_11-ANAC-Mercado-Automotor-Noviembre-2024.pdf,928.06,0.0,0.0,0.1527514231499051,
2024-11-01,NUEVO ALTO,62.0,849.0,2024_11-ANAC-Mercado-Automotor-Noviembre-2024.pdf,578.2,0.0,0.0,0.0588235294117647,
2024-11-01,S-PRESSO,101.0,1379.0,2024_11-ANAC-Mercado-Automotor-Noviembre-2024.pdf,1517.04,2533.3,4271.25,0.0958254269449715,
2024-11-01,SWIFT,292.0,4616.0,2024_11-ANAC-Mercado-Automotor-Noviembre-2024.pdf,5001.92,3750.6,0.0,0.2770398481973434,
2024-12-01,ALTO,0.0,,,0.0,0.0,153.85,0.0,0.0
2024-12-01,BALENO HB,528.0,4765.0,2024_12-ANAC-Mercado-Automotor-Diciembre-2024.pdf,4669.7,5657.86,4255.099999999999,0.3444227005870841,0.0381227436823104
2024-12-01,CELERIO,103.0,893.0,2024_12-ANAC-Mercado-Automotor-Diciembre-2024.pdf,813.4,584.68,0.0,0.0671885192433137,0.0074368231046931
2024-12-01,FRONX,0.0,,,0.0,0.0,0.0,0.0,0.0
2024-12-01,JIMNY,319.0,2430.0,2024_12-ANAC-Mercado-Automotor-Diciembre-2024.pdf,1240.68,0.0,0.0,0.20808871493803,0.0230324909747292
2024-12-01,NUEVO ALTO,82.0,931.0,2024_12-ANAC-Mercado-Automotor-Diciembre-2024.pdf,658.56,0.0,0.0,0.0534898891063274,0.0059205776173285
2024-12-01,S-PRESSO,137.0,1516.0,2024_12-ANAC-Mercado-Automotor-Diciembre-2024.pdf,1485.68,1444.78,5399.2,0.0893672537508153,0.0098916967509025
2024-12-01,SWIFT,364.0,4980.0,2024_12-ANAC-Mercado-Automotor-Diciembre-2024.pdf,4880.4,3603.02,548.25,0.2374429223744292,0.0262815884476534
2025-01-01,ALTO,0.0,,,0.0,0.0,153.85,0.0,0.0
2025-01-01,BALENO HB,531.0,531.0,2025_01-ANAC-Mercado-Automotor-Enero-2025.pdf,4762.8,6067.7,4255.099999999999,0.3129051266941662,0.0192272875402831
2025-01-01,CELERIO,117.0,117.0,2025_01-ANAC-Mercado-Automotor-Enero-2025.pdf,850.64,658.9399999999999,0.0,0.0689451974071891,0.0042365209834522
2025-01-01,FRONX,288.0,288.0,2025_01-ANAC-Mercado-Automotor-Enero-2025.pdf,282.24,0.0,0.0,0.1697112551561579,0.0104283593438823
2025-01-01,JIMNY,215.0,215.0,2025_01-ANAC-Mercado-Automotor-Enero-2025.pdf,1451.38,0.0,0.0,0.126694166175604,0.0077850599268566
2025-01-01,NUEVO ALTO,86.0,86.0,2025_01-ANAC-Mercado-Automotor-Enero-2025.pdf,742.84,0.0,0.0,0.0506776664702416,0.0031140239707426
2025-01-01,S-PRESSO,111.0,111.0,2025_01-ANAC-Mercado-Automotor-Enero-2025.pdf,1428.84,1603.64,5399.2,0.0654095462581025,0.0040192634971213
2025-01-01,SWIFT,349.0,349.0,2025_01-ANAC-Mercado-Automotor-Enero-2025.pdf,4838.26,3971.5,548.25,0.2056570418385385,0.0126371437882463
2025-02-01,ALTO,0.0,,,0.0,0.0,153.85,0.0,0.0
2025-02-01,BALENO HB,552.0,1083.0,2025_02-ANAC-Mercado-Automotor-Febrero-2025.pdf,4923.52,6142.9,4516.9,0.3392747387830362,0.0199876887424412
2025-02-01,CELERIO,116.0,233.0,2025_02-ANAC-Mercado-Automotor-Febrero-2025.pdf,850.64,767.9799999999999,0.0,0.0712968653964351,0.004200311402397
2025-02-01,FRONX,281.0,569.0,2025_02-ANAC-Mercado-Automotor-Febrero-2025.pdf,557.62,0.0,0.0,0.1727105101413645,0.0101748922764963
2025-02-01,JIMNY,214.0,429.0,2025_02-ANAC-Mercado-Automotor-Febrero-2025.pdf,1661.1,0.0,0.0,0.1315304240934234,0.0077488503458014
2025-02-01,NUEVO ALTO,99.0,185.0,2025_02-ANAC-Mercado-Automotor-Febrero-2025.pdf,767.34,69.56,0.0,0.0608481868469575,0.0035847485244595
2025-02-01,S-PRESSO,121.0,232.0,2025_02-ANAC-Mercado-Automotor-Febrero-2025.pdf,1375.92,1564.16,5583.65,0.0743700061462815,0.0043813593076728
2025-02-01,SWIFT,244.0,593.0,2025_02-ANAC-Mercado-Automotor-Febrero-2025.pdf,4706.94,3994.06,849.15,0.1499692685925015,0.0088351377774559
2025-03-01,ALTO,0.0,,,0.0,0.0,153.85,0.0,0.0
2025-03-01,BALENO HB,598.0,1681.0,2025_03-ANAC-Mercado-Automotor-Marzo-2025.pdf,5209.68,5804.5,5083.0,0.3314855875831485,0.021653329470978
2025-03-01,CELERIO,146.0,379.0,2025_03-ANAC-Mercado-Automotor-Marzo-2025.pdf,898.66,859.16,0.0,0.0809312638580931,0.0052865988340514
2025-03-01,FRONX,257.0,826.0,2025_03-ANAC-Mercado-Automotor-Marzo-2025.pdf,809.48,0.0,0.0,0.1424611973392461,0.0093058623311728
2025-03-01,JIMNY,287.0,716.0,2025_03-ANAC-Mercado-Automotor-Marzo-2025.pdf,1942.36,0.0,0.0,0.1590909090909091,0.0103921497628272
2025-03-01,NUEVO ALTO,88.0,273.0,2025_03-ANAC-Mercado-Automotor-Marzo-2025.pdf,747.74,171.07999999999998,0.0,0.048780487804878,0.0031864431328529
2025-03-01,S-PRESSO,107.0,339.0,2025_03-ANAC-Mercado-Automotor-Marzo-2025.pdf,1323.98,1714.56,5583.65,0.0593126385809312,0.0038744251729007
2025-03-01,SWIFT,321.0,914.0,2025_03-ANAC-Mercado-Automotor-Marzo-2025.pdf,4549.16,4031.66,1224.85,0.1779379157427938,0.0116232755187022
2025-04-01,ALTO,0.0,,,0.0,0.0,153.85,0.0,0.0
2025-04-01,BALENO HB,644.0,2325.0,2025_04-ANAC-Mercado-Automotor-Abril-2025.pdf,5553.66,5187.86,5889.65,0.3546255506607929,0.0233189701995147
2025-04-01,CELERIO,136.0,515.0,2025_04-ANAC-Mercado-Automotor-Abril-2025.pdf,942.76,944.7,0.0,0.0748898678414096,0.0049245030235
2025-04-01,FRONX,323.0,1149.0,2025_04-ANAC-Mercado-Automotor-Abril-2025.pdf,1126.02,0.0,0.0,0.177863436123348,0.0116956946808125
2025-04-01,JIMNY,265.0,981.0,2025_04-ANAC-Mercado-Automotor-Abril-2025.pdf,2202.06,0.0,0.0,0.1459251101321586,0.009595538979614
2025-04-01,NUEVO ALTO,90.0,363.0,2025_04-ANAC-Mercado-Automotor-Abril-2025.pdf,746.76,256.62,0.0,0.0495594713656387,0.0032588622949632
2025-04-01,S-PRESSO,120.0,459.0,2025_04-ANAC-Mercado-Automotor-Abril-2025.pdf,1286.74,1863.08,5583.65,0.066079295154185,0.0043451497266176
2025-04-01,SWIFT,238.0,1152.0,2025_04-ANAC-Mercado-Automotor-Abril-2025.pdf,4197.34,4298.62,1490.9,0.1310572687224669,0.008617880291125
2025-05-01,ALTO,0.0,,,0.0,0.0,153.85,0.0,0.0
2025-05-01,BALENO HB,546.0,2871.0,2025_05-ANAC-Mercado-Automotor-Mayo-2025.pdf,5812.38,4492.259999999999,6758.349999999999,0.3301088270858525,0.0197704312561103
2025-05-01,CELERIO,130.0,645.0,2025_05-ANAC-Mercado-Automotor-Mayo-2025.pdf,983.92,1027.4199999999998,0.0,0.0785973397823458,0.0047072455371691
2025-05-01,FRONX,355.0,1504.0,2025_05-ANAC-Mercado-Automotor-Mayo-2025.pdf,1473.92,0.0,0.0,0.2146311970979443,0.0128544012745772
2025-05-01,JIMNY,254.0,1235.0,2025_05-ANAC-Mercado-Automotor-Mayo-2025.pdf,2161.88,277.3,0.0,0.1535671100362756,0.0091972335880073
2025-05-01,NUEVO ALTO,64.0,427.0,2025_05-ANAC-Mercado-Automotor-Mayo-2025.pdf,809.48,256.62,0.0,0.0386940749697702,0.0023174131875294
2025-05-01,S-PRESSO,94.0,553.0,2025_05-ANAC-Mercado-Automotor-Mayo-2025.pdf,1249.5,1987.16,5583.65,0.05683192261185,0.0034037006191838
2025-05-01,SWIFT,211.0,1363.0,2025_05-ANAC-Mercado-Automotor-Mayo-2025.pdf,3915.1,4527.04,1708.5,0.1275695284159613,0.007640221602636
2025-06-01,ALTO,0.0,,,0.0,0.0,153.85,0.0,0.0
2025-06-01,BALENO HB,462.0,3333.0,2025_06-ANAC-Mercado-Automotor-Junio-2025.pdf,6024.06,4057.98,7360.15,0.3255813953488372,0.016728826447478
2025-06-01,CELERIO,121.0,766.0,2025_06-ANAC-Mercado-Automotor-Junio-2025.pdf,1043.7,1083.82,0.0,0.0852713178294573,0.0043813593076728
2025-06-01,FRONX,279.0,1783.0,2025_06-ANAC-Mercado-Automotor-Junio-2025.pdf,1747.34,0.0,0.0,0.1966173361522198,0.010102473114386
2025-06-01,JIMNY,250.0,1485.0,2025_06-ANAC-Mercado-Automotor-Junio-2025.pdf,2406.88,277.3,0.0,0.1761804087385482,0.0090523952637867
2025-06-01,NUEVO ALTO,45.0,472.0,2025_06-ANAC-Mercado-Automotor-Junio-2025.pdf,853.58,256.62,0.0,0.0317124735729386,0.0016294311474816
2025-06-01,S-PRESSO,77.0,630.0,2025_06-ANAC-Mercado-Automotor-Junio-2025.pdf,1224.02,1662.86,5964.45,0.0542635658914728,0.0027881377412463
2025-06-01,SWIFT,185.0,1548.0,2025_06-ANAC-Mercado-Automotor-Junio-2025.pdf,3784.76,4655.82,1862.35,0.1303735024665257,0.0066987724952022
2025-07-01,ALTO,0.0,,,0.0,0.0,153.85,0.0,0.0
2025-07-01,BALENO HB,509.0,3842.0,2025_07-ANAC-Mercado-Automotor-Julio-2025.pdf,6117.16,4447.139999999999,7360.15,0.3111246943765281,0.0184306767570699
2025-07-01,CELERIO,127.0,893.0,2025_07-ANAC-Mercado-Automotor-Julio-2025.pdf,1113.28,1136.46,0.0,0.0776283618581907,0.0045986167940036
2025-07-01,FRONX,338.0,2121.0,2025_07-ANAC-Mercado-Automotor-Julio-2025.pdf,2078.58,0.0,0.0,0.206601466992665,0.0122388383966397
2025-07-01,JIMNY,312.0,1797.0,2025_07-ANAC-Mercado-Automotor-Julio-2025.pdf,2495.08,485.98,0.0,0.1907090464547677,0.0112973892892059
2025-07-01,NUEVO ALTO,43.0,515.0,2025_07-ANAC-Mercado-Automotor-Julio-2025.pdf,895.72,256.62,0.0,0.026283618581907,0.0015570119853713
2025-07-01,S-PRESSO,94.0,724.0,2025_07-ANAC-Mercado-Automotor-Julio-2025.pdf,1197.56,1776.6,5964.45,0.0574572127139364,0.0034037006191838
2025-07-01,SWIFT,213.0,1761.0,2025_07-ANAC-Mercado-Automotor-Julio-2025.pdf,3584.84,5047.799999999999,1862.35,0.1301955990220049,0.0077126407647463
2025-08-01,ALTO,0.0,,,0.0,0.0,153.85,0.0,0.0
2025-08-01,BALENO HB,552.0,4394.0,2025_08-ANAC-Mercado-Automotor-Agosto-202545.pdf,6219.08,4868.259999999999,7360.15,0.3056478405315614,0.0199876887424412
2025-08-01,CELERIO,130.0,1023.0,2025_08-ANAC-Mercado-Automotor-Agosto-202545.pdf,1191.68,1183.46,0.0,0.0719822812846068,0.0047072455371691
2025-08-01,FRONX,421.0,2542.0,2025_08-ANAC-Mercado-Automotor-Agosto-202545.pdf,2491.16,0.0,0.0,0.2331118493909191,0.0152442336242169
2025-08-01,JIMNY,330.0,2127.0,2025_08-ANAC-Mercado-Automotor-Agosto-202545.pdf,2818.48,485.98,0.0,0.1827242524916943,0.0119491617481985
2025-08-01,NUEVO ALTO,0.0,,,801.64,346.86,0.0,0.0,0.0
2025-08-01,S-PRESSO,107.0,831.0,2025_08-ANAC-Mercado-Automotor-Agosto-202545.pdf,1215.2,1860.26,5964.45,0.0592469545957918,0.0038744251729007
2025-08-01,SWIFT,266.0,2027.0,2025_08-ANAC-Mercado-Automotor-Agosto-202545.pdf,3372.18,5501.82,1862.35,0.1472868217054263,0.0096317485606691
2025-09-01,ALTO,0.0,,,0.0,0.0,153.85,0.0,0.0
2025-09-01,BALENO HB,799.0,5193.0,2025_09-ANAC-Mercado-Automotor-Septiembre-2025.pdf,6539.54,5311.94,7360.15,0.3817486860965122,0.0289314552630626
2025-09-01,CELERIO,122.0,1145.0,2025_09-ANAC-Mercado-Automotor-Septiembre-2025.pdf,1281.84,1211.66,0.0,0.0582895365504061,0.0044175688887279
2025-09-01,FRONX,295.0,2837.0,2025_09-ANAC-Mercado-Automotor-Septiembre-2025.pdf,2780.26,0.0,0.0,0.1409460105112279,0.0106818264112684
2025-09-01,JIMNY,463.0,2590.0,2025_09-ANAC-Mercado-Automotor-Septiembre-2025.pdf,3272.22,485.98,0.0,0.221213569039656,0.0167650360285331
2025-09-01,NUEVO ALTO,0.0,,,731.08,414.54,0.0,0.0,0.0
2025-09-01,S-PRESSO,145.0,976.0,2025_09-ANAC-Mercado-Automotor-Septiembre-2025.pdf,1280.86,1933.58,5964.45,0.0692785475394171,0.0052503892529963
2025-09-01,SWIFT,269.0,2296.0,2025_09-ANAC-Mercado-Automotor-Septiembre-2025.pdf,3254.58,5867.48,1862.35,0.1285236502627807,0.0097403773038345
2025-10-01,ALTO,0.0,,,0.0,0.0,153.85,0.0,0.0
2025-10-01,BALENO HB,138.0,5331.0,2025_10-ANAC-Mercado-Automotor-Octubre-2025.pdf,6171.06,5795.099999999999,7360.15,0.1413934426229508,0.0049969221856103
2025-10-01,CELERIO,88.0,1233.0,2025_10-ANAC-Mercado-Automotor-Octubre-2025.pdf,1309.28,1268.06,0.0,0.0901639344262295,0.0031864431328529
2025-10-01,FRONX,364.0,3201.0,2025_10-ANAC-Mercado-Automotor-Octubre-2025.pdf,3136.98,0.0,0.0,0.3729508196721312,0.0131802875040735
2025-10-01,JIMNY,98.0,2688.0,2025_10-ANAC-Mercado-Automotor-Octubre-2025.pdf,3104.64,738.8399999999999,0.0,0.1004098360655737,0.0035485389434044
2025-10-01,NUEVO ALTO,0.0,,,645.8199999999999,496.32,0.0,0.0,0.0
2025-10-01,S-PRESSO,20.0,996.0,2025_10-ANAC-Mercado-Automotor-Octubre-2025.pdf,1209.32,2021.0,5964.45,0.0204918032786885,0.0007241916211029
2025-10-01,SWIFT,268.0,2564.0,2025_10-ANAC-Mercado-Automotor-Octubre-2025.pdf,3155.6,6214.339999999999,1862.35,0.2745901639344262,0.0097041677227794
2025-11-01,ALTO,0.0,,,0.0,0.0,153.85,0.0,0.0
2025-11-01,BALENO HB,291.0,5622.0,2025_11-ANAC-Mercado-Automotor-Noviembre-2025.pdf,6027.0,6206.82,7360.15,0.2602862254025044,0.0105369880870478
2025-11-01,CELERIO,107.0,1340.0,2025_11-ANAC-Mercado-Automotor-Noviembre-2025.pdf,1414.14,1268.06,0.0,0.0957066189624329,0.0038744251729007
2025-11-01,FRONX,285.0,3486.0,2025_11-ANAC-Mercado-Automotor-Noviembre-2025.pdf,3416.28,0.0,0.0,0.2549194991055456,0.0103197306007169
2025-11-01,JIMNY,157.0,2845.0,2025_11-ANAC-Mercado-Automotor-Noviembre-2025.pdf,3100.72,890.18,0.0,0.1404293381037567,0.0056849042256581
2025-11-01,NUEVO ALTO,0.0,,,585.06,554.6,0.0,0.0,0.0
2025-11-01,S-PRESSO,46.0,1042.0,2025_11-ANAC-Mercado-Automotor-Noviembre-2025.pdf,1155.42,2115.94,5964.45,0.0411449016100178,0.0016656407285367
2025-11-01,SWIFT,232.0,2796.0,2025_11-ANAC-Mercado-Automotor-Noviembre-2025.pdf,3096.8,6488.82,1862.35,0.2075134168157424,0.0084006228047941
2025-12-01,ALTO,0.0,,,0.0,0.0,153.85,0.0,0.0
2025-12-01,BALENO HB,215.0,5837.0,2025_12-ANAC-Mercado-Automotor-Diciembre-2025.pdf,5720.26,6703.139999999999,7360.15,0.1537911301859799,0.0077850599268566
2025-12-01,CELERIO,156.0,1496.0,2025_12-ANAC-Mercado-Automotor-Diciembre-2025.pdf,1466.08,1364.88,0.0,0.111587982832618,0.0056486946446029
2025-12-01,FRONX,504.0,3990.0,2025_12-ANAC-Mercado-Automotor-Diciembre-2025.pdf,3910.2,0.0,0.0,0.3605150214592275,0.0182496288517941
2025-12-01,JIMNY,166.0,3011.0,2025_12-ANAC-Mercado-Automotor-Diciembre-2025.pdf,2950.78,1190.04,0.0,0.1187410586552217,0.0060107904551544
2025-12-01,NUEVO ALTO,0.0,,,504.7,631.68,0.0,0.0,0.0
2025-12-01,S-PRESSO,29.0,1071.0,2025_12-ANAC-Mercado-Automotor-Diciembre-2025.pdf,1049.58,2244.72,5964.45,0.0207439198855507,0.0010500778505992
2025-12-01,SWIFT,328.0,3124.0,2025_12-ANAC-Mercado-Automotor-Diciembre-2025.pdf,3061.52,6830.98,1862.35,0.234620886981402,0.0118767425860882
2026-01-01,ALTO,52.0,52.0,2026_01-ANAC-Mercado-Automotor-Enero-2026.pdf,50.96,0.0,153.85,0.0271398747390396,0.0020703109447784
2026-01-01,BALENO HB,467.0,467.0,2026_01-ANAC-Mercado-Automotor-Enero-2026.pdf,5657.54,7202.28,7360.15,0.2437369519832985,0.0185929848309909
2026-01-01,CELERIO,195.0,195.0,2026_01-ANAC-Mercado-Automotor-Enero-2026.pdf,1542.52,1474.86,0.0,0.1017745302713987,0.0077636660429191
2026-01-01,FRONX,470.0,470.0,2026_01-ANAC-Mercado-Automotor-Enero-2026.pdf,4088.56,270.72,0.0,0.2453027139874739,0.0187124258470358
2026-01-01,JIMNY,335.0,335.0,2026_01-ANAC-Mercado-Automotor-Enero-2026.pdf,3068.38,1392.14,0.0,0.1748434237995824,0.0133375801250149
2026-01-01,NUEVO ALTO,0.0,,,420.42,712.52,0.0,0.0,0.0
2026-01-01,S-PRESSO,67.0,67.0,2026_01-ANAC-Mercado-Automotor-Enero-2026.pdf,1006.46,2349.06,5964.45,0.0349686847599164,0.0026675160250029
2026-01-01,SWIFT,330.0,330.0,2026_01-ANAC-Mercado-Automotor-Enero-2026.pdf,3042.9,7159.04,1862.35,0.1722338204592902,0.01313851176494
2026-02-01,ALTO,0.0,,,50.96,0.0,0.0,0.0,0.0
2026-02-01,BALENO HB,166.0,633.0,2026_02-ANAC-Mercado-Automotor-Febrero-2026.pdf,5279.26,7721.16,7360.15,0.1111855324849296,0.006609069554485
2026-02-01,CELERIO,175.0,370.0,2026_02-ANAC-Mercado-Automotor-Febrero-2026.pdf,1600.34,1583.9,0.0,0.117213663764233,0.0069673926026197
2026-02-01,FRONX,498.0,968.0,2026_02-ANAC-Mercado-Automotor-Febrero-2026.pdf,4301.22,534.86,0.0,0.333556597454789,0.019827208663455
2026-02-01,JIMNY,206.0,541.0,2026_02-ANAC-Mercado-Automotor-Febrero-2026.pdf,3060.54,1593.3,0.0,0.1379772270596115,0.0082016164350838
2026-02-01,NUEVO ALTO,95.0,109.0,2026_02-ANAC-Mercado-Automotor-Febrero-2026.pdf,416.5,805.5799999999999,0.0,0.0636302746148693,0.0037822988414221
2026-02-01,S-PRESSO,34.0,101.0,2026_02-ANAC-Mercado-Automotor-Febrero-2026.pdf,921.2,2462.8,5772.349999999999,0.0227729403884795,0.0013536648485089
2026-02-01,SWIFT,319.0,649.0,2026_02-ANAC-Mercado-Automotor-Febrero-2026.pdf,3116.4,7388.4,1862.35,0.2136637642330877,0.0127005613727754
2026-03-01,ALTO,0.0,,,50.96,0.0,0.0,0.0,0.0
2026-03-01,BALENO HB,141.0,774.0,2026_03-ANAC-Mercado-Automotor-Marzo-2026.pdf,4831.4,8283.279999999999,7360.15,0.0817865429234338,0.0056137277541107
2026-03-01,CELERIO,202.0,572.0,2026_03-ANAC-Mercado-Automotor-Marzo-2026.pdf,1655.22,1721.14,0.0,0.1171693735498839,0.0080423617470239
2026-03-01,FRONX,580.0,1548.0,2026_03-ANAC-Mercado-Automotor-Marzo-2026.pdf,4617.76,776.4399999999999,0.0,0.3364269141531322,0.0230919297686825
2026-03-01,JIMNY,151.0,692.0,2026_03-ANAC-Mercado-Automotor-Marzo-2026.pdf,2927.26,1863.08,0.0,0.0875870069605568,0.0060118644742604
2026-03-01,NUEVO ALTO,138.0,247.0,2026_03-ANAC-Mercado-Automotor-Marzo-2026.pdf,465.5,888.3,0.0,0.0800464037122969,0.0054942867380658
2026-03-01,S-PRESSO,0.0,,,816.34,2563.38,5512.25,0.0,0.0
2026-03-01,SWIFT,512.0,1161.0,2026_03-ANAC-Mercado-Automotor-Marzo-2026.pdf,3303.58,7690.139999999999,1862.35,0.296983758700696,0.0203846000716646
2026-04-01,ALTO,0.0,,,50.96,0.0,0.0,0.0,0.0
2026-04-01,BALENO HB,64.0,838.0,2026_04-ANAC-Mercado-Automotor-Abril-202634.pdf,4263.0,8888.64,7360.15,0.03744880046811,0.002548075008958
2026-04-01,CELERIO,228.0,800.0,2026_04-ANAC-Mercado-Automotor-Abril-202634.pdf,1745.38,1848.98,0.0,0.1334113516676419,0.0090775172194131
2026-04-01,FRONX,637.0,2185.0,2026_04-ANAC-Mercado-Automotor-Abril-202634.pdf,4925.48,1080.06,0.0,0.3727325921591574,0.0253613090735358
2026-04-01,JIMNY,0.0,,,2667.56,2112.18,0.0,0.0,0.0
2026-04-01,NUEVO ALTO,137.0,384.0,2026_04-ANAC-Mercado-Automotor-Abril-202634.pdf,511.56,972.9,0.0,0.0801638385020479,0.0054544730660508
2026-04-01,S-PRESSO,0.0,,,698.74,2676.18,5454.45,0.0,0.0
2026-04-01,SWIFT,643.0,1804.0,2026_04-ANAC-Mercado-Automotor-Abril-202634.pdf,3700.48,7913.86,1862.35,0.3762434172030427,0.0256001911056256
2026-05-01,ALTO,0.0,,,50.96,0.0,0.0,0.0,0.0
2026-05-01,BALENO HB,51.0,889.0,2026_05-ANAC-Mercado-Automotor-Mayo-2026.pdf,3777.9,9401.88,7360.15,0.037010159651669,0.0020304972727634
2026-05-01,CELERIO,194.0,994.0,2026_05-ANAC-Mercado-Automotor-Mayo-2026.pdf,1808.1,1971.18,0.0,0.1407837445573294,0.0077238523709041
2026-05-01,FRONX,523.0,2708.0,2026_05-ANAC-Mercado-Automotor-Mayo-2026.pdf,5090.12,1413.76,0.0,0.3795355587808418,0.0208225504638292
2026-05-01,JIMNY,0.0,,,2418.64,2350.94,0.0,0.0,0.0
2026-05-01,NUEVO ALTO,149.0,533.0,2026_05-ANAC-Mercado-Automotor-Mayo-2026.pdf,594.86,1033.06,0.0,0.1081277213352685,0.0059322371302305
2026-05-01,S-PRESSO,0.0,,,606.62,2764.54,5454.45,0.0,0.0
2026-05-01,SWIFT,461.0,2265.0,2026_05-ANAC-Mercado-Automotor-Mayo-2026.pdf,3945.48,8112.2,1862.35,0.3345428156748911,0.0183541027989011
2026-06-01,ALTO,0.0,,,50.96,0.0,0.0,0.0,0.0
2026-06-01,BALENO HB,28.0,917.0,2026_06-ANAC-Mercado-Automotor-Junio-2026.pdf,3352.58,9836.16,6873.099999999999,0.0177103099304237,0.0011147828164191
2026-06-01,CELERIO,224.0,1218.0,2026_06-ANAC-Mercado-Automotor-Junio-2026.pdf,1909.04,2084.92,0.0,0.1416824794433902,0.0089182625313532
2026-06-01,FRONX,599.0,3307.0,2026_06-ANAC-Mercado-Automotor-Junio-2026.pdf,5403.72,1676.02,0.0,0.3788741302972802,0.0238483895369669
2026-06-01,JIMNY,0.0,,,2173.64,2585.94,0.0,0.0,0.0
2026-06-01,NUEVO ALTO,197.0,730.0,2026_06-ANAC-Mercado-Automotor-Junio-2026.pdf,743.8199999999999,1075.36,0.0,0.1246046805819101,0.007843293386949
2026-06-01,S-PRESSO,0.0,,,531.16,2836.92,5111.05,0.0,0.0
2026-06-01,SWIFT,533.0,2798.0,2026_06-ANAC-Mercado-Automotor-Junio-2026.pdf,4286.52,8286.1,1862.35,0.3371283997469956,0.0212206871839789
