sku_id,router_model_key,probability_below_50,probability_below_70,lifecycle_tier,frequency_tier,recency_tier
01550M0612A,block_recent6,0.0020543614989379875,0.0017990906467272626,dormant,rare_0_1,dormant_12_plus
021620616A000,block_direct_d2_tweedie,0.05411524166663425,0.09892090682737971,established,occasional_2_3,recent_0_2
083100012A000,block_recent6,0.0,0.0,dormant,rare_0_1,dormant_12_plus
083161010A000,block_recent6,0.0009371756125467946,0.0,dormant,rare_0_1,dormant_12_plus
083313124A000,block_seasonal,0.043321624070383744,0.11293956881172618,established,recurring_4_6,recent_3_5
0911605023000,block_sba,0.03038222594646561,0.0640936882245606,developing,occasional_2_3,recent_3_5
0911912006XC0,block_recent6,0.00014910963944076523,0.0,dormant,rare_0_1,dormant_12_plus
0911912007000,block_direct_d2_tweedie,0.06657501021036456,0.1784278961670424,established,occasional_2_3,recent_0_2
09136M05078000,block_recent6,0.0003617216076979773,0.003304006312044684,developing,rare_0_1,dormant_12_plus
0914016023000,block_direct_d2_tweedie,0.016150055860797083,0.05806985972166687,developing,occasional_2_3,recent_3_5
0914806007000,block_direct_d2_tweedie,0.03184307923793377,0.07234285454154232,established,occasional_2_3,recent_3_5
09148M06022000,block_direct_d2_tweedie,0.007710840205103661,0.07076297487182957,established,rare_0_1,recent_3_5
0915912024000,block_recent6,0.007668815969786833,0.0025626813811897202,dormant,rare_0_1,dormant_12_plus
0915912079000,block_tsb,0.04026959527416033,0.1387393083798189,established,occasional_2_3,recent_0_2
0915912L02000,block_sba,0.06672481184767787,0.08598738558450442,established,rare_0_1,recent_0_2
0915918022000,block_hurdle_d2_full_log,0.496215628247966,0.6572835942702354,established,recurring_4_6,recent_0_2
0915918024000,block_recent6,0.0041861919727736755,0.013274773025670605,established,occasional_2_3,stale_6_11
0915924009000,block_seasonal,0.08069856222814731,0.16747550022119712,established,occasional_2_3,recent_0_2
0916435003000,block_direct_d2_tweedie,0.03245123060226562,0.13587905912247591,established,occasional_2_3,recent_3_5
0924130010000,block_recent6,0.0005258917454039405,0.0007372884648527925,dormant,rare_0_1,dormant_12_plus
0928017002000,block_hurdle_d3_sqrt_log,0.3321676613391675,0.7964718585315543,established,recurring_4_6,recent_0_2
0928022020000,block_direct_d2_tweedie,0.0842940192145026,0.13952030943097915,established,recurring_4_6,recent_0_2
0928056004000,block_tsb,0.3745619980109547,0.7074310578082035,established,recurring_4_6,recent_0_2
0928314005000,block_recent6,0.0023177801335319123,0.020066219881126186,established,occasional_2_3,stale_6_11
0928326016000,block_direct_d2_tweedie,0.536022990035593,0.7036482784172171,established,recurring_4_6,recent_0_2
0928335036000,block_hurdle_d2_full_log,0.052085744980735336,0.1022912671005795,established,rare_0_1,recent_0_2
0928340021000,block_tsb,0.5892319756556483,0.7309782551253384,established,recurring_4_6,recent_0_2
0928340027000,block_direct_d2_tweedie,0.6702715961391146,0.7392989408921883,established,recurring_4_6,recent_0_2
0928345012000,block_seasonal,0.6769648563686637,0.7280359434445649,established,recurring_4_6,recent_0_2
0928906003000,block_sba,0.5097038449532476,0.7813068944394662,established,recurring_4_6,recent_0_2
0928948004000,block_direct_d2_tweedie,0.06155708708870454,0.09040450625714874,established,occasional_2_3,recent_0_2
0930508011000,block_recent6,0.0009371756125467946,0.0,dormant,rare_0_1,dormant_12_plus
0931912047000,block_tsb,0.04933605497647445,0.1495553616587762,established,rare_0_1,recent_0_2
0932010024000,block_hurdle_d2_full_log,0.1884107928994299,0.31849185800265295,established,recurring_4_6,recent_0_2
0938019004000,block_hurdle_d2_sqrt_log,0.16297520429225676,0.33626232419743823,established,recurring_4_6,recent_3_5
0938168001000,block_recent6,0.003428705732968333,0.004467497964987345,established,occasional_2_3,stale_6_11
0940307333000,block_recent6,0.17632800355723174,0.26837027627387805,established,recurring_4_6,recent_3_5
09403M07311000,block_hurdle_d2_sqrt_log,0.47630107368059876,0.6358276496493803,established,recurring_4_6,recent_0_2
09409063095ES,block_recent6,0.0023206235996337744,0.006499477358977928,established,occasional_2_3,stale_6_11
09409063145PK,block_direct_d2_tweedie,0.10560181221391188,0.10918661663103044,established,recurring_4_6,recent_0_2
09409073255PK,block_sba,0.11454759986956321,0.09496944809202994,established,rare_0_1,recent_0_2
0940907332000,block_direct_d2_tweedie,0.40840954862070683,0.6766457124245681,established,recurring_4_6,recent_0_2
0940908322000,block_recent6,0.0009371756125467946,0.0004461193725809736,dormant,rare_0_1,dormant_12_plus
0940908327000,block_direct_d2_tweedie,0.3781744769472645,0.7205961166968612,established,recurring_4_6,recent_0_2
0940909309000,block_recent6,0.001151736326287039,0.003965965083953629,dormant,occasional_2_3,dormant_12_plus
0940910313000,block_recent6,0.0,0.0017990906467272626,dormant,rare_0_1,dormant_12_plus
0940910318000,block_recent6,0.03582729382636831,0.030399861674789443,established,occasional_2_3,stale_6_11
0940915304000,block_recent6,0.013893220939050686,0.04041838990916843,established,rare_0_1,stale_6_11
09409M06L05000,block_recent6,0.007637724857024532,0.00306279726091022,dormant,rare_0_1,dormant_12_plus
09409M07308P4Z,block_recent6,0.00014910963944076523,0.0005945366898768077,dormant,rare_0_1,dormant_12_plus
09409M07308R8J,block_recent6,0.0021525550992057157,0.0010209078192716333,dormant,rare_0_1,dormant_12_plus
09409M07L025PK,block_tsb,0.15910498755544558,0.3409514625471985,established,recurring_4_6,recent_0_2
09409M08308R8J,block_recent6,0.0064154177550593515,0.002261634689900061,dormant,rare_0_1,dormant_12_plus
09409M15L01000,block_seasonal,0.5536299421580511,0.7126149065883471,established,recurring_4_6,recent_0_2
0944829004000,block_recent6,0.0009371756125467946,0.0,dormant,rare_0_1,dormant_12_plus
0947112236000,block_hurdle_d2_full_log,0.31568070970579765,0.5436028909798867,established,recurring_4_6,recent_0_2
09471M12182000,block_hurdle_d2_full_log,0.12683031515879167,0.21257932687607906,established,recurring_4_6,recent_0_2
1161054G30000,block_direct_d2_tweedie,0.00659126749430124,0.06518344092938984,established,recurring_4_6,recent_3_5
1161060R00000,block_seasonal,0.031154402538742985,0.20410855970419256,established,occasional_2_3,recent_0_2
1161061M01000,block_recent6,0.029479669504665563,0.06352462844201559,established,occasional_2_3,stale_6_11
1161073K00000,block_recent6,0.23208632929948803,0.18673289192240822,established,occasional_2_3,stale_6_11
11610M65L00000,block_direct_d2_tweedie,0.5334697559465954,0.6309805678964209,established,recurring_4_6,recent_0_2
11610M67P10000,block_hurdle_d2_sqrt_log,0.5071587130322145,0.6739356212090251,established,recurring_4_6,recent_0_2
11610M76M00000,block_sba,0.585564556548609,0.7607351711196074,established,recurring_4_6,recent_0_2
11610M79F30000,block_recent6,0.16558390133377582,0.2566390862395916,established,recurring_4_6,recent_3_5
11610M79G50000,block_tsb,0.42013684422568826,0.45176384937474395,established,recurring_4_6,recent_3_5
11620M65L10000,block_recent6,0.24546182746323036,0.27966856260130973,established,recurring_4_6,recent_0_2
11620M67P00000,block_direct_d2_tweedie,0.12528001672491879,0.21417035762721987,established,occasional_2_3,recent_3_5
11620M68K00000,block_hurdle_d3_sqrt_log,0.3896022995592836,0.4102100259957167,established,recurring_4_6,stale_6_11
11620M76M00000,block_hurdle_d3_sqrt_log,0.253687919014661,0.442505761378826,established,recurring_4_6,recent_0_2
11620M79F40000,block_tsb,0.5046879853937724,0.6607095550978401,established,recurring_4_6,recent_3_5
11710M65L00000,block_direct_d2_tweedie,0.46605499893871993,0.6090052381293218,established,recurring_4_6,recent_0_2
11710M68K00000,block_tsb,0.378716865671456,0.5657513158521565,established,recurring_4_6,recent_3_5
11710M68K10000,block_direct_d2_tweedie,0.0068242011556949944,0.14806087382841907,established,occasional_2_3,recent_3_5
11710M76M00000,block_hurdle_d2_full_log,0.5507350946137838,0.7562618504977967,established,recurring_4_6,recent_0_2
11710M79F70000,block_recent6,0.25796709388340183,0.29670133037679336,established,recurring_4_6,stale_6_11
11710M79F80000,block_recent6,0.42264270313473506,0.5803621749969328,established,recurring_4_6,recent_0_2
1172080JA0000,block_recent6,0.05916910027749561,0.15008879181020515,established,occasional_2_3,stale_6_11
1194152R00000,block_sba,0.051723979405567055,0.10630855236590678,established,rare_0_1,recent_0_2
13870M71L00000,block_recent6,0.0007385037136611526,0.0009227248298820224,dormant,rare_0_1,dormant_12_plus
1428180JA0000,block_hurdle_d2_full_log,0.4557640159167552,0.4410077906130802,established,recurring_4_6,recent_0_2
1435772J00000,block_recent6,0.0003617216076979773,0.0,dormant,rare_0_1,dormant_12_plus
1591063A0V000,block_sba,0.04901582893051965,0.09410740447862202,established,rare_0_1,recent_0_2
15910M79GB1000,block_hurdle_d2_full_log,0.2569955351269577,0.30126174305773384,established,recurring_4_6,recent_0_2
15910M79GC0000,block_recent6,0.2523211862438175,0.28307025062029034,established,recurring_4_6,recent_3_5
1711279P01000,block_tsb,0.18383286478129085,0.4019246433678292,established,recurring_4_6,recent_3_5
1770054P30000,block_hurdle_d2_full_log,0.44772796885831856,0.5625714324568549,established,recurring_4_6,recent_0_2
1770079P21000,block_hurdle_d3_sqrt_log,0.576830986421946,0.7375186333367314,established,recurring_4_6,recent_0_2
1770080J00000,block_sba,0.16442994157539037,0.17082159945844805,established,rare_0_1,recent_0_2
1770081P00000,block_hurdle_d2_full_log,0.5329677015276139,0.5868011310964523,established,recurring_4_6,recent_0_2
17700M50U00000,block_seasonal,0.05931258987592316,0.22907049702287105,new,occasional_2_3,recent_0_2
17700M60M00000,block_hurdle_d2_sqrt_log,0.6779777673848045,0.8794130322333216,established,recurring_4_6,recent_0_2
17700M67L00000,block_direct_d2_tweedie,0.4251915273019211,0.6295133422039537,established,recurring_4_6,recent_0_2
17700M67P00000,block_direct_d2_tweedie,0.4767114509832005,0.6601049765749218,established,recurring_4_6,recent_0_2
17700M79F02000,block_recent6,0.33685050960938867,0.6066018016248995,established,recurring_4_6,recent_0_2
1776071L00000,block_hurdle_d3_sqrt_log,0.20339921844923062,0.44760927611466034,established,recurring_4_6,recent_0_2
17760M67P00000,block_hurdle_d2_sqrt_log,0.6447009659447515,0.7824866242672996,established,recurring_4_6,recent_0_2
1781254G00000,block_tsb,0.5958305963366731,0.6815587834127081,established,recurring_4_6,recent_3_5
17861M68P00000,block_hurdle_d2_full_log,0.5982686667478524,0.7655627241700692,established,recurring_4_6,recent_0_2
1787880G00000,block_direct_d2_tweedie,0.010912593191631391,0.13286422926590238,established,occasional_2_3,recent_0_2
17878M74L00000,block_direct_d2_tweedie,0.586350106340197,0.6223309137435069,established,recurring_4_6,recent_0_2
17920M76M00000,block_hurdle_d2_full_log,0.5735108498872249,0.7152594706401931,established,recurring_4_6,recent_3_5
1793160A10000,block_recent6,0.004881950255796291,0.025486372871185218,established,occasional_2_3,stale_6_11
1793161M10000,block_hurdle_d3_sqrt_log,0.08507453344871828,0.3107347621897161,established,recurring_4_6,recent_3_5
1793163J01000,block_tsb,0.243237632718809,0.37033456286707594,established,recurring_4_6,recent_3_5
1793165D00000,block_hurdle_d3_sqrt_log,0.1497295838751679,0.42189580177058356,established,recurring_4_6,recent_0_2
1793168P00000,block_recent6,0.0,0.0,dormant,rare_0_1,dormant_12_plus
17931M71P00000,block_hurdle_d2_sqrt_log,0.639018639664678,0.8425915393387102,established,recurring_4_6,recent_0_2
1793276G00000,block_recent6,0.24208343255916404,0.41737578336377096,established,recurring_4_6,recent_0_2
2371081A40000,block_recent6,0.0002126119682572121,0.000404782662847179,dormant,rare_0_1,dormant_12_plus
27431M79F00000,block_hurdle_d2_full_log,0.4797741518694656,0.5669509787270823,established,recurring_4_6,recent_0_2
2811380J015PK,block_hurdle_d2_full_log,0.5470930803422374,0.6913943793707176,established,recurring_4_6,recent_0_2
28113M62S015PK,block_sba,0.009402752587890572,0.03890169781703555,established,occasional_2_3,recent_3_5
2818060B00000,block_direct_d2_tweedie,0.09185860047979821,0.13216956129475,established,rare_0_1,recent_0_2
2818084A20000,block_recent6,0.12917152577531213,0.25664109129077806,established,recurring_4_6,recent_0_2
2824178K00000,block_direct_d2_tweedie,0.06026767472191937,0.12512476292783992,established,rare_0_1,recent_3_5
28300M55R42000,block_direct_d2_tweedie,0.15225282179393018,0.24037151058839712,established,occasional_2_3,recent_3_5
2961081A00000,block_sba,0.0965017995526274,0.11920177391281644,established,rare_0_1,recent_0_2
33690M60M00000,block_hurdle_d2_sqrt_log,0.7194029892802049,0.7919969467593695,established,recurring_4_6,recent_0_2
3495561M00000,block_recent6,0.11631462277551681,0.16032581082597813,new,occasional_2_3,stale_6_11
3512052R21000,block_hurdle_d2_sqrt_log,0.6371103372142606,0.650372671416256,established,recurring_4_6,recent_3_5
3512052S10000,block_seasonal,0.7666086967905299,0.8482328600853807,established,recurring_4_6,recent_0_2
3512062R60000,block_tsb,0.40511835965434506,0.44681949274112714,established,recurring_4_6,recent_3_5
3512065J12000,block_direct_d2_tweedie,0.061649909133402826,0.14461474460163457,established,recurring_4_6,recent_0_2
3512080G21000,block_sba,0.4868867207940409,0.6732048096918493,established,recurring_4_6,recent_0_2
3512150A30000,block_recent6,0.04794917373894187,0.040386197412089514,dormant,rare_0_1,dormant_12_plus
35121M66L10000,block_tsb,0.47092734808399417,0.5514704517379161,established,recurring_4_6,recent_3_5
3515365J00000,block_seasonal,0.5420039385074543,0.7733213315467169,established,recurring_4_6,recent_0_2
3515379P00000,block_direct_d2_tweedie,0.10542654378583949,0.1556202275388115,established,occasional_2_3,recent_3_5
35153M59K20000,block_direct_d2_tweedie,0.6382505587555249,0.6868508433700917,established,recurring_4_6,recent_0_2
35153M75L00000,block_seasonal,0.5947266003721462,0.7375018572382331,established,recurring_4_6,recent_0_2
3526779P00000,block_recent6,0.004061278818713192,0.005341080015124118,dormant,rare_0_1,dormant_12_plus
3532052R20000,block_recent6,0.3626184503653763,0.5162075184691527,established,recurring_4_6,recent_0_2
3532065D41000,block_recent6,0.0,0.0017389560764514453,dormant,rare_0_1,dormant_12_plus
3532077R10000,block_hurdle_d2_full_log,0.42321350820341547,0.5553825087389145,established,recurring_4_6,recent_0_2
3532080G21000,block_recent6,0.26138158912759635,0.4058503120973362,established,occasional_2_3,recent_0_2
35321M60M10000,block_hurdle_d2_sqrt_log,0.6936097847122723,0.885399475844578,established,recurring_4_6,recent_0_2
35321M66L10000,block_recent6,0.3525606236837121,0.40369762001539466,established,recurring_4_6,recent_3_5
3550065P02000,block_sba,0.6925045701520954,0.7511507587834926,established,recurring_4_6,recent_0_2
3552686R20000,block_hurdle_d2_full_log,0.5227639034468887,0.6323861948760929,established,recurring_4_6,recent_0_2
35601M74TA0000,block_sba,0.08238495539625583,0.25266771135862476,new,rare_0_1,recent_3_5
35603M79G30000,block_hurdle_d3_sqrt_log,0.37310549248217967,0.36787802774859385,established,recurring_4_6,stale_6_11
3560461J10000,block_hurdle_d2_full_log,0.11777897350563146,0.18981243205472847,established,recurring_4_6,recent_0_2
35604M84400000,block_recent6,0.18149941698272556,0.244302232229856,established,occasional_2_3,recent_0_2
35612M60B50000,block_recent6,0.0,0.0,dormant,rare_0_1,dormant_12_plus
3565050J10000,block_sba,0.06658902672051754,0.1445221096850283,established,occasional_2_3,recent_0_2
35650M53T00000,block_hurdle_d2_sqrt_log,0.010194146202351678,0.03689056768543063,new,rare_0_1,recent_3_5
35650M60M00000,block_hurdle_d2_full_log,0.27052211161570394,0.5220507803173771,established,recurring_4_6,recent_0_2
35651M79G40000,block_recent6,0.2249785197940035,0.3631651215640641,established,recurring_4_6,recent_0_2
35651M79M00000,block_hurdle_d2_full_log,0.4713684308491537,0.6422161063896256,established,recurring_4_6,recent_0_2
35670M76T00000,block_seasonal,0.06390199686618452,0.24310590301373178,new,occasional_2_3,recent_0_2
35671M79G30000,block_hurdle_d2_sqrt_log,0.42793963444168676,0.659011314657745,established,recurring_4_6,recent_0_2
35671M79G40000,block_direct_d2_tweedie,0.48929024765075535,0.5897543624689725,established,recurring_4_6,recent_0_2
3570186R00000,block_hurdle_d2_sqrt_log,0.7108893097052986,0.8096302290890397,established,recurring_4_6,recent_0_2
35701M76T00000,block_seasonal,0.21371810425646323,0.5937107345089194,new,occasional_2_3,recent_0_2
3570273R10000,block_hurdle_d2_full_log,0.06974133191366577,0.2419813460291117,established,recurring_4_6,recent_0_2
35702M76T00000,block_seasonal,0.17729015675151175,0.44323394746717915,developing,recurring_4_6,recent_0_2
35750M53T01000,block_hurdle_d2_sqrt_log,0.011318868175594715,0.035772173150120164,new,rare_0_1,recent_3_5
35750M68P00000,block_hurdle_d3_sqrt_log,0.2207398081232222,0.3129237698911377,established,recurring_4_6,stale_6_11
35750M68P11000,block_recent6,0.0025230880769762857,0.001435642627747899,dormant,rare_0_1,dormant_12_plus
35750M68P20000,block_direct_d2_tweedie,0.04073017634369244,0.11055441821102628,established,rare_0_1,recent_0_2
35750M73T00000,block_tsb,0.14843353314441649,0.6702438169476179,new,rare_0_1,recent_0_2
3591075F31000,block_seasonal,0.5913394051024677,0.6989536691456708,established,recurring_4_6,recent_0_2
3591075F61000,block_recent6,0.0005258917454039405,0.0014056749652502833,dormant,rare_0_1,dormant_12_plus
35910M74L01000,block_hurdle_d2_sqrt_log,0.5203565783551705,0.612430698310761,established,recurring_4_6,recent_0_2
3611050A30000,block_direct_d2_tweedie,0.1312116915010706,0.21466413888731992,established,occasional_2_3,recent_0_2
3613050A30000,block_direct_d2_tweedie,0.14594227441595795,0.2008636603107442,established,occasional_2_3,recent_0_2
36230M70CA1000,block_hurdle_d2_full_log,0.10445719111796313,0.2562745529212802,established,recurring_4_6,recent_0_2
3627479P01000,block_hurdle_d2_sqrt_log,0.6408413930552739,0.8132117774539055,established,recurring_4_6,recent_3_5
3641054G01000,block_hurdle_d2_full_log,0.5807897538732223,0.7144667017992914,established,recurring_4_6,recent_0_2
3641063J02000,block_hurdle_d2_sqrt_log,0.7532643568512625,0.8661727023642054,established,recurring_4_6,recent_0_2
3641075F01000,block_direct_d2_tweedie,0.09932314880094287,0.2649303900169803,established,occasional_2_3,recent_3_5
36410M60B30000,block_sba,0.0607330082214273,0.13775799391247354,established,rare_0_1,recent_0_2
36410M67K10000,block_sba,0.5758592979691491,0.6915228100201861,established,recurring_4_6,recent_0_2
3641275F00000,block_recent6,0.008283096463805806,0.021973570475070054,established,occasional_2_3,stale_6_11
36430M76M00000,block_sba,0.09329193626731976,0.14113686519318622,established,rare_0_1,recent_0_2
3658054P00000,block_sba,0.1036000496983625,0.1783121370504285,established,recurring_4_6,recent_0_2
3658354P01000,block_hurdle_d2_sqrt_log,0.8113327462036073,0.7730389456331724,established,recurring_4_6,recent_0_2
37019M79MK0000,block_recent6,0.27382057635366935,0.5075631096354958,established,recurring_4_6,recent_0_2
37145M55B21000,block_hurdle_d2_sqrt_log,0.6308909951588126,0.7630736695887393,established,recurring_4_6,recent_0_2
37145M56R20000,block_hurdle_d2_full_log,0.2170773040403167,0.46407519064008507,established,recurring_4_6,recent_0_2
37145M66L00000,block_direct_d2_tweedie,0.5479507174521404,0.7959901842992255,established,recurring_4_6,recent_0_2
37736M58R00000,block_hurdle_d2_full_log,0.4045326692166379,0.5397019810148619,established,recurring_4_6,recent_0_2
37736M79M00000,block_direct_d2_tweedie,0.008847840990097087,0.09419855895384013,established,recurring_4_6,recent_3_5
3773773R00Z2S,block_hurdle_d2_full_log,0.5089773405975355,0.6356487411024881,established,recurring_4_6,recent_0_2
38315M68K00000,block_recent6,0.12119070217766947,0.24691374533310007,established,recurring_4_6,stale_6_11
38330M68K01000,block_recent6,0.0010665455113814286,0.010867478201800153,established,occasional_2_3,stale_6_11
3834062R30000,block_seasonal,0.03455526457933615,0.12663877065292048,established,occasional_2_3,recent_0_2
38340M51K42000,block_hurdle_d2_full_log,0.5100050084593287,0.5238170245358129,established,recurring_4_6,recent_0_2
3834651K42000,block_recent6,0.14277063836963583,0.21664577245339714,dormant,occasional_2_3,dormant_12_plus
3845061J12000,block_recent6,0.000848751173208806,0.004301776167934199,dormant,occasional_2_3,dormant_12_plus
3845062R00000,block_recent6,0.15110790478199115,0.29499359435444594,established,recurring_4_6,recent_3_5
3845065J10000,block_direct_d2_tweedie,0.079983192452455,0.17514984798836897,established,recurring_4_6,recent_0_2
3845071L10000,block_hurdle_d2_sqrt_log,0.6364936045001576,0.776987207945282,established,recurring_4_6,recent_0_2
38450M79M00000,block_hurdle_d2_full_log,0.48015291544113475,0.6576545333057084,established,recurring_4_6,recent_0_2
38452M56R30000,block_sba,0.19676602791696687,0.3192391328063188,developing,recurring_4_6,recent_0_2
38452M65L00000,block_hurdle_d3_sqrt_log,0.7680765299884763,0.799545045024397,established,recurring_4_6,recent_0_2
38452M68K00000,block_direct_d2_tweedie,0.06562527546153117,0.1767994821257079,established,occasional_2_3,recent_0_2
38480M68P01000,block_direct_d2_tweedie,0.0625832544988601,0.12041069575662867,established,occasional_2_3,recent_0_2
38500M55T01000,block_recent6,0.05230133776047719,0.11330827773754071,developing,occasional_2_3,stale_6_11
3882151K02000,block_recent6,0.10187338657952455,0.23727584085024406,established,occasional_2_3,stale_6_11
3882165J00000,block_direct_d2_tweedie,0.10823322621036995,0.1650827431208153,established,occasional_2_3,recent_0_2
38821M67P00000,block_hurdle_d2_sqrt_log,0.5937912568926272,0.7619067870278797,established,recurring_4_6,recent_0_2
3910268L01000,block_recent6,0.0022583627596115905,0.02560965891558554,established,occasional_2_3,stale_6_11
3925061J00000,block_hurdle_d2_full_log,0.4188202684800025,0.6158731094118841,established,recurring_4_6,recent_0_2
39321M56R00000,block_hurdle_d3_sqrt_log,0.31601053415853625,0.32843557262004214,established,recurring_4_6,stale_6_11
39321M67P00000,block_direct_d2_tweedie,0.30612451348510394,0.47843646871412254,established,recurring_4_6,recent_0_2
39322M56R00000,block_hurdle_d3_sqrt_log,0.28822949929142866,0.26585606062684325,established,occasional_2_3,stale_6_11
39322M67P00000,block_direct_d2_tweedie,0.29376660574492597,0.48262866438297586,established,recurring_4_6,recent_0_2
39322M67P10000,block_direct_d2_tweedie,0.3767539252065221,0.47599821905468503,established,recurring_4_6,recent_0_2
3F11579S10ZWG,block_seasonal,0.009545853940687814,0.1464472625801452,established,occasional_2_3,recent_0_2
3F11779S00000,block_recent6,0.0,0.0,dormant,rare_0_1,dormant_12_plus
4171080J00000,block_recent6,0.34921264399088603,0.42255466414373766,established,recurring_4_6,recent_0_2
41710M68K00000,block_direct_d2_tweedie,0.5352884196100496,0.7442745772843812,established,recurring_4_6,recent_0_2
41710M76M00000,block_recent6,0.14384056275978643,0.21301119396125756,established,occasional_2_3,recent_3_5
41710M82000000,block_hurdle_d2_full_log,0.5127816292445537,0.6326832634371543,established,recurring_4_6,recent_3_5
4311052R71000,block_direct_d2_tweedie,0.043793065827226335,0.13759686567424678,established,occasional_2_3,recent_0_2
4311078K00000,block_direct_d2_tweedie,0.0022594961453653254,0.05518174737882662,established,rare_0_1,recent_3_5
43110M75J80000-OP,block_recent6,0.22844369570329784,0.24218440520379694,established,recurring_4_6,stale_6_11
432006682227S,block_recent6,0.0002126119682572121,0.0,dormant,rare_0_1,dormant_12_plus
4321052R5027N,block_recent6,0.4747491944407984,0.6421135442394024,established,recurring_4_6,recent_0_2
4321052S0039M,block_hurdle_d2_full_log,0.5834234511218295,0.6745976685095988,established,recurring_4_6,recent_3_5
4321053R100CE,block_hurdle_d3_sqrt_log,0.8010175794446129,0.8445494902156354,established,recurring_4_6,recent_0_2
4321057M100BK,block_sba,0.11609606284725206,0.13951321469090033,established,occasional_2_3,recent_0_2
4321061J01ZBP,block_hurdle_d2_full_log,0.21955315190168115,0.29968316794534566,established,recurring_4_6,recent_3_5
4321064J01ZBP,block_direct_d2_tweedie,0.011432501993197269,0.11438838951175864,established,recurring_4_6,recent_3_5
4321068LA0ZA8,block_hurdle_d2_sqrt_log,0.7430657830293097,0.8944616910330039,established,recurring_4_6,recent_0_2
4321071L91QC8,block_direct_d2_tweedie,0.11291719096471106,0.14645838385410614,established,occasional_2_3,recent_0_2
4321078K6027N,block_recent6,0.0026848620258208633,0.013724476681738885,established,rare_0_1,stale_6_11
4321079K510BK,block_direct_d2_tweedie,0.08389163170476423,0.15569666536254823,established,occasional_2_3,recent_0_2
4321080S6027N,block_sba,0.11354598971162817,0.2804364806506791,developing,occasional_2_3,recent_0_2
43210M55R6027N,block_direct_d2_tweedie,0.6089989048293222,0.7074993591752213,established,recurring_4_6,recent_0_2
43210M55RH1QC8,block_recent6,0.29042779076197645,0.4061274282599995,established,recurring_4_6,recent_0_2
43210M62S0009L,block_direct_d2_tweedie,0.058603487716358774,0.10978646171863089,established,rare_0_1,recent_0_2
43210M62S620CB,block_hurdle_d2_full_log,0.27644959750764897,0.4926100677196148,developing,recurring_4_6,recent_0_2
43210M68K1109L,block_direct_d2_tweedie,0.512079643070304,0.6391852722429501,established,recurring_4_6,recent_0_2
43210M74T50QC8,block_sba,0.1705933101869821,0.7212431247623834,new,rare_0_1,recent_0_2
43210M76M5127N,block_direct_d2_tweedie,0.26982728015732654,0.4697151913354948,established,recurring_4_6,recent_0_2
43210M76T50QC8,block_seasonal,0.14791402535538514,0.34565360077708635,new,occasional_2_3,recent_3_5
43210M79G5339M,block_hurdle_d2_sqrt_log,0.7194300112039026,0.8270579826530159,established,recurring_4_6,recent_0_2
43210M83P0027N,block_hurdle_d2_full_log,0.41654888621069797,0.5135622111349232,established,recurring_4_6,recent_0_2
4325065DA1C48,block_direct_d2_tweedie,0.033660839963934826,0.11410680691375878,established,occasional_2_3,recent_0_2
4325079P00ZH1,block_direct_d2_tweedie,0.3348597011737879,0.43745278644864444,established,occasional_2_3,recent_0_2
43250M53M0027N,block_sba,0.07791098972993393,0.16287932882716852,established,rare_0_1,recent_0_2
43250M68K1027N,block_direct_d2_tweedie,0.3722665562658834,0.5582687845445279,established,recurring_4_6,recent_0_2
43250M68K2027N,block_direct_d2_tweedie,0.44324879490906616,0.6414490111416273,established,recurring_4_6,recent_0_2
43250M74L0027N,block_direct_d2_tweedie,0.6130450467071724,0.6746217099933368,established,recurring_4_6,recent_0_2
43250M74L1027N,block_tsb,0.1744494677497015,0.3346341172123935,established,recurring_4_6,recent_3_5
43250M79G6027N,block_direct_d2_tweedie,0.4501276373964053,0.678759989146752,established,recurring_4_6,recent_0_2
43250M79M0027N,block_direct_d2_tweedie,0.3402808116033478,0.5748129456655514,established,recurring_4_6,recent_0_2
4325251K20DB7,block_recent6,0.11635412499155254,0.12066910246160623,established,occasional_2_3,stale_6_11
4325261J0027S,block_recent6,0.0079957369190199,0.0071590438121436,dormant,occasional_2_3,dormant_12_plus
4325283S00CZ2,block_recent6,0.01987404378531887,0.09253352386757872,established,occasional_2_3,stale_6_11
43402M74L21000,block_tsb,0.568930103758769,0.7056823929209416,established,recurring_4_6,recent_0_2
4342386G01000,block_hurdle_d3_sqrt_log,0.4198077683684646,0.6284189970707758,established,recurring_4_6,recent_0_2
4345965J00000,block_recent6,0.0005258917454039405,0.0020058466158168462,dormant,rare_0_1,dormant_12_plus
44119M53M00000,block_sba,0.07083028990029848,0.08090400083205056,established,occasional_2_3,recent_0_2
48150M53M10C48,block_sba,0.06695186164271488,0.12400371136415515,established,rare_0_1,recent_0_2
48150M68P00C48,block_tsb,0.14399673260717116,0.1907968686505358,established,rare_0_1,recent_0_2
48150M69R00C48,block_hurdle_d2_sqrt_log,0.8109575755290186,0.8952443946865583,established,recurring_4_6,recent_0_2
48150M79M11C48,block_direct_d2_tweedie,0.14400165662592984,0.19622654591269548,established,rare_0_1,recent_0_2
4982162A51000,block_recent6,0.01696537018663835,0.0469350861458717,established,occasional_2_3,stale_6_11
5730073R02000,block_seasonal,0.7191635493167107,0.8239348414712119,established,recurring_4_6,recent_0_2
5730079P02000,block_direct_d2_tweedie,0.6053323319110402,0.6946083269403072,established,recurring_4_6,recent_0_2
57300M66L00000,block_tsb,0.5321675553937574,0.6421757094766782,established,recurring_4_6,recent_3_5
57300M68K10000,block_direct_d2_tweedie,0.4341433877934815,0.5515814779827654,established,recurring_4_6,recent_0_2
5741079P00000,block_hurdle_d2_full_log,0.27526836227822177,0.45582272868904417,established,recurring_4_6,recent_0_2
57410M67P00000,block_hurdle_d2_sqrt_log,0.61068503917995,0.7171369286393663,established,recurring_4_6,recent_0_2
5742071L01000,block_direct_d2_tweedie,0.5402238962963939,0.7326026423718797,established,recurring_4_6,recent_0_2
57611M68K10000,block_direct_d2_tweedie,0.4333405501132519,0.5853232861482491,established,recurring_4_6,recent_0_2
57711M66L00000,block_hurdle_d3_sqrt_log,0.4509982552070183,0.6894542920559927,established,recurring_4_6,recent_0_2
57711M79G10000,block_recent6,0.029080105926073997,0.06411438663161147,established,occasional_2_3,stale_6_11
5811077K00000,block_recent6,0.2974693274961615,0.45043937848992627,established,recurring_4_6,recent_0_2
58110M74L00000,block_hurdle_d2_sqrt_log,0.6387390773679498,0.7930482333782118,established,recurring_4_6,recent_0_2
5812165J00000,block_recent6,0.17710569627583933,0.2843430201540948,established,recurring_4_6,recent_3_5
5823054P00000,block_hurdle_d2_full_log,0.31442008180811054,0.4190973406505578,established,recurring_4_6,recent_0_2
5823065J00000,block_direct_d2_tweedie,0.5060898855151319,0.6106256929787526,established,recurring_4_6,recent_0_2
58230M79G01000,block_recent6,0.15971388966265096,0.20247028839987352,established,occasional_2_3,stale_6_11
58240M53M00000,block_direct_d2_tweedie,0.5597074733828242,0.758628839815988,established,recurring_4_6,recent_0_2
58240M67P00000,block_hurdle_d2_sqrt_log,0.6170233616569623,0.7338084019223762,established,recurring_4_6,recent_3_5
58251M53M00000,block_hurdle_d2_sqrt_log,0.6498931798283277,0.7902855851500985,established,recurring_4_6,recent_0_2
5827080J20000,block_hurdle_d3_sqrt_log,0.27439468165632724,0.40915266431341907,established,recurring_4_6,recent_3_5
61513M56R01000,block_recent6,0.0005644171779141104,0.009308702265689943,established,occasional_2_3,stale_6_11
64111M56R01P21,block_seasonal,0.005551143524335381,0.10696115836631528,established,rare_0_1,recent_0_2
65500M75L00000,block_hurdle_d2_full_log,0.10127342202433293,0.3318924082832382,established,recurring_4_6,recent_0_2
65500M79M00000,block_direct_d2_tweedie,0.02935043421937255,0.14840775674332682,established,occasional_2_3,recent_3_5
6570079P11000,block_hurdle_d2_sqrt_log,0.6699499503437859,0.7654509189755172,established,recurring_4_6,recent_0_2
65700M72P00000,block_hurdle_d3_sqrt_log,0.7071807290152977,0.8436580037563718,established,recurring_4_6,recent_0_2
6800153R00000,block_hurdle_d2_sqrt_log,0.786016630224687,0.9049479377375722,established,recurring_4_6,recent_0_2
6800164J01000,block_hurdle_d3_sqrt_log,0.6880198367436404,0.7858160770257394,established,recurring_4_6,recent_0_2
68001M53M50000,block_hurdle_d3_sqrt_log,0.2271121296213416,0.3616238022381259,established,recurring_4_6,recent_3_5
68001M74L21000,block_hurdle_d3_sqrt_log,0.3837536156507207,0.5630032526217309,established,occasional_2_3,recent_0_2
6800261M01000,block_hurdle_d3_sqrt_log,0.7017798776353936,0.8138956610843131,established,recurring_4_6,recent_0_2
6800271L00000,block_recent6,0.4972840118330508,0.6044554837974422,established,recurring_4_6,recent_0_2
6800280820000,block_recent6,0.06051898827297545,0.11783880469303906,established,occasional_2_3,stale_6_11
68002M53M00000,block_hurdle_d2_sqrt_log,0.6962489178333542,0.6852180891488481,established,recurring_4_6,recent_0_2
68002M74L31000,block_direct_d2_tweedie,0.6494494449399084,0.7240212969530916,established,recurring_4_6,recent_0_2
68002M79G01000,block_seasonal,0.006335344078352464,0.10080964565038583,established,rare_0_1,recent_0_2
68003M74L31000,block_hurdle_d3_sqrt_log,0.7563437303511562,0.8447666410397122,established,recurring_4_6,recent_0_2
6910077R14000,block_sba,0.009040690891115,0.1063388220493944,established,rare_0_1,recent_0_2
69100M66L01000,block_recent6,0.0011672689544228313,0.001130865671179003,dormant,rare_0_1,dormant_12_plus
69100M66L21000,block_hurdle_d2_full_log,0.5461234004409287,0.5622589303152784,established,recurring_4_6,recent_0_2
6932068LA0000,block_hurdle_d2_full_log,0.4064852949741277,0.635022180657593,established,recurring_4_6,recent_0_2
69330M74L00000,block_direct_d2_tweedie,0.08950041348677076,0.17178142010816635,established,occasional_2_3,recent_0_2
69410M74L00000,block_recent6,0.001103565993141398,0.00828859446172406,established,occasional_2_3,stale_6_11
6942063J00000,block_recent6,0.002556002008276575,0.01718292684004938,established,occasional_2_3,stale_6_11
69430M74L00000,block_direct_d2_tweedie,0.0012842909172844112,0.03911928662706974,established,rare_0_1,recent_3_5
71074M79M00C48,block_recent6,0.006484699037152836,0.018554223807147375,established,occasional_2_3,stale_6_11
71091M843005PK,block_direct_d2_tweedie,0.13766874307828747,0.21097543232105712,established,occasional_2_3,recent_0_2
7112073R00000,block_recent6,0.0005258917454039405,0.0013774346844243517,dormant,rare_0_1,dormant_12_plus
7148176J00000,block_sba,0.06576446908013658,0.11404337024663405,established,rare_0_1,recent_0_2
7170059810T2G,block_sba,0.11105318774951173,0.14870687411501857,established,rare_0_1,recent_0_2
7171152S005PK,block_tsb,0.7434624270074182,0.7944736666855207,established,recurring_4_6,recent_0_2
7171154L30799,block_direct_d2_tweedie,0.47203215286368516,0.6693140271118767,established,recurring_4_6,recent_0_2
7171161J00799,block_seasonal,0.7856816368393184,0.8498998525148772,established,recurring_4_6,recent_0_2
7171163T20799,block_seasonal,0.06136272647731387,0.22251935951855806,new,occasional_2_3,recent_0_2
7171171L00799,block_direct_d2_tweedie,0.6101373670920544,0.7407315307145728,established,recurring_4_6,recent_0_2
7171177K70799,block_recent6,0.001706757708968146,0.029885698379687527,established,occasional_2_3,stale_6_11
7171177KD0799,block_sba,0.12081586817192758,0.20800267333165187,established,recurring_4_6,recent_0_2
7171181A405PK,block_sba,0.16021731772553144,0.1845107781021124,established,rare_0_1,recent_0_2
71711M53M005PK,block_direct_d2_tweedie,0.4024442029966388,0.6696185562578879,established,recurring_4_6,recent_0_2
71711M53M00799,block_direct_d2_tweedie,0.4272669209987418,0.6106084932874863,established,recurring_4_6,recent_0_2
71711M76M00799,block_direct_d2_tweedie,0.44258071209661365,0.6155567414635742,established,recurring_4_6,recent_0_2
71711M79G105PK,block_direct_d2_tweedie,0.4591505821525176,0.7675190606401406,established,recurring_4_6,recent_0_2
7171284A10W07,block_tsb,0.0024004278279192953,0.05910565036480402,established,occasional_2_3,recent_3_5
7171284A20W07,block_sba,0.13583032218541458,0.16033588102136564,established,rare_0_1,recent_0_2
71712M60MA05PK,block_hurdle_d3_sqrt_log,0.730793381725652,0.7981549103121193,established,recurring_4_6,recent_0_2
71712M74T005PK,block_seasonal,0.17622554433823343,0.6672735460754979,new,occasional_2_3,recent_0_2
7171584A00ZM2,block_hurdle_d2_full_log,0.25322302637566574,0.3107488744392736,established,occasional_2_3,recent_0_2
7171754GA0000,block_hurdle_d2_full_log,0.289359335245067,0.34347216615715404,established,occasional_2_3,recent_0_2
71721M76M005PK,block_recent6,0.0005258917454039405,0.0010737852772257795,dormant,rare_0_1,dormant_12_plus
71722M76T005PK,block_sba,0.07667437202030121,0.26191594481326574,new,occasional_2_3,recent_0_2
71731M60M00000,block_hurdle_d2_sqrt_log,0.7300084806775652,0.7872208214802435,established,recurring_4_6,recent_0_2
7173263T00000,block_recent6,0.010728637147174671,0.0005052599247485219,developing,rare_0_1,dormant_12_plus
7173277M10000,block_hurdle_d2_sqrt_log,0.6422419511516578,0.7214935865512933,established,recurring_4_6,recent_0_2
71732M76T01000,block_seasonal,0.18706757017749226,0.6396842527685063,new,occasional_2_3,recent_0_2
7173368L00000,block_hurdle_d3_sqrt_log,0.3344689395432319,0.3262260915426781,established,recurring_4_6,stale_6_11
71734M58R00000,block_hurdle_d2_full_log,0.21834353455167077,0.476689347961781,established,recurring_4_6,recent_0_2
7174050U10CUG,block_recent6,0.10667861894796003,0.09636728051780384,developing,rare_0_1,stale_6_11
7174063T00EJ1,block_hurdle_d2_full_log,0.25556264822514074,0.47971810038385,developing,recurring_4_6,recent_0_2
71740M50S00C48,block_seasonal,0.0611945870605665,0.16298260725186065,established,occasional_2_3,recent_0_2
71740M68P20C48,block_recent6,0.0011671045184443235,0.0016564250968009498,dormant,rare_0_1,dormant_12_plus
71740M74T00C48,block_seasonal,0.1908400446446779,0.7140773148657131,new,occasional_2_3,recent_0_2
71740M74T20KDJ,block_seasonal,0.07075356408281447,0.25795705445842726,new,occasional_2_3,recent_0_2
7174173K005PK,block_hurdle_d2_sqrt_log,0.7781622129342322,0.8902812046705406,established,recurring_4_6,recent_0_2
71741M66L005PK,block_direct_d2_tweedie,0.38513638196025396,0.5840778903893045,established,recurring_4_6,recent_0_2
71741M79G10000,block_recent6,0.3979244888287512,0.4251097792255385,established,recurring_4_6,recent_3_5
7174265J010PG,block_hurdle_d3_sqrt_log,0.3953912647728383,0.5413267222256463,established,recurring_4_6,recent_0_2
71742M53M100CB,block_seasonal,0.004549415125874199,0.05166855687967522,established,rare_0_1,recent_3_5
71742M79G000PG,block_hurdle_d3_sqrt_log,0.1414440336456495,0.3148124667430371,established,occasional_2_3,recent_3_5
71743M53M100CB,block_seasonal,0.008132647003352795,0.057684589630161265,established,rare_0_1,recent_3_5
71744M53M00000,block_recent6,0.07329775198949572,0.1882667468324276,established,occasional_2_3,recent_0_2
71750M55T30C48,block_seasonal,0.543101635396629,0.6068658886343923,developing,recurring_4_6,recent_0_2
7175160B00000,block_sba,0.07234627840737981,0.12402783580542663,established,rare_0_1,recent_0_2
7175163J105PK,block_direct_d2_tweedie,0.003969371666200956,0.0893744129694905,established,occasional_2_3,recent_3_5
7175173K105PK,block_sba,0.7231452966341699,0.8006474824368098,established,recurring_4_6,recent_0_2
71751M50S005PK,block_tsb,0.15391630548823607,0.27253604972706824,established,recurring_4_6,recent_3_5
71751M67P005PK,block_hurdle_d3_sqrt_log,0.14006349027508555,0.3176514251181671,established,occasional_2_3,stale_6_11
71751M68K005PK,block_sba,0.6627368860377371,0.6997263891492316,established,recurring_4_6,recent_0_2
71751M76MB0ZNZ,block_seasonal,0.6484646405409954,0.7258981957473275,established,recurring_4_6,recent_0_2
71751M76T005PK,block_seasonal,0.29698536220128235,0.626770196533903,new,occasional_2_3,recent_0_2
71751M79G10000,block_hurdle_d2_sqrt_log,0.6727578631006966,0.6897634050875028,established,recurring_4_6,recent_0_2
7175260B00000,block_sba,0.07459605538118354,0.12425785330930147,established,rare_0_1,recent_0_2
7175360B00000,block_sba,0.07410804103764067,0.12337151439103347,established,rare_0_1,recent_0_2
7176060P205PK,block_hurdle_d2_sqrt_log,0.48599923868564165,0.7153025009611435,established,recurring_4_6,recent_0_2
7176160MB05PK,block_hurdle_d2_full_log,0.17490920419948952,0.35667290192351364,established,recurring_4_6,recent_0_2
7176171L105PK,block_recent6,0.3249227226391167,0.5772313860211973,established,recurring_4_6,recent_0_2
7176173K105PK,block_tsb,0.44304230693072466,0.5919260497590739,established,recurring_4_6,recent_3_5
71761M55T105PK,block_seasonal,0.32080782067595015,0.5002408877568165,developing,recurring_4_6,recent_0_2
71761M68K005PK,block_direct_d2_tweedie,0.5088377319676104,0.6035969626525893,established,recurring_4_6,recent_0_2
71761M75L005PK,block_recent6,0.1753012547548068,0.3536442212554968,established,recurring_4_6,recent_0_2
71761M75L105PK,block_hurdle_d2_full_log,0.38191181168418836,0.6313372555717759,established,recurring_4_6,recent_0_2
71761M76MB0ZNZ,block_recent6,0.34226441136394614,0.3956690545443105,established,recurring_4_6,recent_3_5
7177161M005PK,block_recent6,0.19331416722772843,0.2890964615477989,established,recurring_4_6,stale_6_11
71781M66L00000,block_direct_d2_tweedie,0.36169364885921934,0.6924815067225083,established,recurring_4_6,recent_0_2
7178254P00000,block_direct_d2_tweedie,0.03240120880155322,0.07430108971562746,established,occasional_2_3,recent_0_2
7178277KA05PK,block_tsb,0.22248198595819463,0.377752585616762,established,occasional_2_3,recent_3_5
7179086R10C48,block_hurdle_d2_sqrt_log,0.755194372483534,0.896689292881593,established,recurring_4_6,recent_0_2
7179154P00000,block_recent6,0.02676388003721445,0.07063725627909685,established,occasional_2_3,stale_6_11
7181165DD1799,block_sba,0.1456108555889913,0.1626375546383969,established,occasional_2_3,recent_0_2
7181172L10799,block_hurdle_d2_full_log,0.19918831949958773,0.44550665490396973,established,occasional_2_3,recent_0_2
7181177MJ0799,block_hurdle_d2_full_log,0.3694381764152614,0.42375263354040227,established,recurring_4_6,recent_0_2
7181180J20799,block_hurdle_d2_sqrt_log,0.6641188883154543,0.883637148200168,established,recurring_4_6,recent_0_2
71811M68P20799,block_recent6,0.001220935956796085,0.0014623800434483418,dormant,rare_0_1,dormant_12_plus
71811M68P30799,block_seasonal,0.028048142575620334,0.10666692112561113,established,occasional_2_3,recent_0_2
71811M79G005PK,block_direct_d2_tweedie,0.5096594003964225,0.6289121916271984,established,recurring_4_6,recent_0_2
71812M66L00000,block_hurdle_d2_full_log,0.3148645070178808,0.43110735826366486,established,recurring_4_6,recent_0_2
71813M66L00000,block_sba,0.6479303821242959,0.6149624182833098,established,recurring_4_6,recent_0_2
7182163J00000,block_direct_d2_tweedie,0.41985788706193866,0.671509909852565,established,recurring_4_6,recent_0_2
71821M60M00000,block_hurdle_d2_full_log,0.20518275168902858,0.3092827354945998,established,recurring_4_6,recent_0_2
7182263J00000,block_direct_d2_tweedie,0.3318151695779781,0.6200054342443652,established,recurring_4_6,recent_0_2
71831M76T00000,block_hurdle_d3_sqrt_log,0.036369548743446466,0.03498336319237823,new,rare_0_1,stale_6_11
7183263J00000,block_recent6,0.004059998636912971,0.003398804606529393,established,rare_0_1,stale_6_11
7185160G00000,block_tsb,0.49993479841951793,0.6164941999675136,established,recurring_4_6,recent_3_5
7185261J01000,block_hurdle_d2_sqrt_log,0.7298877820335181,0.806106770338894,established,recurring_4_6,recent_0_2
7187161M005PK,block_hurdle_d2_full_log,0.11200093556772767,0.3618205200996048,established,recurring_4_6,recent_3_5
7211062R00ES5,block_hurdle_d2_full_log,0.39397268926070006,0.46614065964234275,established,recurring_4_6,recent_0_2
7211157M005PK,block_direct_d2_tweedie,0.5371350862304275,0.7364295494929566,established,recurring_4_6,recent_0_2
72111M8440009E,block_direct_d2_tweedie,0.14210313182627407,0.2082711676319354,established,occasional_2_3,recent_3_5
72111M8450009E,block_hurdle_d2_full_log,0.3486644880498649,0.39581819552731484,established,recurring_4_6,recent_0_2
7211254GB0Z2S,block_sba,0.1352411541740414,0.1842098650325974,established,rare_0_1,recent_0_2
7211281A005PK,block_recent6,0.056370280975319265,0.1640763250310272,established,recurring_4_6,recent_3_5
72211M60M005PK,block_recent6,0.001220935956796085,0.0014623800434483418,dormant,rare_0_1,dormant_12_plus
72221M56R005PK,block_hurdle_d2_sqrt_log,0.8054793706711479,0.8439639001130672,established,recurring_4_6,recent_0_2
72311M68P01000,block_hurdle_d2_sqrt_log,0.6132544300443517,0.6431956395250497,established,recurring_4_6,recent_0_2
7231282K00000,block_direct_d2_tweedie,0.05065472623359663,0.16535738710820105,established,occasional_2_3,recent_0_2
72312M79M00000,block_recent6,0.018738352843364017,0.035838182549310774,established,occasional_2_3,stale_6_11
72321M76T00000,block_hurdle_d2_sqrt_log,0.1603952317207095,0.3224911458446867,new,occasional_2_3,recent_0_2
72321M79G00000,block_hurdle_d3_sqrt_log,0.2865289540964278,0.4105108234292596,established,recurring_4_6,recent_0_2
7232353R00000,block_hurdle_d2_full_log,0.34128805904879755,0.5264051625359825,established,recurring_4_6,recent_0_2
72330M74L005PK,block_recent6,0.1897355036838106,0.28472677008402947,established,recurring_4_6,recent_0_2
72333M76M005PK,block_hurdle_d2_full_log,0.3783302034961136,0.589100264800576,established,recurring_4_6,recent_0_2
72361M79M00000,block_sba,0.008741225148528714,0.07969484734866013,established,rare_0_1,recent_3_5
72372M74L105PK,block_hurdle_d2_full_log,0.5496835378256757,0.6608726617022285,established,recurring_4_6,recent_3_5
7239071L00000,block_hurdle_d2_full_log,0.2644103304672933,0.4195302522447246,established,recurring_4_6,recent_0_2
72390M76T00000,block_seasonal,0.16042655418746632,0.6205842211814753,new,occasional_2_3,recent_0_2
7243179M00000,block_hurdle_d2_sqrt_log,0.6836721854100977,0.8700779381333577,established,recurring_4_6,recent_0_2
72432M74T00000,block_seasonal,0.19756085271555687,0.6640118746784056,new,occasional_2_3,recent_0_2
7246073R00000,block_hurdle_d2_full_log,0.3369627301971328,0.5511233417724165,established,recurring_4_6,recent_0_2
7246079P00000,block_direct_d2_tweedie,0.6087132513638315,0.8200051487179714,established,recurring_4_6,recent_0_2
72460M60M00000,block_direct_d2_tweedie,0.5703685449627344,0.6894549079360616,established,recurring_4_6,recent_0_2
72520M68P02000,block_hurdle_d2_full_log,0.6027135022397703,0.7771849794164276,established,recurring_4_6,recent_0_2
7252261M00000,block_recent6,0.0021606819718970613,0.04051229111062495,established,occasional_2_3,stale_6_11
72821M76MA0000,block_direct_d2_tweedie,0.29533624258701574,0.43501616764876605,established,recurring_4_6,recent_0_2
7283165D10000,block_recent6,0.0002126119682572121,0.000404782662847179,dormant,rare_0_1,dormant_12_plus
7283181A01000,block_sba,0.0652118206820361,0.10403960792359028,established,rare_0_1,recent_0_2
7287078A33000,block_recent6,0.052547500624086446,0.07225600936926098,established,occasional_2_3,stale_6_11
73111M62S515PK,block_recent6,0.3377454082765489,0.5884334191928685,established,recurring_4_6,recent_0_2
73310M68P61C8J,block_direct_d2_tweedie,0.5401761402130916,0.7339417444753547,established,recurring_4_6,recent_0_2
73310M68P61GJL,block_hurdle_d2_full_log,0.5295801133055872,0.6345934570900561,established,recurring_4_6,recent_0_2
73410M74L105PK,block_sba,0.02934307094543391,0.09083956525841931,established,recurring_4_6,recent_0_2
73412M53M10U3J,block_recent6,0.25774922514189846,0.3598255599343836,established,recurring_4_6,recent_0_2
7343061J00R8H,block_hurdle_d2_full_log,0.3202358020203929,0.5166012012094665,established,recurring_4_6,recent_0_2
7361052R005PK,block_recent6,0.009592526607180124,0.0016947662293733603,developing,rare_0_1,dormant_12_plus
7361075H015PK,block_tsb,0.11930188348012889,0.19550368724067038,established,rare_0_1,recent_0_2
73610M68P00C48,block_hurdle_d2_sqrt_log,0.6193268871429431,0.8470386611027588,established,recurring_4_6,recent_0_2
73630M76M01GJL,block_hurdle_d2_full_log,0.12820068070712548,0.18848849488502928,established,recurring_4_6,recent_0_2
73820M55R60PSG,block_direct_d2_tweedie,0.03659062789126888,0.14689186200751217,established,occasional_2_3,recent_0_2
7382273R505PK,block_direct_d2_tweedie,0.1065207734825645,0.12062640734016986,established,occasional_2_3,recent_0_2
7382276J00ZCP,block_seasonal,0.041322628241074875,0.08808756295398745,established,occasional_2_3,recent_3_5
73841M68P60C8J,block_direct_d2_tweedie,0.33428240784358604,0.6516405762545364,established,recurring_4_6,recent_0_2
73841M68P60GJL,block_direct_d2_tweedie,0.38452741470049184,0.613706362349548,established,recurring_4_6,recent_0_2
73910M68P01000,block_hurdle_d2_sqrt_log,0.7359745464656836,0.8601407451519332,established,recurring_4_6,recent_0_2
74120M74LA0000,block_recent6,0.35339200833848117,0.4884809561499792,established,recurring_4_6,recent_0_2
74120M79G00000,block_direct_d2_tweedie,0.4188052181858785,0.5631937942853981,established,recurring_4_6,recent_0_2
74461M74L00V6N,block_seasonal,0.5706412640025408,0.7313339308193281,established,recurring_4_6,recent_0_2
74461M76M00000,block_seasonal,0.7348892680588481,0.790819519732772,established,recurring_4_6,recent_0_2
75110M76T60R3F,block_recent6,0.14747589503138617,0.19184156030284077,new,rare_0_1,stale_6_11
75139M70F005PK,block_direct_d2_tweedie,0.32553640205498974,0.4630670329078665,new,rare_0_1,recent_0_2
75430M76M00000,block_sba,0.5494549033923866,0.6285428091919933,established,recurring_4_6,recent_0_2
75463M75J00000,block_recent6,0.2597685186192492,0.4780919638201008,established,recurring_4_6,recent_0_2
75463M79G00000,block_hurdle_d2_full_log,0.2549964892126541,0.43382407615472246,established,recurring_4_6,recent_0_2
7552171L00000,block_hurdle_d2_sqrt_log,0.4719116964554809,0.605905588076491,established,recurring_4_6,recent_3_5
7594165J00000,block_sba,0.3309642519072208,0.6240251283815073,established,recurring_4_6,recent_0_2
7615181A01P4Z,block_recent6,0.17741210922070735,0.2536788392080655,established,recurring_4_6,recent_0_2
7615181A01T01,block_sba,0.09324643762270862,0.0943221912411779,established,rare_0_1,recent_0_2
76237M70F005PK,block_hurdle_d2_full_log,0.04841792179123194,0.08593251891780937,established,occasional_2_3,recent_0_2
76295M53M10P4Z,block_direct_d2_tweedie,0.009040089256323564,0.09338442336834181,established,recurring_4_6,recent_0_2
7666179P005PK,block_hurdle_d3_sqrt_log,0.6123787431413098,0.7860486515652121,established,recurring_4_6,recent_0_2
76661M75L005PK,block_hurdle_d2_full_log,0.23548573720113455,0.5360745087752691,established,recurring_4_6,recent_0_2
7672157L005PK,block_tsb,0.30237786028874436,0.39024937005110155,established,recurring_4_6,recent_3_5
77141M55T000CB,block_recent6,0.42994097275243526,0.5056499171987647,developing,recurring_4_6,recent_0_2
77146M50S000CB,block_hurdle_d2_full_log,0.3621163205100747,0.5277634705804836,established,recurring_4_6,recent_0_2
77171M68L00000,block_direct_d2_tweedie,0.014292036623144577,0.15952580056680346,established,occasional_2_3,recent_3_5
77181M68K005PK,block_hurdle_d2_full_log,0.33441158429278994,0.4820313396489173,established,recurring_4_6,recent_0_2
77181M76M005PK,block_hurdle_d3_sqrt_log,0.33937701988015456,0.3667309589942171,established,recurring_4_6,stale_6_11
77210M76T015PK,block_sba,0.22844471770808775,0.5950852902299822,new,occasional_2_3,recent_0_2
77220M74T005PK,block_sba,0.2756029141035226,0.7704031357999747,new,occasional_2_3,recent_0_2
77221M55T00799,block_tsb,0.39447633095600204,0.5553828817397026,developing,recurring_4_6,recent_0_2
77230M75L000PG,block_hurdle_d2_sqrt_log,0.6930434201349119,0.8194219883710414,established,recurring_4_6,recent_0_2
7724054P105PK,block_hurdle_d3_sqrt_log,0.35493581762682147,0.42648461000461085,established,recurring_4_6,recent_0_2
7724061M005PK,block_direct_d2_tweedie,0.0130893290920264,0.031685720920629976,established,occasional_2_3,recent_3_5
77250M74T005PK,block_hurdle_d3_sqrt_log,0.11473876680556433,0.36545210253415594,new,occasional_2_3,recent_0_2
77250M79M100PG,block_direct_d2_tweedie,0.0026444593334772905,0.0615689505216985,established,recurring_4_6,recent_3_5
77510M73T005PK,block_direct_d2_tweedie,0.0480868438893,0.6156595937057918,new,rare_0_1,recent_0_2
7752061M005PK,block_hurdle_d2_full_log,0.354235238484009,0.6297258770039571,established,recurring_4_6,recent_0_2
77540M74T005PK,block_hurdle_d2_sqrt_log,0.08249785659285706,0.13934137936890284,new,occasional_2_3,recent_3_5
7755078K000PG,block_hurdle_d2_sqrt_log,0.7326587754484293,0.7978656450465286,established,recurring_4_6,recent_0_2
7755365D00000,block_recent6,0.0002126119682572121,0.0,dormant,rare_0_1,dormant_12_plus
7756178R005PK,block_sba,0.013671024993605896,0.11325666792296125,established,rare_0_1,recent_0_2
7758064J10Z2S,block_hurdle_d2_sqrt_log,0.6262019498344715,0.8525769988549633,established,recurring_4_6,recent_0_2
7781163J200PG,block_hurdle_d2_sqrt_log,0.820661653580164,0.8213798449192989,established,recurring_4_6,recent_0_2
77811M58J100PG,block_hurdle_d2_sqrt_log,0.42791737681882763,0.7033230988357749,established,recurring_4_6,recent_0_2
7783179J000PG,block_recent6,0.0019104324114624157,0.029483489067982774,established,occasional_2_3,stale_6_11
77831M79M000PG,block_seasonal,0.06371173838852932,0.09121293664481533,established,recurring_4_6,recent_0_2
77831M80E50000,block_recent6,0.00221448878176728,0.010131515951412314,dormant,rare_0_1,dormant_12_plus
77831M80EC00PG,block_hurdle_d3_sqrt_log,0.4649137042096981,0.6834921948505236,established,recurring_4_6,recent_0_2
7783278R000PG,block_recent6,0.0,0.0,dormant,rare_0_1,dormant_12_plus
77832M67P000PG,block_recent6,0.1295727437250793,0.17249152832756712,established,occasional_2_3,stale_6_11
7784161M00A93,block_hurdle_d2_full_log,0.01331828833220379,0.1263078695157996,established,recurring_4_6,recent_0_2
7813257L01000,block_hurdle_d2_full_log,0.4136290227958094,0.5055732674686022,established,recurring_4_6,recent_0_2
7821565J105PK,block_hurdle_d2_sqrt_log,0.2574224384584138,0.37310587431910036,established,recurring_4_6,recent_3_5
7821965J105PK,block_recent6,0.006623979366078641,0.009163213741073102,dormant,rare_0_1,dormant_12_plus
7822565J105PK,block_direct_d2_tweedie,0.004280605756390128,0.09678137068007837,established,recurring_4_6,recent_3_5
7877361M00000,block_recent6,0.003199230565130534,0.018984164714480025,established,rare_0_1,stale_6_11
8143061A00000,block_recent6,0.007206034224284127,0.011544968687969042,dormant,rare_0_1,dormant_12_plus
8181065J02000,block_hurdle_d2_full_log,0.4912591638189393,0.7152441597652549,established,recurring_4_6,recent_0_2
8181086R00000,block_hurdle_d3_sqrt_log,0.5428249512582186,0.6847078127224091,established,recurring_4_6,recent_0_2
81810M55T01000,block_tsb,0.30687017124980503,0.5695362949344176,developing,recurring_4_6,recent_0_2
8183065J02000,block_recent6,0.010805213014999532,0.06758882664260574,established,occasional_2_3,stale_6_11
8185080G00000,block_recent6,0.0014901283822276966,0.005288084645409192,dormant,occasional_2_3,dormant_12_plus
81850M67P00000,block_direct_d2_tweedie,0.10529691661802508,0.1395478446598076,established,rare_0_1,recent_0_2
81850M74L00000,block_hurdle_d2_full_log,0.265156260942388,0.49078388408303275,established,recurring_4_6,recent_0_2
81850M79G10000,block_recent6,0.12314582452610312,0.17746719085115625,established,occasional_2_3,recent_3_5
81850M79G20000,block_direct_d2_tweedie,0.4291778966105268,0.7452887843142475,established,recurring_4_6,recent_0_2
81860M67P00000,block_direct_d2_tweedie,0.10154373850189492,0.11633054141370741,established,rare_0_1,recent_0_2
81860M79G10000,block_recent6,0.11981094857791426,0.16270400010395533,established,occasional_2_3,recent_3_5
8211065J01000,block_hurdle_d2_sqrt_log,0.7044855573794552,0.8612496222431322,established,recurring_4_6,recent_0_2
82110M55T10000,block_seasonal,0.17091312174352094,0.4023023157425508,developing,recurring_4_6,recent_0_2
82150M820005ES,block_seasonal,0.015941610964371997,0.15918834451613148,established,rare_0_1,recent_0_2
82160M67P10000,block_recent6,0.003200786789366623,0.014071557532550462,established,occasional_2_3,stale_6_11
8220061870000,block_sba,0.10505400300438265,0.12672267265495676,established,rare_0_1,recent_0_2
82200M84880000,block_recent6,0.0006950442113921447,0.02761582776375563,established,occasional_2_3,stale_6_11
8228061810000,block_direct_d2_tweedie,0.0036273523749511686,0.08126475602243083,established,occasional_2_3,recent_0_2
8228076872000,block_recent6,0.015294063254829696,0.08620508878850962,established,occasional_2_3,stale_6_11
82280M79811000,block_direct_d2_tweedie,0.6442766918050951,0.8492966412327025,established,recurring_4_6,recent_0_2
82302M68P15000,block_direct_d2_tweedie,0.3521050077152458,0.5112771384274452,established,recurring_4_6,recent_0_2
82504M84500000,block_direct_d2_tweedie,0.22679050927729494,0.29218383679635396,established,occasional_2_3,recent_3_5
82510M53M00000,block_recent6,0.185882699946367,0.23029150958395653,established,occasional_2_3,stale_6_11
82510M60M51000,block_recent6,0.18161879994674612,0.40652714669907714,established,recurring_4_6,recent_0_2
82570M53810000,block_hurdle_d2_full_log,0.6177878333819141,0.851278414130644,established,recurring_4_6,recent_0_2
82570M53M00000,block_sba,0.5184616937890457,0.7348368258236265,established,recurring_4_6,recent_0_2
82651M74K00000,block_seasonal,0.3127126727297105,0.34922427118309873,established,recurring_4_6,recent_0_2
8276161A00000,block_direct_d2_tweedie,0.0008631789236497243,0.08949507974406555,established,occasional_2_3,recent_3_5
82811M75J00000,block_hurdle_d2_full_log,0.18053586822925372,0.5084940703683349,established,recurring_4_6,recent_0_2
8281257LA0ZNL,block_hurdle_d2_full_log,0.10271057991697483,0.22133465839660477,established,recurring_4_6,recent_0_2
82814M75J00000,block_hurdle_d2_sqrt_log,0.18834435979143138,0.34416894656119124,established,recurring_4_6,recent_3_5
82840M68P005PK,block_recent6,0.0007385037136611526,0.0007372884648527925,dormant,rare_0_1,dormant_12_plus
8285081A125PK,block_sba,0.06295082175388246,0.12890763253776732,established,rare_0_1,recent_0_2
8285081A225PK,block_direct_d2_tweedie,0.020341727770625033,0.1129942100886662,established,recurring_4_6,recent_0_2
8296060G00T01,block_sba,0.05925789498794132,0.08278911871212691,established,rare_0_1,recent_0_2
82960M60G005ES,block_hurdle_d2_full_log,0.3931033194995504,0.4472308220023852,established,recurring_4_6,recent_0_2
82960M60G00P4Z,block_hurdle_d2_sqrt_log,0.48738787588189525,0.5906082680798868,established,recurring_4_6,recent_0_2
82960M60G00V6N,block_recent6,0.0005258917454039405,0.0007372884648527925,dormant,rare_0_1,dormant_12_plus
8298265D00P4Z,block_hurdle_d2_full_log,0.1471020222496436,0.2352475042815247,established,recurring_4_6,recent_3_5
82982M65D00000,block_hurdle_d2_sqrt_log,0.43475987840147035,0.7253637637358263,established,recurring_4_6,recent_0_2
82982M65D005PK,block_sba,0.3927581740174714,0.7318333272364124,established,recurring_4_6,recent_0_2
83101M53M10GCY,block_direct_d2_tweedie,0.0038193559216247604,0.08449170914007231,established,occasional_2_3,recent_0_2
8313063JC0C48,block_recent6,0.0737925486348639,0.061825458668068246,developing,rare_0_1,stale_6_11
83401M55R01000,block_direct_d2_tweedie,0.014277177232616574,0.09605204825609429,established,recurring_4_6,recent_0_2
83402M79G50000,block_direct_d2_tweedie,0.5417617670385182,0.7171786361788025,established,recurring_4_6,recent_0_2
8344060A00000,block_direct_d2_tweedie,0.006966265047402596,0.06674615271032437,established,occasional_2_3,recent_0_2
8366152R01000,block_hurdle_d2_full_log,0.38996396883326834,0.6294498905590429,established,recurring_4_6,recent_0_2
83661M68P01000,block_direct_d2_tweedie,0.4688292832934258,0.6888798239131437,established,recurring_4_6,recent_0_2
83665M68P01000,block_direct_d2_tweedie,0.44113833427061144,0.5483451000519134,established,recurring_4_6,recent_0_2
83714M62B00000,block_recent6,0.0020138814871622905,0.001286356492354612,dormant,rare_0_1,dormant_12_plus
83740M62S005PK,block_seasonal,0.0015384701755963828,0.05557401654057326,established,rare_0_1,recent_3_5
83755M74L005PK,block_direct_d2_tweedie,0.08611094098670678,0.14907408046444617,established,occasional_2_3,recent_3_5
8381065A00000,block_sba,0.1209658506807703,0.16540429060914105,established,rare_0_1,recent_0_2
8381152R02000,block_hurdle_d2_full_log,0.28734833524310244,0.5807262325539392,established,recurring_4_6,recent_0_2
8381165J00000,block_hurdle_d2_full_log,0.5153785194914885,0.7625364991781053,established,recurring_4_6,recent_0_2
8381173R00000,block_direct_d2_tweedie,0.02137597657020158,0.1674440636159548,established,recurring_4_6,recent_3_5
8381180J00000,block_hurdle_d2_full_log,0.36387697236336275,0.5144584711902618,established,recurring_4_6,recent_0_2
83811M68P00000,block_direct_d2_tweedie,0.5310261953443963,0.6216262289324389,established,recurring_4_6,recent_0_2
83811M74L01000,block_direct_d2_tweedie,0.1393249510014146,0.16993218228528184,established,occasional_2_3,recent_0_2
83811M79G11000,block_hurdle_d2_sqrt_log,0.6571429055305,0.7936994763098415,established,recurring_4_6,recent_3_5
8382065A00000,block_sba,0.1209658506807703,0.16540429060914105,established,rare_0_1,recent_0_2
8382165J00000,block_hurdle_d2_full_log,0.4127004095884552,0.6682176778019354,established,recurring_4_6,recent_0_2
83821M74L01000,block_hurdle_d2_sqrt_log,0.7230777696975055,0.6969143519582023,established,recurring_4_6,recent_0_2
83821M79G11000,block_tsb,0.4717993410091416,0.6404007578507797,established,recurring_4_6,recent_3_5
8383165J00000,block_recent6,0.3102463118309565,0.4772076268191736,established,recurring_4_6,recent_0_2
83831M79G00000,block_tsb,0.5640963609626287,0.7393282847595979,established,recurring_4_6,recent_3_5
8384165J00000,block_sba,0.5680174533264591,0.737232521214688,established,recurring_4_6,recent_0_2
83841M79G01000,block_tsb,0.6566902198047291,0.7346344341250156,established,recurring_4_6,recent_3_5
8392165J010CB,block_hurdle_d2_sqrt_log,0.7396226618046693,0.847446122298201,established,recurring_4_6,recent_0_2
83922M68P000CB,block_recent6,0.29624075872870553,0.27136473188266613,established,occasional_2_3,stale_6_11
8392364J010CB,block_recent6,0.0,0.0016034275882871615,dormant,rare_0_1,dormant_12_plus
8392471L200CE,block_recent6,0.39146799572799945,0.5022851488462032,established,recurring_4_6,recent_0_2
83924M74T000CB,block_sba,0.13294978549502248,0.39632901153614,new,occasional_2_3,recent_0_2
83924M76T100CB,block_tsb,0.018498945601986533,0.056406401613254595,new,rare_0_1,recent_3_5
8394068L50000,block_hurdle_d2_sqrt_log,0.584471416891261,0.7530447151230545,established,recurring_4_6,recent_3_5
83940M55T010PG,block_seasonal,0.41697729277207324,0.5923465195153481,developing,recurring_4_6,recent_0_2
83940M74L00000,block_direct_d2_tweedie,0.03192122887741597,0.07639024997781331,established,occasional_2_3,recent_0_2
83940M74T01ZHJ,block_recent6,0.08775857084607791,0.4851576786111156,new,rare_0_1,recent_0_2
83943M68P00000,block_direct_d2_tweedie,0.09078985161059659,0.18459233371926476,established,occasional_2_3,recent_3_5
83970M55T00000,block_recent6,0.011926207936942943,0.0045072330167329555,developing,rare_0_1,dormant_12_plus
8450162R02000,block_sba,0.02163708451806118,0.062073603756234,established,occasional_2_3,recent_0_2
8450171L02000,block_direct_d2_tweedie,0.01923502107107552,0.11826080753307332,established,occasional_2_3,recent_0_2
84501M56R00000,block_hurdle_d2_sqrt_log,0.7739621431083791,0.8652909471695699,established,recurring_4_6,recent_0_2
8450373R00000,block_recent6,0.17969522394740228,0.33571898819713164,established,recurring_4_6,recent_0_2
84503M62S00000,block_hurdle_d2_sqrt_log,0.7698065500269713,0.8901244940907443,established,recurring_4_6,recent_0_2
84504M68P00000,block_hurdle_d3_sqrt_log,0.8215253385962659,0.9042998511339403,established,recurring_4_6,recent_0_2
8451061M02000,block_hurdle_d2_sqrt_log,0.731626988041913,0.8715823129480793,established,recurring_4_6,recent_0_2
84510M76T21000,block_sba,0.2710426038817681,0.5743650501490782,new,occasional_2_3,recent_3_5
84510M76T31000,block_tsb,0.4090808727283032,0.6925601283331623,new,recurring_4_6,recent_0_2
84511M53M00000,block_direct_d2_tweedie,0.5543801644448666,0.7336172473142409,established,recurring_4_6,recent_0_2
84511M68K00000,block_hurdle_d3_sqrt_log,0.31286494766426903,0.37823734705793466,established,recurring_4_6,recent_3_5
8454154P01000,block_hurdle_d2_full_log,0.5511311886036463,0.6988345678926128,established,recurring_4_6,recent_0_2
84541M56R00000,block_direct_d2_tweedie,0.5616091921467927,0.7601363122324585,established,recurring_4_6,recent_0_2
84570M62S10000,block_hurdle_d2_sqrt_log,0.7564926557925677,0.8317825569529687,established,recurring_4_6,recent_0_2
84570M67P10000,block_hurdle_d2_sqrt_log,0.41723036938642677,0.5267383879150735,established,recurring_4_6,recent_0_2
8458065J02000,block_hurdle_d2_sqrt_log,0.7768406970353402,0.8741313658151456,established,recurring_4_6,recent_0_2
8458080J01000,block_seasonal,0.011186843656186801,0.05969420078044005,established,occasional_2_3,recent_3_5
84611M76M00000,block_hurdle_d2_sqrt_log,0.6812782703558918,0.7481729840973452,established,recurring_4_6,recent_0_2
84641M77G00000,block_recent6,0.005785375346279038,0.027082972709514375,established,rare_0_1,stale_6_11
8470161LVBZJ3,block_hurdle_d2_full_log,0.5527962216682327,0.5610294850099344,established,recurring_4_6,recent_0_2
8470178R005PK,block_recent6,0.0002456325477781685,0.0008387279932835216,developing,rare_0_1,dormant_12_plus
8470181A015PK,block_recent6,0.33235381169595485,0.44248998475080653,established,recurring_4_6,recent_0_2
84701M53M005PK,block_sba,0.10125766659572974,0.18358669688004545,established,occasional_2_3,recent_0_2
84701M55TG0ZHJ,block_tsb,0.18091708554154873,0.5239381647699686,developing,recurring_4_6,recent_0_2
84701M56R50ZHJ,block_hurdle_d2_sqrt_log,0.6695662788752449,0.7700731926880772,established,recurring_4_6,recent_0_2
84701M67P30000,block_hurdle_d2_full_log,0.33189013815236146,0.3534912507222202,established,rare_0_1,recent_0_2
84701M68K1026U,block_direct_d2_tweedie,0.4550504758479011,0.6152713986143024,established,recurring_4_6,recent_0_2
84701M79G30000,block_tsb,0.4584793157538559,0.6526076368109981,established,recurring_4_6,recent_3_5
84701M80TA05PK,block_direct_d2_tweedie,0.04344359568132875,0.62016430787206,new,rare_0_1,recent_0_2
84701M84330000,block_tsb,0.4432256487096864,0.5456239259728947,established,recurring_4_6,recent_0_2
8470277A005PK,block_recent6,0.053454104311949246,0.08313831444302643,established,rare_0_1,stale_6_11
8470281A215PK,block_sba,0.014037900887207213,0.15612848834810453,established,rare_0_1,recent_0_2
84702M53T005PK,block_hurdle_d3_sqrt_log,0.0855348140638459,0.5887686002825844,new,rare_0_1,recent_0_2
84702M67P30000,block_hurdle_d2_sqrt_log,0.5716964257431926,0.6544969793942111,established,recurring_4_6,recent_0_2
84702M67P4026U,block_hurdle_d2_sqrt_log,0.7263150524959662,0.8129444440435989,established,recurring_4_6,recent_0_2
84702M68K1026U,block_tsb,0.4449432473214196,0.7204391541837409,established,recurring_4_6,recent_3_5
84702M74L215PK,block_hurdle_d2_sqrt_log,0.7362924460497796,0.7870005262249429,established,recurring_4_6,recent_0_2
84702M80TA05PK,block_direct_d2_tweedie,0.04344359568132875,0.62016430787206,new,rare_0_1,recent_0_2
84702M80TJ0WB3,block_sba,0.19586027710960988,0.7022058762195154,new,rare_0_1,recent_0_2
84702M84320000,block_sba,0.6078973000833694,0.8064894028091228,established,recurring_4_6,recent_0_2
8470381A14V12,block_recent6,0.0,0.0,dormant,rare_0_1,dormant_12_plus
8471573K00RX0OTS,block_direct_d2_tweedie,0.06270191154206782,0.09515757385669306,established,occasional_2_3,recent_0_2
8473077MB1000,block_recent6,0.0068321984990277,0.010577942173010065,established,occasional_2_3,stale_6_11
84730M55T00000,block_hurdle_d3_sqrt_log,0.49183282993300886,0.5984422517247407,developing,recurring_4_6,recent_0_2
84730M56R00000,block_sba,0.681891479163289,0.8334786312053205,established,recurring_4_6,recent_0_2
84730M67P00000,block_tsb,0.4628467282368386,0.5808221604561117,established,recurring_4_6,recent_0_2
84730M74L20000,block_hurdle_d3_sqrt_log,0.7519258120870793,0.8243228526017055,established,recurring_4_6,recent_0_2
84730M74T00000,block_tsb,0.224408257213709,0.7124932940790009,new,occasional_2_3,recent_0_2
84730M76T00000,block_direct_d2_tweedie,0.1531271253594243,0.2732670824753716,developing,occasional_2_3,recent_0_2
84740M74L20000,block_direct_d2_tweedie,0.5918881497275534,0.6768535395306723,established,recurring_4_6,recent_3_5
84740M74T00000,block_tsb,0.22378181504250572,0.6905937596305556,new,occasional_2_3,recent_0_2
84740M76T00000,block_tsb,0.297166640287711,0.4807368792609779,developing,recurring_4_6,recent_0_2
8480254P446GS,block_direct_d2_tweedie,0.04810481142724366,0.19923246530049288,established,occasional_2_3,recent_3_5
8485165D006GS,block_sba,0.052806044890074025,0.0735172601372566,established,occasional_2_3,recent_0_2
8485177K006GS,block_hurdle_d2_full_log,0.32484668869030103,0.5076274581131841,established,recurring_4_6,recent_0_2
84901M56R63HLK,block_hurdle_d2_full_log,0.045684254691757215,0.1392674425828574,established,recurring_4_6,recent_0_2
84901M62S51BHE,block_hurdle_d2_full_log,0.7158604769892875,0.8472563316672089,established,recurring_4_6,recent_0_2
84902M62S43BHE,block_seasonal,0.6018740306057095,0.7779477366901857,established,recurring_4_6,recent_0_2
85355M68PA1000,block_sba,0.3512903547902346,0.6816771345606102,established,recurring_4_6,recent_0_2
8687761JA0000,block_recent6,0.0,0.0,dormant,rare_0_1,dormant_12_plus
87205M79G51000,block_direct_d2_tweedie,0.019605190369983694,0.13602175177922268,established,occasional_2_3,recent_0_2
8721174G10P4Z,block_recent6,0.06755019964745632,0.07611219402431664,dormant,occasional_2_3,dormant_12_plus
8721176G11T01,block_recent6,0.00297430201731247,0.016263651143300525,dormant,occasional_2_3,dormant_12_plus
87211M76G00T01,block_direct_d2_tweedie,0.042783389232694875,0.10443024487376298,established,occasional_2_3,recent_3_5
87286M81P00000,block_seasonal,0.08891491997047492,0.2244473435773812,established,recurring_4_6,recent_0_2
87491M68P105PK,block_hurdle_d2_full_log,0.5228963825658388,0.6339010043284099,established,recurring_4_6,recent_0_2
87991M68P105PK,block_hurdle_d2_sqrt_log,0.6476851380712331,0.7625693397124191,established,recurring_4_6,recent_0_2
88912M76M00000,block_recent6,0.0002126119682572121,0.00023423193220050253,dormant,rare_0_1,dormant_12_plus
88921M68P01000,block_tsb,0.4439669470397085,0.6092061560273216,established,recurring_4_6,recent_3_5
8926050J00000,block_hurdle_d2_sqrt_log,0.3700105660569422,0.5870832866813211,established,recurring_4_6,recent_0_2
89969M52R00000,block_tsb,0.7059333239983259,0.8069547536036963,established,recurring_4_6,recent_0_2
89969M63J00000,block_hurdle_d2_full_log,0.40039764787425447,0.5881275723038132,established,recurring_4_6,recent_0_2
9531071L01000,block_direct_d2_tweedie,0.6484387145665474,0.7667916880912201,established,recurring_4_6,recent_0_2
95310M68K00000,block_direct_d2_tweedie,0.40426033017336466,0.6480552274981802,established,recurring_4_6,recent_0_2
