sku_id,variant,demand_type,model,wmape_percent
0911912012000,all_sku_history,erratic,chronos_2_erratic_features_plus_external,43.98526620864868
09140M12040000,all_sku_history,erratic,chronos_2_erratic_features_plus_external,73.27445073866508
0915912057000,all_sku_history,erratic,chronos_2_erratic_features_plus_external,137.21214882163116
09209M09L02000,all_sku_history,erratic,chronos_2_erratic_features_plus_external,49.13715851771367
0924616021000,all_sku_history,erratic,chronos_2_erratic_features_plus_external,81.58510274034205
0928335052000,all_sku_history,erratic,chronos_2_erratic_features_plus_external,92.87535973957607
0928348007000,all_sku_history,erratic,chronos_2_erratic_features_plus_external,94.05684508094492
0940907340000,all_sku_history,erratic,chronos_2_erratic_features_plus_external,60.176666039870796
09409M07355000,all_sku_history,erratic,chronos_2_erratic_features_plus_external,79.68023658558062
09409M08006000,all_sku_history,erratic,chronos_2_erratic_features_plus_external,75.13881232631644
09409M10L04000,all_sku_history,erratic,chronos_2_erratic_features_plus_external,114.37368425492946
11610M53M00000,all_sku_history,erratic,chronos_2_erratic_features_plus_external,84.00773646983694
11610M68K03000,all_sku_history,erratic,chronos_2_erratic_features_plus_external,76.72132633883378
11620M53M00000,all_sku_history,erratic,chronos_2_erratic_features_plus_external,79.73672715100375
11710M53M00000,all_sku_history,erratic,chronos_2_erratic_features_plus_external,68.82895737886429
17100M62S00000,all_sku_history,erratic,chronos_2_erratic_features_plus_external,65.3418240222064
17213M76M00000,all_sku_history,erratic,chronos_2_erratic_features_plus_external,61.82407321351947
17214M76M10000,all_sku_history,erratic,chronos_2_erratic_features_plus_external,71.98469042778015
17700M53M20000,all_sku_history,erratic,chronos_2_erratic_features_plus_external,80.06756609136409
17700M76M10000,all_sku_history,erratic,chronos_2_erratic_features_plus_external,74.94432313101632
17700M83P00000,all_sku_history,erratic,chronos_2_erratic_features_plus_external,73.76951376597086
3512065J32000,all_sku_history,erratic,chronos_2_erratic_features_plus_external,62.64493384603726
3512071L20000,all_sku_history,erratic,chronos_2_erratic_features_plus_external,86.5703325117788
35120M68K20000,all_sku_history,erratic,chronos_2_erratic_features_plus_external,81.52519772792685
35121M53MB0000,all_sku_history,erratic,chronos_2_erratic_features_plus_external,67.5139358598892
35121M60M10000,all_sku_history,erratic,chronos_2_erratic_features_plus_external,103.89862656593323
35121M62S30000,all_sku_history,erratic,chronos_2_erratic_features_plus_external,45.727706291306184
35121M67P10000,all_sku_history,erratic,chronos_2_erratic_features_plus_external,114.72082770232
35121M74L01000,all_sku_history,erratic,chronos_2_erratic_features_plus_external,71.62251396382109
35121M76M50000,all_sku_history,erratic,chronos_2_erratic_features_plus_external,71.34758643249968
35153M59K10000,all_sku_history,erratic,chronos_2_erratic_features_plus_external,131.9410179891894
35300M74TB1000,all_sku_history,erratic,chronos_2_erratic_features_plus_external,55.68938933312892
3532064J31000,all_sku_history,erratic,chronos_2_erratic_features_plus_external,76.81343609636481
3532065J32000,all_sku_history,erratic,chronos_2_erratic_features_plus_external,89.57317537731595
3532071L20000,all_sku_history,erratic,chronos_2_erratic_features_plus_external,60.84418429268731
3532079P30000,all_sku_history,erratic,chronos_2_erratic_features_plus_external,62.61978857219219
35321M53MB0000,all_sku_history,erratic,chronos_2_erratic_features_plus_external,56.237317721048996
35321M55T53000,all_sku_history,erratic,chronos_2_erratic_features_plus_external,48.77757486635751
35321M67P10000,all_sku_history,erratic,chronos_2_erratic_features_plus_external,93.71004807643402
35321M68K21000,all_sku_history,erratic,chronos_2_erratic_features_plus_external,88.17809590926538
35321M74L01000,all_sku_history,erratic,chronos_2_erratic_features_plus_external,61.42708894818328
35321M76M50000,all_sku_history,erratic,chronos_2_erratic_features_plus_external,44.333809759558704
3550054P01000,all_sku_history,erratic,chronos_2_erratic_features_plus_external,81.57048291630215
35501M67P00000,all_sku_history,erratic,chronos_2_erratic_features_plus_external,80.18057087193364
3565064J21000,all_sku_history,erratic,chronos_2_erratic_features_plus_external,87.73128467221414
3565065J21000,all_sku_history,erratic,chronos_2_erratic_features_plus_external,95.76634921525654
3565077R00000,all_sku_history,erratic,chronos_2_erratic_features_plus_external,53.36667567491531
3565079P00000,all_sku_history,erratic,chronos_2_erratic_features_plus_external,75.70712685585022
35650M53M00000,all_sku_history,erratic,chronos_2_erratic_features_plus_external,92.45608752056704
35650M66L00000,all_sku_history,erratic,chronos_2_erratic_features_plus_external,125.53469332364888
35650M67P00000,all_sku_history,erratic,chronos_2_erratic_features_plus_external,101.11726756955757
35650M74L00000,all_sku_history,erratic,chronos_2_erratic_features_plus_external,78.95370986726549
35650M75T00000,all_sku_history,erratic,chronos_2_erratic_features_plus_external,99.57339059222828
35651M68K00000,all_sku_history,erratic,chronos_2_erratic_features_plus_external,59.74272131919861
35651M75L00000,all_sku_history,erratic,chronos_2_erratic_features_plus_external,86.97946200499663
35651M76M00000,all_sku_history,erratic,chronos_2_erratic_features_plus_external,89.20999401145511
3567060K00000,all_sku_history,erratic,chronos_2_erratic_features_plus_external,83.88686259587605
3567061M10000,all_sku_history,erratic,chronos_2_erratic_features_plus_external,61.17269737379891
3567064J20000,all_sku_history,erratic,chronos_2_erratic_features_plus_external,44.88268223675815
3567071L00000,all_sku_history,erratic,chronos_2_erratic_features_plus_external,71.63209373300727
3567079P00000,all_sku_history,erratic,chronos_2_erratic_features_plus_external,129.23530212470465
35670M74L00000,all_sku_history,erratic,chronos_2_erratic_features_plus_external,68.40962977022738
35671M68K00000,all_sku_history,erratic,chronos_2_erratic_features_plus_external,76.65101289749146
35671M75L00000,all_sku_history,erratic,chronos_2_erratic_features_plus_external,70.98725465211001
35750M53M00000,all_sku_history,erratic,chronos_2_erratic_features_plus_external,75.95316015538715
35750M66L00000,all_sku_history,erratic,chronos_2_erratic_features_plus_external,101.24768674373628
35750M67P00000,all_sku_history,erratic,chronos_2_erratic_features_plus_external,66.44677091389894
35750M75T00000,all_sku_history,erratic,chronos_2_erratic_features_plus_external,71.69463100104497
3591075F12000,all_sku_history,erratic,chronos_2_erratic_features_plus_external,81.63251671940088
36250M74T15000,all_sku_history,erratic,chronos_2_erratic_features_plus_external,88.77064458867336
3625479P01000,all_sku_history,erratic,chronos_2_erratic_features_plus_external,72.02611073203708
3625486R20000,all_sku_history,erratic,chronos_2_erratic_features_plus_external,83.67654418945312
36410M67K00000,all_sku_history,erratic,chronos_2_erratic_features_plus_external,64.02372412565278
38450M68K00000,all_sku_history,erratic,chronos_2_erratic_features_plus_external,89.07800387768519
38450M74L10000,all_sku_history,erratic,chronos_2_erratic_features_plus_external,88.66619716991077
38450M76M00000,all_sku_history,erratic,chronos_2_erratic_features_plus_external,55.10719323158264
38453M75000000,all_sku_history,erratic,chronos_2_erratic_features_plus_external,119.01185035705566
3925164J00000,all_sku_history,erratic,chronos_2_erratic_features_plus_external,76.44930470664546
3932152R00000,all_sku_history,erratic,chronos_2_erratic_features_plus_external,79.25992480346135
39321M62S10000,all_sku_history,erratic,chronos_2_erratic_features_plus_external,54.2559304327335
3932252R00000,all_sku_history,erratic,chronos_2_erratic_features_plus_external,72.49012192090353
41710M74L00000,all_sku_history,erratic,chronos_2_erratic_features_plus_external,103.25141775196995
4243163J10000,all_sku_history,erratic,chronos_2_erratic_features_plus_external,62.755126710150655
4321078R010BK,all_sku_history,erratic,chronos_2_erratic_features_plus_external,87.8661721944809
43210M55T5027N,all_sku_history,erratic,chronos_2_erratic_features_plus_external,57.89213211108477
43210M55T60QC8,all_sku_history,erratic,chronos_2_erratic_features_plus_external,57.05813063672308
43210M68P1009L,all_sku_history,erratic,chronos_2_erratic_features_plus_external,69.26461795965831
43210M68P60ZMQ,all_sku_history,erratic,chronos_2_erratic_features_plus_external,45.12091963379471
43210M75T60QC8,all_sku_history,erratic,chronos_2_erratic_features_plus_external,72.6529894556318
43210M79G5309L,all_sku_history,erratic,chronos_2_erratic_features_plus_external,54.35455854122455
43250M62S0027N,all_sku_history,erratic,chronos_2_erratic_features_plus_external,46.65269756317139
43250M67K0027N,all_sku_history,erratic,chronos_2_erratic_features_plus_external,73.01549036827313
43250M75T0027N,all_sku_history,erratic,chronos_2_erratic_features_plus_external,83.62202562134841
43250M81R1027N,all_sku_history,erratic,chronos_2_erratic_features_plus_external,85.79736139093127
43250M83P0027N,all_sku_history,erratic,chronos_2_erratic_features_plus_external,59.998547852928965
4325283S000PG,all_sku_history,erratic,chronos_2_erratic_features_plus_external,91.29257000667948
43252M67L00AQY,all_sku_history,erratic,chronos_2_erratic_features_plus_external,84.41203288864672
48150M68P10C48,all_sku_history,erratic,chronos_2_erratic_features_plus_external,118.0348155590204
5730065811000,all_sku_history,erratic,chronos_2_erratic_features_plus_external,99.15335289267605
57300M53M00000,all_sku_history,erratic,chronos_2_erratic_features_plus_external,74.32409458690219
57300M67P00000,all_sku_history,erratic,chronos_2_erratic_features_plus_external,79.05652366186443
57300M74L00000,all_sku_history,erratic,chronos_2_erratic_features_plus_external,65.37747737907227
57300M76M00000,all_sku_history,erratic,chronos_2_erratic_features_plus_external,79.94094167436873
57410M62S00000,all_sku_history,erratic,chronos_2_erratic_features_plus_external,61.93845828374227
57410M74L00000,all_sku_history,erratic,chronos_2_erratic_features_plus_external,60.25587075795883
57410M76M00000,all_sku_history,erratic,chronos_2_erratic_features_plus_external,81.21994078159332
57410M79G00000,all_sku_history,erratic,chronos_2_erratic_features_plus_external,78.2384199400743
5742054P00000,all_sku_history,erratic,chronos_2_erratic_features_plus_external,73.76013858751817
57420M62S00000,all_sku_history,erratic,chronos_2_erratic_features_plus_external,56.20996383103457
57420M67P00000,all_sku_history,erratic,chronos_2_erratic_features_plus_external,86.18272542953491
57420M74L00000,all_sku_history,erratic,chronos_2_erratic_features_plus_external,96.25457184655326
57420M76M00000,all_sku_history,erratic,chronos_2_erratic_features_plus_external,82.48920189706904
57420M79G00000,all_sku_history,erratic,chronos_2_erratic_features_plus_external,108.87779176235199
5761065J10000,all_sku_history,erratic,chronos_2_erratic_features_plus_external,66.22976437211037
5761154P00000,all_sku_history,erratic,chronos_2_erratic_features_plus_external,100.55230820880216
57611M53M00000,all_sku_history,erratic,chronos_2_erratic_features_plus_external,108.64508612589403
57611M55T00000,all_sku_history,erratic,chronos_2_erratic_features_plus_external,39.89586894328777
57611M67P01000,all_sku_history,erratic,chronos_2_erratic_features_plus_external,86.80845192500524
57611M75T10000,all_sku_history,erratic,chronos_2_erratic_features_plus_external,67.0259809961506
5771065J10000,all_sku_history,erratic,chronos_2_erratic_features_plus_external,73.34339618682861
57711M53M00000,all_sku_history,erratic,chronos_2_erratic_features_plus_external,91.34905877567473
57711M67P01000,all_sku_history,erratic,chronos_2_erratic_features_plus_external,55.55272556486584
57711M68K10000,all_sku_history,erratic,chronos_2_erratic_features_plus_external,77.20987745693752
57711M71P00000,all_sku_history,erratic,chronos_2_erratic_features_plus_external,83.21708902007057
57711M75T10000,all_sku_history,erratic,chronos_2_erratic_features_plus_external,96.76821444715772
57711M76M00000,all_sku_history,erratic,chronos_2_erratic_features_plus_external,61.32774997401882
58121M53M00000,all_sku_history,erratic,chronos_2_erratic_features_plus_external,66.30311551548186
58200M80T00000,all_sku_history,erratic,chronos_2_erratic_features_plus_external,72.17082671630078
5823052R00000,all_sku_history,erratic,chronos_2_erratic_features_plus_external,70.9554597735405
58230M53M00000,all_sku_history,erratic,chronos_2_erratic_features_plus_external,92.07494421438737
58230M62S00000,all_sku_history,erratic,chronos_2_erratic_features_plus_external,72.3228703374448
58230M68K01000,all_sku_history,erratic,chronos_2_erratic_features_plus_external,79.67239916324615
5826077K00000,all_sku_history,erratic,chronos_2_erratic_features_plus_external,57.22153638971263
58270M68K00000,all_sku_history,erratic,chronos_2_erratic_features_plus_external,60.348481398362374
58270M75T00000,all_sku_history,erratic,chronos_2_erratic_features_plus_external,132.0229831494783
58270M76M01000,all_sku_history,erratic,chronos_2_erratic_features_plus_external,81.9119203658331
58280M68K00000,all_sku_history,erratic,chronos_2_erratic_features_plus_external,72.08247780799866
58811M78R00000,all_sku_history,erratic,chronos_2_erratic_features_plus_external,86.61519069420663
65500M55T10000,all_sku_history,erratic,chronos_2_erratic_features_plus_external,68.56592075769291
65561M74L00000,all_sku_history,erratic,chronos_2_erratic_features_plus_external,46.98693626805356
68001M55T20000,all_sku_history,erratic,chronos_2_erratic_features_plus_external,48.217520158584804
68001M62S12000,all_sku_history,erratic,chronos_2_erratic_features_plus_external,88.14817575307993
68002M55T20000,all_sku_history,erratic,chronos_2_erratic_features_plus_external,66.07222529018625
69100M53M00000,all_sku_history,erratic,chronos_2_erratic_features_plus_external,76.8854366030012
69100M67P10000,all_sku_history,erratic,chronos_2_erratic_features_plus_external,65.70670786831114
71079M74T00000,all_sku_history,erratic,chronos_2_erratic_features_plus_external,111.9252895867383
7171064R00ZQ4,all_sku_history,erratic,chronos_2_erratic_features_plus_external,56.44909471705339
7171154L10799,all_sku_history,erratic,chronos_2_erratic_features_plus_external,110.17399744855032
7171161P00799,all_sku_history,erratic,chronos_2_erratic_features_plus_external,82.64330656904923
7171178R015PK,all_sku_history,erratic,chronos_2_erratic_features_plus_external,52.54189619651207
7171179P00799,all_sku_history,erratic,chronos_2_erratic_features_plus_external,42.56436727484878
71711M53MA05PK,all_sku_history,erratic,chronos_2_erratic_features_plus_external,90.18165890512795
71711M53MA0799,all_sku_history,erratic,chronos_2_erratic_features_plus_external,104.25769053399563
71711M53MB05PK,all_sku_history,erratic,chronos_2_erratic_features_plus_external,127.09617668932134
71711M56R00799,all_sku_history,erratic,chronos_2_erratic_features_plus_external,55.247388488944914
71711M62S005PK,all_sku_history,erratic,chronos_2_erratic_features_plus_external,27.22801430390613
71711M66L005PK,all_sku_history,erratic,chronos_2_erratic_features_plus_external,133.45081262728746
71711M67P00799,all_sku_history,erratic,chronos_2_erratic_features_plus_external,83.87739745582023
71711M68K00799,all_sku_history,erratic,chronos_2_erratic_features_plus_external,77.10696399211884
71711M73T115PK,all_sku_history,erratic,chronos_2_erratic_features_plus_external,61.11217427371752
71711M74L00799,all_sku_history,erratic,chronos_2_erratic_features_plus_external,67.71782129368884
71711M75L00799,all_sku_history,erratic,chronos_2_erratic_features_plus_external,72.8340782225132
71711M76M10799,all_sku_history,erratic,chronos_2_erratic_features_plus_external,67.66807436943054
71711M76T00N49,all_sku_history,erratic,chronos_2_erratic_features_plus_external,46.70231860192096
71711M79M00799,all_sku_history,erratic,chronos_2_erratic_features_plus_external,66.63249135017395
71712M54T00000,all_sku_history,erratic,chronos_2_erratic_features_plus_external,57.32436211485612
71712M55T00000,all_sku_history,erratic,chronos_2_erratic_features_plus_external,65.74604001819579
71712M56R00000,all_sku_history,erratic,chronos_2_erratic_features_plus_external,67.19595577035632
71712M79M00000,all_sku_history,erratic,chronos_2_erratic_features_plus_external,86.70815743652045
71720M76M005PK,all_sku_history,erratic,chronos_2_erratic_features_plus_external,79.41777436963974
7172160K005PK,all_sku_history,erratic,chronos_2_erratic_features_plus_external,75.04649965659432
7172161P005PK,all_sku_history,erratic,chronos_2_erratic_features_plus_external,45.696040746327995
7172177MJ05PK,all_sku_history,erratic,chronos_2_erratic_features_plus_external,96.00196209820834
7172179P005PK,all_sku_history,erratic,chronos_2_erratic_features_plus_external,62.513384222984314
7172186R105PK,all_sku_history,erratic,chronos_2_erratic_features_plus_external,66.81617165313047
71721M56R005PK,all_sku_history,erratic,chronos_2_erratic_features_plus_external,89.87585984998279
71721M60MA05PK,all_sku_history,erratic,chronos_2_erratic_features_plus_external,65.56348482767741
71721M74T005PK,all_sku_history,erratic,chronos_2_erratic_features_plus_external,40.80021072836483
71721M75L005PK,all_sku_history,erratic,chronos_2_erratic_features_plus_external,76.90395567868207
71721M75T005PK,all_sku_history,erratic,chronos_2_erratic_features_plus_external,111.99619928995767
71721M78R005PK,all_sku_history,erratic,chronos_2_erratic_features_plus_external,70.0906909324906
71721M84P005PK,all_sku_history,erratic,chronos_2_erratic_features_plus_external,89.295344799757
7173154GA0000,all_sku_history,erratic,chronos_2_erratic_features_plus_external,100.15376022883824
7173163J20000,all_sku_history,erratic,chronos_2_erratic_features_plus_external,86.92531387011209
7173171L00000,all_sku_history,erratic,chronos_2_erratic_features_plus_external,57.85457985375517
71731M53M00000,all_sku_history,erratic,chronos_2_erratic_features_plus_external,72.13923208049087
71731M53MB0000,all_sku_history,erratic,chronos_2_erratic_features_plus_external,55.34347971873497
71731M66L005PK,all_sku_history,erratic,chronos_2_erratic_features_plus_external,89.9461699568707
71731M67P00000,all_sku_history,erratic,chronos_2_erratic_features_plus_external,62.88879422041086
71731M68K00000,all_sku_history,erratic,chronos_2_erratic_features_plus_external,64.7492378185957
7173262R00000,all_sku_history,erratic,chronos_2_erratic_features_plus_external,56.587176356050705
7173263J20000,all_sku_history,erratic,chronos_2_erratic_features_plus_external,109.06591415405273
7173271L00000,all_sku_history,erratic,chronos_2_erratic_features_plus_external,50.39561885468503
71732M53M00000,all_sku_history,erratic,chronos_2_erratic_features_plus_external,74.44257803366217
71732M66L005PK,all_sku_history,erratic,chronos_2_erratic_features_plus_external,83.96214668949446
71732M67P00000,all_sku_history,erratic,chronos_2_erratic_features_plus_external,69.65174504688808
71732M68K00000,all_sku_history,erratic,chronos_2_erratic_features_plus_external,53.5048579176267
71732M74T00000,all_sku_history,erratic,chronos_2_erratic_features_plus_external,68.45999596610902
71733M55T00000,all_sku_history,erratic,chronos_2_erratic_features_plus_external,49.48099497910384
71733M74L00000,all_sku_history,erratic,chronos_2_erratic_features_plus_external,88.92336943570305
71734M55T00000,all_sku_history,erratic,chronos_2_erratic_features_plus_external,44.32598925844024
71734M68L00000,all_sku_history,erratic,chronos_2_erratic_features_plus_external,89.06537407920474
71734M74T00000,all_sku_history,erratic,chronos_2_erratic_features_plus_external,99.28966905131485
7174054L10D2W,all_sku_history,erratic,chronos_2_erratic_features_plus_external,83.87272979902185
7174073R10CUG,all_sku_history,erratic,chronos_2_erratic_features_plus_external,75.35739126412764
7174079P00C48,all_sku_history,erratic,chronos_2_erratic_features_plus_external,71.1727316562946
7174079S00C48,all_sku_history,erratic,chronos_2_erratic_features_plus_external,39.13599089080212
71740M55T10C48,all_sku_history,erratic,chronos_2_erratic_features_plus_external,61.04776287732059
71740M56R00C48,all_sku_history,erratic,chronos_2_erratic_features_plus_external,78.02613095922784
71740M68T00C48,all_sku_history,erratic,chronos_2_erratic_features_plus_external,28.296368083015818
71740M76MA0C48,all_sku_history,erratic,chronos_2_erratic_features_plus_external,36.66382592457991
71740M76T10KDJ,all_sku_history,erratic,chronos_2_erratic_features_plus_external,66.12196055150801
71740M81R00C48,all_sku_history,erratic,chronos_2_erratic_features_plus_external,41.92621516329901
7174160P005PK,all_sku_history,erratic,chronos_2_erratic_features_plus_external,78.46159129529386
71741M53M005PK,all_sku_history,erratic,chronos_2_erratic_features_plus_external,88.36521974631718
71741M53MA05PK,all_sku_history,erratic,chronos_2_erratic_features_plus_external,60.27453690767288
71741M74L005PK,all_sku_history,erratic,chronos_2_erratic_features_plus_external,102.94635611421921
71741M75L005PK,all_sku_history,erratic,chronos_2_erratic_features_plus_external,65.92950820922852
71741M75T00W9K,all_sku_history,erratic,chronos_2_erratic_features_plus_external,105.47431310017903
71741M76M105PK,all_sku_history,erratic,chronos_2_erratic_features_plus_external,87.62568584302576
71741M83P005PK,all_sku_history,erratic,chronos_2_erratic_features_plus_external,46.65440908620055
71743M76M100PG,all_sku_history,erratic,chronos_2_erratic_features_plus_external,82.406485080719
71744M76M100PG,all_sku_history,erratic,chronos_2_erratic_features_plus_external,120.96619009971619
71745M75T10000,all_sku_history,erratic,chronos_2_erratic_features_plus_external,113.81024546348131
7175172S205PK,all_sku_history,erratic,chronos_2_erratic_features_plus_external,66.02405888693673
7175186R000PG,all_sku_history,erratic,chronos_2_erratic_features_plus_external,53.50893261612103
71751M67P105PK,all_sku_history,erratic,chronos_2_erratic_features_plus_external,72.50111345201731
71751M83P105PK,all_sku_history,erratic,chronos_2_erratic_features_plus_external,84.31903227515842
71752M54T100PG,all_sku_history,erratic,chronos_2_erratic_features_plus_external,48.974712384052765
71752M83P00PWJ,all_sku_history,erratic,chronos_2_erratic_features_plus_external,88.37423082441092
7176179P105PK,all_sku_history,erratic,chronos_2_erratic_features_plus_external,73.42497954765955
71761M52R105PK,all_sku_history,erratic,chronos_2_erratic_features_plus_external,82.46304769625608
71761M67P105PK,all_sku_history,erratic,chronos_2_erratic_features_plus_external,59.134430763049004
71761M68K105PK,all_sku_history,erratic,chronos_2_erratic_features_plus_external,74.47092163151709
71761M74T20ZAM,all_sku_history,erratic,chronos_2_erratic_features_plus_external,58.316127737363175
71761M76MB0Z2S,all_sku_history,erratic,chronos_2_erratic_features_plus_external,91.38628619057792
71761M76MB0ZHJ,all_sku_history,erratic,chronos_2_erratic_features_plus_external,96.83127473382389
71762M54T100PG,all_sku_history,erratic,chronos_2_erratic_features_plus_external,49.48236640070526
7177164R005PK,all_sku_history,erratic,chronos_2_erratic_features_plus_external,103.54623429236874
7177171L00000,all_sku_history,erratic,chronos_2_erratic_features_plus_external,116.77984416484833
7177186R000PG,all_sku_history,erratic,chronos_2_erratic_features_plus_external,52.86690689421989
71771M55T00000,all_sku_history,erratic,chronos_2_erratic_features_plus_external,48.751210375419724
71771M56R100PG,all_sku_history,erratic,chronos_2_erratic_features_plus_external,72.88807498084175
71771M76T00PER,all_sku_history,erratic,chronos_2_erratic_features_plus_external,58.36408079573603
71772M55T00000,all_sku_history,erratic,chronos_2_erratic_features_plus_external,52.925428399094585
71782M56R100PG,all_sku_history,erratic,chronos_2_erratic_features_plus_external,72.32531394277301
71782M66L00000,all_sku_history,erratic,chronos_2_erratic_features_plus_external,74.66110900828713
71782M75T00000,all_sku_history,erratic,chronos_2_erratic_features_plus_external,87.66339358530546
7181179P00799,all_sku_history,erratic,chronos_2_erratic_features_plus_external,71.99096989631653
71811M53M00799,all_sku_history,erratic,chronos_2_erratic_features_plus_external,54.649672508239746
71811M56R00799,all_sku_history,erratic,chronos_2_erratic_features_plus_external,64.77938514006766
71811M56R10799,all_sku_history,erratic,chronos_2_erratic_features_plus_external,68.70085849211766
71811M66L005PK,all_sku_history,erratic,chronos_2_erratic_features_plus_external,112.45077252388
71811M67P01799,all_sku_history,erratic,chronos_2_erratic_features_plus_external,80.76451364017669
71811M68K00799,all_sku_history,erratic,chronos_2_erratic_features_plus_external,100.65953731536865
71811M68P00799,all_sku_history,erratic,chronos_2_erratic_features_plus_external,59.81400012969971
71811M74T00799,all_sku_history,erratic,chronos_2_erratic_features_plus_external,48.51519325865975
71811M75L00799,all_sku_history,erratic,chronos_2_erratic_features_plus_external,96.46992331201379
71811M75T00799,all_sku_history,erratic,chronos_2_erratic_features_plus_external,71.18538542399331
71811M76M00799,all_sku_history,erratic,chronos_2_erratic_features_plus_external,73.20442238161641
71811M80T105PK,all_sku_history,erratic,chronos_2_erratic_features_plus_external,76.34353461088958
7181365L00000,all_sku_history,erratic,chronos_2_erratic_features_plus_external,120.05860432982445
7182173K10000,all_sku_history,erratic,chronos_2_erratic_features_plus_external,41.99006462097168
7182179P00000,all_sku_history,erratic,chronos_2_erratic_features_plus_external,60.698486590872
71821M68K00000,all_sku_history,erratic,chronos_2_erratic_features_plus_external,95.20092010498047
71821M75T00000,all_sku_history,erratic,chronos_2_erratic_features_plus_external,80.61580389738083
71821M79M00000,all_sku_history,erratic,chronos_2_erratic_features_plus_external,156.29798782632707
7182273K10000,all_sku_history,erratic,chronos_2_erratic_features_plus_external,53.405273199081414
7182279P00000,all_sku_history,erratic,chronos_2_erratic_features_plus_external,79.39858039220175
7182280J00000,all_sku_history,erratic,chronos_2_erratic_features_plus_external,88.94056350954116
71822M55T00000,all_sku_history,erratic,chronos_2_erratic_features_plus_external,35.65225949570468
71822M68K00000,all_sku_history,erratic,chronos_2_erratic_features_plus_external,88.57990097492299
71822M75T00000,all_sku_history,erratic,chronos_2_erratic_features_plus_external,84.43637556499905
71822M79M00000,all_sku_history,erratic,chronos_2_erratic_features_plus_external,147.89671095517966
71823M68L00000,all_sku_history,erratic,chronos_2_erratic_features_plus_external,50.89244804074687
7187186R000BK,all_sku_history,erratic,chronos_2_erratic_features_plus_external,67.05089622530444
72310M68K00000,all_sku_history,erratic,chronos_2_erratic_features_plus_external,102.55420488469741
72312M55R00000,all_sku_history,erratic,chronos_2_erratic_features_plus_external,60.89502008337724
72312M68K00000,all_sku_history,erratic,chronos_2_erratic_features_plus_external,66.17225907065651
7232154P00000,all_sku_history,erratic,chronos_2_erratic_features_plus_external,52.277672290802
7232171L00000,all_sku_history,erratic,chronos_2_erratic_features_plus_external,73.50033554765913
72321M53M00000,all_sku_history,erratic,chronos_2_erratic_features_plus_external,59.09300503665453
72321M68K00000,all_sku_history,erratic,chronos_2_erratic_features_plus_external,79.63783901471359
72321M74L00000,all_sku_history,erratic,chronos_2_erratic_features_plus_external,59.237224715096616
72321M76M01000,all_sku_history,erratic,chronos_2_erratic_features_plus_external,62.06718760152017
7232271L00000,all_sku_history,erratic,chronos_2_erratic_features_plus_external,56.66808173769996
72322M53M00000,all_sku_history,erratic,chronos_2_erratic_features_plus_external,50.945343879552986
72322M68K00000,all_sku_history,erratic,chronos_2_erratic_features_plus_external,83.05447930875032
72322M74L00000,all_sku_history,erratic,chronos_2_erratic_features_plus_external,47.66370878844965
72322M76M01000,all_sku_history,erratic,chronos_2_erratic_features_plus_external,92.08394147100903
72371M74L105PK,all_sku_history,erratic,chronos_2_erratic_features_plus_external,102.2974853930266
72380M62S01000,all_sku_history,erratic,chronos_2_erratic_features_plus_external,45.76891944521949
72398M68K00000,all_sku_history,erratic,chronos_2_erratic_features_plus_external,116.4106194789593
72411M74L10000,all_sku_history,erratic,chronos_2_erratic_features_plus_external,90.84433175268627
72420M80T00000,all_sku_history,erratic,chronos_2_erratic_features_plus_external,80.8155906200409
7242252R00000,all_sku_history,erratic,chronos_2_erratic_features_plus_external,55.515690950246956
72431M68L00000,all_sku_history,erratic,chronos_2_erratic_features_plus_external,99.1923043361077
72433M56R00000,all_sku_history,erratic,chronos_2_erratic_features_plus_external,53.89578399204073
72437M68L00000,all_sku_history,erratic,chronos_2_erratic_features_plus_external,58.823053214861
7248265J00000,all_sku_history,erratic,chronos_2_erratic_features_plus_external,55.4805076311505
7282165J00Z2S,all_sku_history,erratic,chronos_2_erratic_features_plus_external,58.00579199715267
73110M68P50ZCA,all_sku_history,erratic,chronos_2_erratic_features_plus_external,79.92393241988289
7343061J00P4Z,all_sku_history,erratic,chronos_2_erratic_features_plus_external,98.28410063471112
73430M75J00P4Z,all_sku_history,erratic,chronos_2_erratic_features_plus_external,49.50518757104874
73821M62S205PK,all_sku_history,erratic,chronos_2_erratic_features_plus_external,77.65619115131658
73821M67P305PK,all_sku_history,erratic,chronos_2_erratic_features_plus_external,110.65588803852306
73831M68P005PK,all_sku_history,erratic,chronos_2_erratic_features_plus_external,93.44111585617065
74120M66L10000,all_sku_history,erratic,chronos_2_erratic_features_plus_external,92.22403621673584
74461M79M005PK,all_sku_history,erratic,chronos_2_erratic_features_plus_external,56.591550976622344
7619171L005PK,all_sku_history,erratic,chronos_2_erratic_features_plus_external,81.5932109951973
7619254P005PK,all_sku_history,erratic,chronos_2_erratic_features_plus_external,66.73781404308244
76520M68P10000,all_sku_history,erratic,chronos_2_erratic_features_plus_external,66.20021593279955
76520M74K01000,all_sku_history,erratic,chronos_2_erratic_features_plus_external,54.179537042658374
77161M68P00000,all_sku_history,erratic,chronos_2_erratic_features_plus_external,89.57602083683014
77210M74T005PK,all_sku_history,erratic,chronos_2_erratic_features_plus_external,51.40299438148417
7726054P005PK,all_sku_history,erratic,chronos_2_erratic_features_plus_external,48.250846351896016
7733061M01000,all_sku_history,erratic,chronos_2_erratic_features_plus_external,63.607857026249526
77330M81R00000,all_sku_history,erratic,chronos_2_erratic_features_plus_external,59.92628070286342
7781158J000PG,all_sku_history,erratic,chronos_2_erratic_features_plus_external,82.31433245443529
77811M58J000PG,all_sku_history,erratic,chronos_2_erratic_features_plus_external,59.24432236572792
77811M63T000PG,all_sku_history,erratic,chronos_2_erratic_features_plus_external,84.71858940626446
7783154GB00PG,all_sku_history,erratic,chronos_2_erratic_features_plus_external,49.455649178961046
77831M68L000PG,all_sku_history,erratic,chronos_2_erratic_features_plus_external,57.921293305187696
77851M54G000PG,all_sku_history,erratic,chronos_2_erratic_features_plus_external,86.07088811695576
8185061J01000,all_sku_history,erratic,chronos_2_erratic_features_plus_external,111.83228934964826
81850M68K00000,all_sku_history,erratic,chronos_2_erratic_features_plus_external,58.25933162556139
81850M68P10000,all_sku_history,erratic,chronos_2_erratic_features_plus_external,65.93966912000607
8186061J01000,all_sku_history,erratic,chronos_2_erratic_features_plus_external,112.13465396847045
81860M68K00000,all_sku_history,erratic,chronos_2_erratic_features_plus_external,58.5282407155851
81860M79G20000,all_sku_history,erratic,chronos_2_erratic_features_plus_external,86.26348033547401
8212177K00000,all_sku_history,erratic,chronos_2_erratic_features_plus_external,115.99015624899613
82801M66L015PK,all_sku_history,erratic,chronos_2_erratic_features_plus_external,80.88590725358709
82801M68K005PK,all_sku_history,erratic,chronos_2_erratic_features_plus_external,71.15526469248645
82802M66L015PK,all_sku_history,erratic,chronos_2_erratic_features_plus_external,46.571616136311185
82802M68K5026U,all_sku_history,erratic,chronos_2_erratic_features_plus_external,45.73476153813051
82802M81A605PK,all_sku_history,erratic,chronos_2_erratic_features_plus_external,80.00054871663451
82850M76M005PK,all_sku_history,erratic,chronos_2_erratic_features_plus_external,108.76241077497168
8392152R010CE,all_sku_history,erratic,chronos_2_erratic_features_plus_external,70.59340637463791
83921M68P000CB,all_sku_history,erratic,chronos_2_erratic_features_plus_external,76.2897581470256
83922M55T000CB,all_sku_history,erratic,chronos_2_erratic_features_plus_external,66.59267989255613
8392352R020CE,all_sku_history,erratic,chronos_2_erratic_features_plus_external,79.76141181485407
83923M68P000CB,all_sku_history,erratic,chronos_2_erratic_features_plus_external,75.38575566544824
83924M55T000CB,all_sku_history,erratic,chronos_2_erratic_features_plus_external,58.20182314166775
83924M62S000CB,all_sku_history,erratic,chronos_2_erratic_features_plus_external,79.27699883778891
83924M68P100CB,all_sku_history,erratic,chronos_2_erratic_features_plus_external,43.84043057759603
83926M68P000CB,all_sku_history,erratic,chronos_2_erratic_features_plus_external,80.71981862533924
8393061J005PK,all_sku_history,erratic,chronos_2_erratic_features_plus_external,127.45033204555511
83932M68P000CB,all_sku_history,erratic,chronos_2_erratic_features_plus_external,72.1196106501988
83940M68P100PG,all_sku_history,erratic,chronos_2_erratic_features_plus_external,73.09312908737748
83940M74L10000,all_sku_history,erratic,chronos_2_erratic_features_plus_external,91.2030291557312
83970M68P00000,all_sku_history,erratic,chronos_2_erratic_features_plus_external,77.72025962670645
84051M55T01000,all_sku_history,erratic,chronos_2_erratic_features_plus_external,62.46075341989707
84051M55T11000,all_sku_history,erratic,chronos_2_erratic_features_plus_external,53.05713676824803
8450152R02000,all_sku_history,erratic,chronos_2_erratic_features_plus_external,84.7570361835616
84501M55T00000,all_sku_history,erratic,chronos_2_erratic_features_plus_external,87.78655734555475
84501M68P00000,all_sku_history,erratic,chronos_2_erratic_features_plus_external,58.62158792359489
84502M68P00000,all_sku_history,erratic,chronos_2_erratic_features_plus_external,79.59416860189194
84510M74L01000,all_sku_history,erratic,chronos_2_erratic_features_plus_external,88.10404580214927
84511M75T10000,all_sku_history,erratic,chronos_2_erratic_features_plus_external,90.20572838030363
84511M76M10000,all_sku_history,erratic,chronos_2_erratic_features_plus_external,102.85827300765298
8470171LVAZMT,all_sku_history,erratic,chronos_2_erratic_features_plus_external,73.9003618558248
84701M53M205PK,all_sku_history,erratic,chronos_2_erratic_features_plus_external,79.81274979455131
84701M55TB0ZHJ,all_sku_history,erratic,chronos_2_erratic_features_plus_external,46.28073787077879
84701M68P31ZHJ,all_sku_history,erratic,chronos_2_erratic_features_plus_external,57.42549591286238
84701M68P515PK,all_sku_history,erratic,chronos_2_erratic_features_plus_external,45.47207608819008
84701M74LC15PK,all_sku_history,erratic,chronos_2_erratic_features_plus_external,56.912431478500366
8470261J025PK,all_sku_history,erratic,chronos_2_erratic_features_plus_external,60.67685435215632
84702M53M205PK,all_sku_history,erratic,chronos_2_erratic_features_plus_external,70.51210535897148
84702M55TB0ZHJ,all_sku_history,erratic,chronos_2_erratic_features_plus_external,68.8837496218858
84702M56R92ZHJ,all_sku_history,erratic,chronos_2_erratic_features_plus_external,63.07804628654763
84702M62S20Z4Q,all_sku_history,erratic,chronos_2_erratic_features_plus_external,52.96698900369498
84702M68P31ZHJ,all_sku_history,erratic,chronos_2_erratic_features_plus_external,58.272342296207654
84702M68P515PK,all_sku_history,erratic,chronos_2_erratic_features_plus_external,65.58974412354556
84702M74LC15PK,all_sku_history,erratic,chronos_2_erratic_features_plus_external,111.22242336471875
84702M79G30000,all_sku_history,erratic,chronos_2_erratic_features_plus_external,87.78035283088684
84703M79M02000,all_sku_history,erratic,chronos_2_erratic_features_plus_external,55.42237583650361
8471852R20ZVR,all_sku_history,erratic,chronos_2_erratic_features_plus_external,63.5299022992452
8472852R20ZVR,all_sku_history,erratic,chronos_2_erratic_features_plus_external,75.37240791320801
8472865J00Z2S,all_sku_history,erratic,chronos_2_erratic_features_plus_external,61.85297679901123
8472880J00Z2S,all_sku_history,erratic,chronos_2_erratic_features_plus_external,71.86529263854027
84730M67P10000,all_sku_history,erratic,chronos_2_erratic_features_plus_external,89.14775524820601
84730M74LC0000,all_sku_history,erratic,chronos_2_erratic_features_plus_external,68.68174788595616
84730M79M00000,all_sku_history,erratic,chronos_2_erratic_features_plus_external,74.36308161965732
8474061M00000,all_sku_history,erratic,chronos_2_erratic_features_plus_external,70.06414351255998
8474065J00000,all_sku_history,erratic,chronos_2_erratic_features_plus_external,92.85810694975012
84740M67P10000,all_sku_history,erratic,chronos_2_erratic_features_plus_external,89.45727471647591
84740M74LC0000,all_sku_history,erratic,chronos_2_erratic_features_plus_external,78.22083009863799
84740M74LE0000,all_sku_history,erratic,chronos_2_erratic_features_plus_external,97.60911652916356
84740M76M00000,all_sku_history,erratic,chronos_2_erratic_features_plus_external,93.94254573555881
84740M79M00000,all_sku_history,erratic,chronos_2_erratic_features_plus_external,99.1066032581115
84920M68PB1BHE,all_sku_history,erratic,chronos_2_erratic_features_plus_external,84.97123837471008
84940M68PC1BHE,all_sku_history,erratic,chronos_2_erratic_features_plus_external,77.73971632122993
95130M68K00000,all_sku_history,erratic,chronos_2_erratic_features_plus_external,107.31043530007203
95310M53T00000,all_sku_history,erratic,chronos_2_erratic_features_plus_external,53.13471623005406
95310M55T00000,all_sku_history,erratic,chronos_2_erratic_features_plus_external,43.39429749787308
95310M76M00000,all_sku_history,erratic,chronos_2_erratic_features_plus_external,61.61107545675233
01550M0612A,all_sku_history,lumpy,online_expert_router,6.82679952033702
021620616A000,all_sku_history,lumpy,online_expert_router,53.9743609264562
083313124A000,all_sku_history,lumpy,online_expert_router,10.5337212673102
0911605023000,all_sku_history,lumpy,online_expert_router,4.73118095696197
0911912006XC0,all_sku_history,lumpy,online_expert_router,7.40740952943463
0911912007000,all_sku_history,lumpy,online_expert_router,108.039357251088
09136M05078000,all_sku_history,lumpy,online_expert_router,37.2221685677489
0914806007000,all_sku_history,lumpy,online_expert_router,90.7725080192684
09148M06022000,all_sku_history,lumpy,online_expert_router,5.19687187232725
0915912051000,all_sku_history,lumpy,online_expert_router,33.8616279750239
0915912L02000,all_sku_history,lumpy,online_expert_router,6.81712690128938
0915918022000,all_sku_history,lumpy,online_expert_router,61.0827754775399
0915924009000,all_sku_history,lumpy,online_expert_router,52.8062607064587
0916435003000,all_sku_history,lumpy,online_expert_router,40.3548868108266
0928017002000,all_sku_history,lumpy,online_expert_router,110.503690424099
0928022020000,all_sku_history,lumpy,online_expert_router,40.2118058514835
0928056004000,all_sku_history,lumpy,online_expert_router,55.2291707742085
0928326016000,all_sku_history,lumpy,online_expert_router,64.7488085498773
0928340021000,all_sku_history,lumpy,online_expert_router,88.7545214345935
0928340027000,all_sku_history,lumpy,online_expert_router,74.2629801701791
0928345012000,all_sku_history,lumpy,online_expert_router,70.8776541482788
0928906003000,all_sku_history,lumpy,online_expert_router,70.3402543893546
0928948004000,all_sku_history,lumpy,online_expert_router,38.4182539114734
0930508011000,all_sku_history,lumpy,online_expert_router,35.1272736338817
0931912047000,all_sku_history,lumpy,online_expert_router,47.7742913359171
0932010024000,all_sku_history,lumpy,online_expert_router,50.2785501141665
0938019004000,all_sku_history,lumpy,online_expert_router,38.1705632333228
0940307333000,all_sku_history,lumpy,online_expert_router,30.7868939312085
09403M07311000,all_sku_history,lumpy,online_expert_router,79.8122191804953
09409063095ES,all_sku_history,lumpy,online_expert_router,56.1130499864183
09409063145PK,all_sku_history,lumpy,online_expert_router,96.4183021834812
0940906322000,all_sku_history,lumpy,online_expert_router,173.922594269251
09409073255PK,all_sku_history,lumpy,online_expert_router,63.3918230376262
0940907332000,all_sku_history,lumpy,online_expert_router,63.0003302561877
0940908322000,all_sku_history,lumpy,online_expert_router,55.1473129580143
0940908327000,all_sku_history,lumpy,online_expert_router,82.119068255029
0940908352000,all_sku_history,lumpy,online_expert_router,119.005879757981
0940910318000,all_sku_history,lumpy,online_expert_router,71.5003649328831
0940915304000,all_sku_history,lumpy,online_expert_router,86.2549976279845
09409M06L05000,all_sku_history,lumpy,online_expert_router,78.8991284332406
09409M07308R8J,all_sku_history,lumpy,online_expert_router,5.08062135866481
09409M07L025PK,all_sku_history,lumpy,online_expert_router,31.8422044798433
09409M15L01000,all_sku_history,lumpy,online_expert_router,76.9766199442266
0944829004000,all_sku_history,lumpy,online_expert_router,7.57648568099535
09471M12182000,all_sku_history,lumpy,online_expert_router,30.6420824906879
1161054G30000,all_sku_history,lumpy,online_expert_router,69.2967200208252
1161060R00000,all_sku_history,lumpy,online_expert_router,59.1220724091192
1161061M01000,all_sku_history,lumpy,online_expert_router,44.5646352570481
1161073K00000,all_sku_history,lumpy,online_expert_router,12.6309803019383
11610M65L00000,all_sku_history,lumpy,online_expert_router,53.6271777138327
11610M67P10000,all_sku_history,lumpy,online_expert_router,58.7640968354484
11610M76M00000,all_sku_history,lumpy,online_expert_router,46.8837506094177
11610M79F30000,all_sku_history,lumpy,online_expert_router,23.54034733902
11610M79G50000,all_sku_history,lumpy,online_expert_router,67.4186107846471
11620M65L10000,all_sku_history,lumpy,online_expert_router,50.4522164481783
11620M67P00000,all_sku_history,lumpy,online_expert_router,26.7355341987406
11620M68K00000,all_sku_history,lumpy,online_expert_router,53.0012447969427
11620M76M00000,all_sku_history,lumpy,online_expert_router,47.3683153244856
11620M79F40000,all_sku_history,lumpy,online_expert_router,34.2265873697292
11710M65L00000,all_sku_history,lumpy,online_expert_router,51.8561889151489
11710M68K00000,all_sku_history,lumpy,online_expert_router,63.6623423862588
11710M68K10000,all_sku_history,lumpy,online_expert_router,84.8987451911762
11710M76M00000,all_sku_history,lumpy,online_expert_router,52.8597585103955
11710M79F70000,all_sku_history,lumpy,online_expert_router,36.4403440510594
11710M79F80000,all_sku_history,lumpy,online_expert_router,41.8766124907887
1172080JA0000,all_sku_history,lumpy,online_expert_router,32.3356162517014
1428180JA0000,all_sku_history,lumpy,online_expert_router,58.0439556284489
15910M79GB1000,all_sku_history,lumpy,online_expert_router,69.736873930837
15910M79GC0000,all_sku_history,lumpy,online_expert_router,72.6697878439134
1711279P01000,all_sku_history,lumpy,online_expert_router,28.0493001892158
1770054P30000,all_sku_history,lumpy,online_expert_router,42.7085608264729
1770079P21000,all_sku_history,lumpy,online_expert_router,30.739994043904
1770081P00000,all_sku_history,lumpy,online_expert_router,25.6462211351576
17700M50U00000,all_sku_history,lumpy,online_expert_router,57.1694245453248
17700M60M00000,all_sku_history,lumpy,online_expert_router,18.8766554830857
17700M67L00000,all_sku_history,lumpy,online_expert_router,47.0684649564818
17700M67P00000,all_sku_history,lumpy,online_expert_router,56.636571680993
17700M79F02000,all_sku_history,lumpy,online_expert_router,26.0798165233613
1776071L00000,all_sku_history,lumpy,online_expert_router,39.8691347173874
17760M67P00000,all_sku_history,lumpy,online_expert_router,39.3203682611602
1781254G00000,all_sku_history,lumpy,online_expert_router,58.6601118360868
17861M68P00000,all_sku_history,lumpy,online_expert_router,54.5686930462008
1787880G00000,all_sku_history,lumpy,online_expert_router,5.00500540181582
17878M74L00000,all_sku_history,lumpy,online_expert_router,62.8468466592667
17920M76M00000,all_sku_history,lumpy,online_expert_router,70.1114105562919
1793161M10000,all_sku_history,lumpy,online_expert_router,33.6783941481474
1793163J01000,all_sku_history,lumpy,online_expert_router,45.8253315928231
1793165D00000,all_sku_history,lumpy,online_expert_router,33.9304885734689
17931M71P00000,all_sku_history,lumpy,online_expert_router,36.8829505136991
1793276G00000,all_sku_history,lumpy,online_expert_router,58.9829526832102
27431M79F00000,all_sku_history,lumpy,online_expert_router,54.2873652045416
2811380J015PK,all_sku_history,lumpy,online_expert_router,46.5877614201065
28113M62S015PK,all_sku_history,lumpy,online_expert_router,70.2761373829677
2818084A20000,all_sku_history,lumpy,online_expert_router,38.4973160381603
2824178K00000,all_sku_history,lumpy,online_expert_router,31.5774598930766
28300M55R42000,all_sku_history,lumpy,online_expert_router,50.1035842246915
2961081A00000,all_sku_history,lumpy,online_expert_router,88.3246417467793
33690M60M00000,all_sku_history,lumpy,online_expert_router,49.7393278531101
3495561M00000,all_sku_history,lumpy,online_expert_router,765.125634648899
3512052R21000,all_sku_history,lumpy,online_expert_router,37.9713207028185
3512052S10000,all_sku_history,lumpy,online_expert_router,77.9489880146641
3512062R60000,all_sku_history,lumpy,online_expert_router,53.070365392572
3512065J12000,all_sku_history,lumpy,online_expert_router,28.4615435201256
3512080G21000,all_sku_history,lumpy,online_expert_router,21.1652426039485
35121M66L10000,all_sku_history,lumpy,online_expert_router,47.2978718877043
35121M73T10000,all_sku_history,lumpy,online_expert_router,137.438409526613
3515365J00000,all_sku_history,lumpy,online_expert_router,57.6663368118277
3515379P00000,all_sku_history,lumpy,online_expert_router,40.7942661080814
35153M59K20000,all_sku_history,lumpy,online_expert_router,67.6227118487215
35153M75L00000,all_sku_history,lumpy,online_expert_router,90.0369480883553
3532052R20000,all_sku_history,lumpy,online_expert_router,39.1987429481836
3532065D41000,all_sku_history,lumpy,online_expert_router,10.5843008389747
3532077R10000,all_sku_history,lumpy,online_expert_router,54.9126727381824
3532080G21000,all_sku_history,lumpy,online_expert_router,85.6080503173952
35321M60M10000,all_sku_history,lumpy,online_expert_router,55.7574810624417
35321M66L10000,all_sku_history,lumpy,online_expert_router,33.4694461793232
3550065P02000,all_sku_history,lumpy,online_expert_router,45.6855423929568
35501M75T00000,all_sku_history,lumpy,online_expert_router,63.5236585049401
35502M75T00000,all_sku_history,lumpy,online_expert_router,73.9133184777114
3552686R20000,all_sku_history,lumpy,online_expert_router,61.9109373574939
35601M74TA0000,all_sku_history,lumpy,online_expert_router,59.707332272569
35602M73T00000,all_sku_history,lumpy,online_expert_router,89.3201856978013
35603M79G30000,all_sku_history,lumpy,online_expert_router,22.0401205938221
3560461J10000,all_sku_history,lumpy,online_expert_router,60.2093319296029
35604M84400000,all_sku_history,lumpy,online_expert_router,23.5802859564622
3565050J10000,all_sku_history,lumpy,online_expert_router,14.4237872662078
35650M53T00000,all_sku_history,lumpy,online_expert_router,75.3612708336123
35650M60M00000,all_sku_history,lumpy,online_expert_router,26.1587085806653
35651M79G40000,all_sku_history,lumpy,online_expert_router,32.6285726365687
35651M79M00000,all_sku_history,lumpy,online_expert_router,37.2943282946605
35670M76T00000,all_sku_history,lumpy,online_expert_router,69.2631918553872
35671M79G30000,all_sku_history,lumpy,online_expert_router,45.3273602852485
35671M79G40000,all_sku_history,lumpy,online_expert_router,27.3359850227341
3570186R00000,all_sku_history,lumpy,online_expert_router,53.6062568712028
35701M76T00000,all_sku_history,lumpy,online_expert_router,51.5417875329634
3570273R10000,all_sku_history,lumpy,online_expert_router,28.2993675059123
35702M76T00000,all_sku_history,lumpy,online_expert_router,66.8590246807685
35750M53T01000,all_sku_history,lumpy,online_expert_router,143.972220790809
35750M68P00000,all_sku_history,lumpy,online_expert_router,35.0036602327185
35750M68P11000,all_sku_history,lumpy,online_expert_router,8.08910028082021
35750M68P20000,all_sku_history,lumpy,online_expert_router,18.9843143369606
35750M73T00000,all_sku_history,lumpy,online_expert_router,71.4376700484678
3591075F31000,all_sku_history,lumpy,online_expert_router,58.9171101566572
35910M74L01000,all_sku_history,lumpy,online_expert_router,57.8517547888757
3611050A30000,all_sku_history,lumpy,online_expert_router,67.1291884264561
3613050A30000,all_sku_history,lumpy,online_expert_router,28.9733544461878
36230M70CA1000,all_sku_history,lumpy,online_expert_router,34.2829347894146
36250M74T55000,all_sku_history,lumpy,online_expert_router,86.3446550370246
3627479P01000,all_sku_history,lumpy,online_expert_router,44.6255079626156
3641054G01000,all_sku_history,lumpy,online_expert_router,37.6706818509655
3641063J02000,all_sku_history,lumpy,online_expert_router,17.7350829913497
3641075F01000,all_sku_history,lumpy,online_expert_router,63.5761018481701
36410M67K10000,all_sku_history,lumpy,online_expert_router,63.5113277221179
3641275F00000,all_sku_history,lumpy,online_expert_router,21.6379974151313
36430M76M00000,all_sku_history,lumpy,online_expert_router,39.6649991315019
3658054P00000,all_sku_history,lumpy,online_expert_router,50.4395665403034
3658354P01000,all_sku_history,lumpy,online_expert_router,54.839986260956
37019M79MK0000,all_sku_history,lumpy,online_expert_router,51.3439411070437
37145M55B21000,all_sku_history,lumpy,online_expert_router,58.4533031215625
37145M56R20000,all_sku_history,lumpy,online_expert_router,65.1299563917145
37145M66L00000,all_sku_history,lumpy,online_expert_router,49.9783546887141
37736M58R00000,all_sku_history,lumpy,online_expert_router,34.4672272270947
37736M79M00000,all_sku_history,lumpy,online_expert_router,56.9214697028156
3773773R00Z2S,all_sku_history,lumpy,online_expert_router,25.1914613165147
38315M68K00000,all_sku_history,lumpy,online_expert_router,41.7909671301099
3834062R30000,all_sku_history,lumpy,online_expert_router,52.1142754827863
38340M51K42000,all_sku_history,lumpy,online_expert_router,71.7032283019033
3845062R00000,all_sku_history,lumpy,online_expert_router,51.9404303396233
3845065J10000,all_sku_history,lumpy,online_expert_router,69.8585469154785
3845071L10000,all_sku_history,lumpy,online_expert_router,54.0849529930137
38450M79M00000,all_sku_history,lumpy,online_expert_router,78.1581756051145
38450M80T10000,all_sku_history,lumpy,online_expert_router,52.7047171423387
38452M56R30000,all_sku_history,lumpy,online_expert_router,56.5034409908606
38452M65L00000,all_sku_history,lumpy,online_expert_router,47.4793784170065
38452M68K00000,all_sku_history,lumpy,online_expert_router,41.8819477860256
38480M68P01000,all_sku_history,lumpy,online_expert_router,41.947876338704
38500M55T01000,all_sku_history,lumpy,online_expert_router,39.2638799367085
3882151K02000,all_sku_history,lumpy,online_expert_router,45.9543859473771
3882165J00000,all_sku_history,lumpy,online_expert_router,45.0253954979119
38821M67P00000,all_sku_history,lumpy,online_expert_router,50.713205689865
3910268L01000,all_sku_history,lumpy,online_expert_router,39.7104059775972
39102M80T00000,all_sku_history,lumpy,online_expert_router,64.8284877774821
3925061J00000,all_sku_history,lumpy,online_expert_router,29.7024058447327
39321M56R00000,all_sku_history,lumpy,online_expert_router,24.3874524153524
39321M67P00000,all_sku_history,lumpy,online_expert_router,29.4767363891697
39322M56R00000,all_sku_history,lumpy,online_expert_router,16.2590054680888
39322M67P00000,all_sku_history,lumpy,online_expert_router,28.9000073401517
39322M67P10000,all_sku_history,lumpy,online_expert_router,44.8032905933443
3F11579S10ZWG,all_sku_history,lumpy,online_expert_router,41.7374165630611
4161552R00000,all_sku_history,lumpy,online_expert_router,57.350494849446
4171080J00000,all_sku_history,lumpy,online_expert_router,60.7514493929945
41710M68K00000,all_sku_history,lumpy,online_expert_router,54.9776396128617
41710M76M00000,all_sku_history,lumpy,online_expert_router,66.789368972553
41710M82000000,all_sku_history,lumpy,online_expert_router,53.5460950131934
4311052R71000,all_sku_history,lumpy,online_expert_router,22.1505066540635
4311078K00000,all_sku_history,lumpy,online_expert_router,34.5489027194137
43110M75J80000-OP,all_sku_history,lumpy,online_expert_router,62.3541593908646
4321052R5027N,all_sku_history,lumpy,online_expert_router,35.6078770864533
4321052S0039M,all_sku_history,lumpy,online_expert_router,65.1736887391621
4321053R100CE,all_sku_history,lumpy,online_expert_router,55.8092269233805
4321061J01ZBP,all_sku_history,lumpy,online_expert_router,36.4854449792388
4321064J01ZBP,all_sku_history,lumpy,online_expert_router,46.3374845950636
4321068LA0ZA8,all_sku_history,lumpy,online_expert_router,66.3196057460567
4321078K6027N,all_sku_history,lumpy,online_expert_router,6.36131844158941
4321079K510BK,all_sku_history,lumpy,online_expert_router,57.195855673595
4321080S6027N,all_sku_history,lumpy,online_expert_router,14.550686589371
43210M55R6027N,all_sku_history,lumpy,online_expert_router,53.9797601263575
43210M55RH1QC8,all_sku_history,lumpy,online_expert_router,61.6334276674758
43210M62S620CB,all_sku_history,lumpy,online_expert_router,52.9506721110452
43210M68K1109L,all_sku_history,lumpy,online_expert_router,51.7061389398142
43210M74T50QC8,all_sku_history,lumpy,online_expert_router,93.1066745038414
43210M76M5127N,all_sku_history,lumpy,online_expert_router,10.2114661004064
43210M76T50QC8,all_sku_history,lumpy,online_expert_router,43.5543860654858
43210M79G5339M,all_sku_history,lumpy,online_expert_router,86.8870107528882
43210M83P0027N,all_sku_history,lumpy,online_expert_router,19.0177185495325
4325065DA1C48,all_sku_history,lumpy,online_expert_router,158.652171210882
4325079P00ZH1,all_sku_history,lumpy,online_expert_router,38.2027255182253
43250M53T0027N,all_sku_history,lumpy,online_expert_router,69.762752545811
43250M68K1027N,all_sku_history,lumpy,online_expert_router,8.50021704343231
43250M68K2027N,all_sku_history,lumpy,online_expert_router,41.3401419717687
43250M74L0027N,all_sku_history,lumpy,online_expert_router,52.8366574319541
43250M74L1027N,all_sku_history,lumpy,online_expert_router,44.9354467909441
43250M79G6027N,all_sku_history,lumpy,online_expert_router,59.1531454246961
43250M79M0027N,all_sku_history,lumpy,online_expert_router,47.6406708410708
4325251K20DB7,all_sku_history,lumpy,online_expert_router,45.8607529945843
4325261J0027S,all_sku_history,lumpy,online_expert_router,27.7315830488077
4325283S00CZ2,all_sku_history,lumpy,online_expert_router,49.7751514199262
43402M74L21000,all_sku_history,lumpy,online_expert_router,45.469707292515
4342386G01000,all_sku_history,lumpy,online_expert_router,54.9867092555366
4345965J00000,all_sku_history,lumpy,online_expert_router,22.1425674969025
48150M68P00C48,all_sku_history,lumpy,online_expert_router,47.8982761482273
48150M69R00C48,all_sku_history,lumpy,online_expert_router,50.3195754495877
48150M79M11C48,all_sku_history,lumpy,online_expert_router,25.4289460498484
4982162A51000,all_sku_history,lumpy,online_expert_router,86.6986063758354
5730073R02000,all_sku_history,lumpy,online_expert_router,60.5313427945028
5730079P02000,all_sku_history,lumpy,online_expert_router,49.9910002945254
57300M66L00000,all_sku_history,lumpy,online_expert_router,50.3097205074858
57300M68K10000,all_sku_history,lumpy,online_expert_router,29.0826894548737
57300M74T00000,all_sku_history,lumpy,online_expert_router,41.1566925156683
57300M75T00000,all_sku_history,lumpy,online_expert_router,41.4080339327524
5741079P00000,all_sku_history,lumpy,online_expert_router,37.1389451023309
57410M67P00000,all_sku_history,lumpy,online_expert_router,44.4204699354313
5742071L01000,all_sku_history,lumpy,online_expert_router,39.967168859039
57611M68K10000,all_sku_history,lumpy,online_expert_router,52.7091653377539
57711M66L00000,all_sku_history,lumpy,online_expert_router,42.3902128676762
5811077K00000,all_sku_history,lumpy,online_expert_router,38.3346545245826
58110M74L00000,all_sku_history,lumpy,online_expert_router,43.9243593052221
5812165J00000,all_sku_history,lumpy,online_expert_router,34.6153605015272
5823054P00000,all_sku_history,lumpy,online_expert_router,8.42418935886856
5823065J00000,all_sku_history,lumpy,online_expert_router,54.6086306024941
58230M79G01000,all_sku_history,lumpy,online_expert_router,53.785083836128
58240M53M00000,all_sku_history,lumpy,online_expert_router,36.2574562324934
58240M67P00000,all_sku_history,lumpy,online_expert_router,60.0267182024131
58251M53M00000,all_sku_history,lumpy,online_expert_router,36.4140093674772
5827080J20000,all_sku_history,lumpy,online_expert_router,31.0841825234583
61513M56R01000,all_sku_history,lumpy,online_expert_router,42.9733603115484
64111M56R01P21,all_sku_history,lumpy,online_expert_router,15.0165312547645
65500M75L00000,all_sku_history,lumpy,online_expert_router,17.7841809728578
6570079P11000,all_sku_history,lumpy,online_expert_router,38.3811999241212
65700M72P00000,all_sku_history,lumpy,online_expert_router,56.4755103674675
6800153R00000,all_sku_history,lumpy,online_expert_router,57.2348627600217
6800164J01000,all_sku_history,lumpy,online_expert_router,28.9918474828421
68001M53M50000,all_sku_history,lumpy,online_expert_router,31.0882280289389
68001M74L21000,all_sku_history,lumpy,online_expert_router,45.3188046474195
68001M75T00000,all_sku_history,lumpy,online_expert_router,58.0513890581097
6800261M01000,all_sku_history,lumpy,online_expert_router,40.729852490512
6800271L00000,all_sku_history,lumpy,online_expert_router,43.0234888333588
6800280820000,all_sku_history,lumpy,online_expert_router,13.3835721949156
68002M53M00000,all_sku_history,lumpy,online_expert_router,46.1576795237286
68002M74L31000,all_sku_history,lumpy,online_expert_router,62.814845078369
68002M75T00000,all_sku_history,lumpy,online_expert_router,43.3624108808218
68002M79G01000,all_sku_history,lumpy,online_expert_router,34.6542829077501
68003M74L31000,all_sku_history,lumpy,online_expert_router,34.3956438100841
6910077R14000,all_sku_history,lumpy,online_expert_router,75.7280102113037
69100M66L01000,all_sku_history,lumpy,online_expert_router,15.0890458151205
69100M66L21000,all_sku_history,lumpy,online_expert_router,54.7908683745314
6932068LA0000,all_sku_history,lumpy,online_expert_router,31.4264488925564
69330M74L00000,all_sku_history,lumpy,online_expert_router,28.6956959141909
69410M74L00000,all_sku_history,lumpy,online_expert_router,43.8919567772439
6942063J00000,all_sku_history,lumpy,online_expert_router,97.0242369570821
69430M74L00000,all_sku_history,lumpy,online_expert_router,45.4251856250216
71074M79M00C48,all_sku_history,lumpy,online_expert_router,72.6917265524029
71091M843005PK,all_sku_history,lumpy,online_expert_router,20.5274135923986
7171152S005PK,all_sku_history,lumpy,online_expert_router,68.1162203340123
7171154L30799,all_sku_history,lumpy,online_expert_router,34.4403296313146
7171161J00799,all_sku_history,lumpy,online_expert_router,41.6941297354877
7171163T20799,all_sku_history,lumpy,online_expert_router,110.178580990069
7171171L00799,all_sku_history,lumpy,online_expert_router,32.599755557624
7171177K70799,all_sku_history,lumpy,online_expert_router,61.6922238605485
7171177KD0799,all_sku_history,lumpy,online_expert_router,58.3037440641688
7171181A405PK,all_sku_history,lumpy,online_expert_router,62.0136520224831
71711M53M005PK,all_sku_history,lumpy,online_expert_router,3.04536628328356
71711M53M00799,all_sku_history,lumpy,online_expert_router,26.9273738455005
71711M73T015PK,all_sku_history,lumpy,online_expert_router,94.551282554079
71711M76M00799,all_sku_history,lumpy,online_expert_router,34.1929479608487
71711M79G105PK,all_sku_history,lumpy,online_expert_router,39.416906636113
7171284A10W07,all_sku_history,lumpy,online_expert_router,47.3072397390393
71712M60MA05PK,all_sku_history,lumpy,online_expert_router,37.7601995311151
71712M69T005PK,all_sku_history,lumpy,online_expert_router,80.1258943568407
71712M74T005PK,all_sku_history,lumpy,online_expert_router,35.005910798701
71722M76T005PK,all_sku_history,lumpy,online_expert_router,75.8996698029064
71731M60M00000,all_sku_history,lumpy,online_expert_router,51.9113685047628
7173263T00000,all_sku_history,lumpy,online_expert_router,35.6576392088476
7173277M10000,all_sku_history,lumpy,online_expert_router,50.3093840756942
71732M75T00000,all_sku_history,lumpy,online_expert_router,63.4709484870206
71732M76T01000,all_sku_history,lumpy,online_expert_router,135.846399268413
7173368L00000,all_sku_history,lumpy,online_expert_router,39.7918554160391
71734M58R00000,all_sku_history,lumpy,online_expert_router,10.5463273259492
71736M74T00000,all_sku_history,lumpy,online_expert_router,59.4686721218688
7174050U10CUG,all_sku_history,lumpy,online_expert_router,14.8761212825775
7174063T00EJ1,all_sku_history,lumpy,online_expert_router,67.3854581872274
71740M50S00C48,all_sku_history,lumpy,online_expert_router,117.771460258991
71740M74T00C48,all_sku_history,lumpy,online_expert_router,61.1451934449738
71740M74T20KDJ,all_sku_history,lumpy,online_expert_router,44.9445111986187
7174173K005PK,all_sku_history,lumpy,online_expert_router,39.1462814315469
71741M66L005PK,all_sku_history,lumpy,online_expert_router,45.7892180611151
71741M79G10000,all_sku_history,lumpy,online_expert_router,22.4381338504011
7174265J010PG,all_sku_history,lumpy,online_expert_router,21.2733382752724
71742M53M100CB,all_sku_history,lumpy,online_expert_router,79.1555183215274
71742M79G000PG,all_sku_history,lumpy,online_expert_router,33.3962907236258
71743M53M100CB,all_sku_history,lumpy,online_expert_router,69.8583945282735
71744M53M00000,all_sku_history,lumpy,online_expert_router,10.5610270897796
71750M55T30C48,all_sku_history,lumpy,online_expert_router,18.0520735673435
7175163J105PK,all_sku_history,lumpy,online_expert_router,35.673418507681
7175173K105PK,all_sku_history,lumpy,online_expert_router,55.5426421326792
71751M50S005PK,all_sku_history,lumpy,online_expert_router,40.4363896275022
71751M67P005PK,all_sku_history,lumpy,online_expert_router,30.2680905261092
71751M68K005PK,all_sku_history,lumpy,online_expert_router,42.0519724850541
71751M75T105PK,all_sku_history,lumpy,online_expert_router,58.1208680963934
71751M76MB0ZNZ,all_sku_history,lumpy,online_expert_router,58.9510765455354
71751M76T005PK,all_sku_history,lumpy,online_expert_router,79.8814976682873
71751M79G10000,all_sku_history,lumpy,online_expert_router,50.4516515243021
7176060P205PK,all_sku_history,lumpy,online_expert_router,48.2598957121688
7176160MB05PK,all_sku_history,lumpy,online_expert_router,52.3795674909032
7176171L105PK,all_sku_history,lumpy,online_expert_router,29.640386089696
7176173K105PK,all_sku_history,lumpy,online_expert_router,44.4133842608757
71761M55T105PK,all_sku_history,lumpy,online_expert_router,130.451659501226
71761M68K005PK,all_sku_history,lumpy,online_expert_router,34.1612331350675
71761M75L005PK,all_sku_history,lumpy,online_expert_router,38.2003214994429
71761M75L105PK,all_sku_history,lumpy,online_expert_router,53.1245065620857
71761M75T105PK,all_sku_history,lumpy,online_expert_router,122.185362366783
71761M76MB0ZNZ,all_sku_history,lumpy,online_expert_router,16.167192982959
7177161M005PK,all_sku_history,lumpy,online_expert_router,17.8153276964378
71772M74T00000,all_sku_history,lumpy,online_expert_router,81.563999174241
71781M66L00000,all_sku_history,lumpy,online_expert_router,58.4786264318079
7178254P00000,all_sku_history,lumpy,online_expert_router,47.031557133814
7178277KA05PK,all_sku_history,lumpy,online_expert_router,49.1005235996862
7179086R10C48,all_sku_history,lumpy,online_expert_router,52.1823543613611
7179154P00000,all_sku_history,lumpy,online_expert_router,29.9847403489591
7181165DD1799,all_sku_history,lumpy,online_expert_router,6.96218719395002
7181172L10799,all_sku_history,lumpy,online_expert_router,50.7884442925901
7181177MJ0799,all_sku_history,lumpy,online_expert_router,23.5135892762043
7181180J20799,all_sku_history,lumpy,online_expert_router,14.4674261846451
71811M68P30799,all_sku_history,lumpy,online_expert_router,47.2091355050054
71811M79G005PK,all_sku_history,lumpy,online_expert_router,50.5898198495132
71812M66L00000,all_sku_history,lumpy,online_expert_router,36.9360260487147
71813M66L00000,all_sku_history,lumpy,online_expert_router,48.7746146105353
7182163J00000,all_sku_history,lumpy,online_expert_router,50.1363828546112
71821M60M00000,all_sku_history,lumpy,online_expert_router,57.9100299351778
7182263J00000,all_sku_history,lumpy,online_expert_router,53.2660203754492
71831M74T00000,all_sku_history,lumpy,online_expert_router,42.0478233621524
71831M76T00000,all_sku_history,lumpy,online_expert_router,51.5750583636537
7183263J00000,all_sku_history,lumpy,online_expert_router,18.6434457823502
7185160G00000,all_sku_history,lumpy,online_expert_router,55.7287622301136
7185261J01000,all_sku_history,lumpy,online_expert_router,37.3919243397566
7187161M005PK,all_sku_history,lumpy,online_expert_router,39.3102310405976
7211062R00ES5,all_sku_history,lumpy,online_expert_router,21.2721585800643
7211157M005PK,all_sku_history,lumpy,online_expert_router,22.5516342806681
72111M8440009E,all_sku_history,lumpy,online_expert_router,74.4986818279597
72111M8450009E,all_sku_history,lumpy,online_expert_router,51.580604067896
7211281A005PK,all_sku_history,lumpy,online_expert_router,46.2941870443969
72221M56R005PK,all_sku_history,lumpy,online_expert_router,48.5685844996682
72311M68P01000,all_sku_history,lumpy,online_expert_router,60.0358232856867
72312M79M00000,all_sku_history,lumpy,online_expert_router,86.566035314516
72320M80T00000,all_sku_history,lumpy,online_expert_router,46.3115098355822
72321M76T00000,all_sku_history,lumpy,online_expert_router,100.614543363441
72321M79G00000,all_sku_history,lumpy,online_expert_router,32.9723113456103
7232353R00000,all_sku_history,lumpy,online_expert_router,54.0773524493527
72330M74L005PK,all_sku_history,lumpy,online_expert_router,26.3329199020676
72333M76M005PK,all_sku_history,lumpy,online_expert_router,39.8699122410181
72361M79M00000,all_sku_history,lumpy,online_expert_router,61.5337512409263
72372M74L105PK,all_sku_history,lumpy,online_expert_router,63.5487318687936
72381M80T10000,all_sku_history,lumpy,online_expert_router,54.9518854009137
7239071L00000,all_sku_history,lumpy,online_expert_router,34.0913331208477
72390M76T00000,all_sku_history,lumpy,online_expert_router,45.172064441466
7243179M00000,all_sku_history,lumpy,online_expert_router,50.5831493242144
72432M74T00000,all_sku_history,lumpy,online_expert_router,123.803118162014
7246073R00000,all_sku_history,lumpy,online_expert_router,34.3828643568549
7246079P00000,all_sku_history,lumpy,online_expert_router,51.8603650324816
72460M60M00000,all_sku_history,lumpy,online_expert_router,26.4158053500254
72520M68P02000,all_sku_history,lumpy,online_expert_router,51.6485103023795
7252261M00000,all_sku_history,lumpy,online_expert_router,10.3501535952091
72821M76MA0000,all_sku_history,lumpy,online_expert_router,53.4565586590737
7283181A01000,all_sku_history,lumpy,online_expert_router,50.8030131112401
7287078A33000,all_sku_history,lumpy,online_expert_router,62.1903676783565
73111M62S515PK,all_sku_history,lumpy,online_expert_router,43.9650632319737
73310M68P61C8J,all_sku_history,lumpy,online_expert_router,28.4643471654431
73310M68P61GJL,all_sku_history,lumpy,online_expert_router,26.9917747306694
73410M74L105PK,all_sku_history,lumpy,online_expert_router,42.3390307022743
73412M53M10U3J,all_sku_history,lumpy,online_expert_router,41.4275097179602
7343061J00R8H,all_sku_history,lumpy,online_expert_router,30.188769994042
7361052R005PK,all_sku_history,lumpy,online_expert_router,14.2435115824143
73610M68P00C48,all_sku_history,lumpy,online_expert_router,52.8554149611285
73630M76M01GJL,all_sku_history,lumpy,online_expert_router,50.3263473824633
73820M55R60PSG,all_sku_history,lumpy,online_expert_router,28.8995039197992
7382273R505PK,all_sku_history,lumpy,online_expert_router,109.285316994378
7382276J00ZCP,all_sku_history,lumpy,online_expert_router,74.7241866785461
73841M68P60C8J,all_sku_history,lumpy,online_expert_router,31.0378115163573
73841M68P60GJL,all_sku_history,lumpy,online_expert_router,35.2562829957638
73910M68P01000,all_sku_history,lumpy,online_expert_router,35.8182980254782
74120M74LA0000,all_sku_history,lumpy,online_expert_router,47.3402404746648
74120M79G00000,all_sku_history,lumpy,online_expert_router,29.8292276026363
74461M74L00V6N,all_sku_history,lumpy,online_expert_router,52.3317112521438
74461M76M00000,all_sku_history,lumpy,online_expert_router,64.3424530081802
75110M76T60R3F,all_sku_history,lumpy,online_expert_router,54.5218610535943
75139M70F005PK,all_sku_history,lumpy,online_expert_router,69.3655632252309
75430M76M00000,all_sku_history,lumpy,online_expert_router,41.6792197141755
75463M75J00000,all_sku_history,lumpy,online_expert_router,35.1315597993477
75463M79G00000,all_sku_history,lumpy,online_expert_router,36.057088552582
7552171L00000,all_sku_history,lumpy,online_expert_router,55.2553330258552
7594165J00000,all_sku_history,lumpy,online_expert_router,29.1629126724741
7615181A01P4Z,all_sku_history,lumpy,online_expert_router,55.8251578802399
76237M70F005PK,all_sku_history,lumpy,online_expert_router,5.24728802533147
76295M53M10P4Z,all_sku_history,lumpy,online_expert_router,15.6208265956351
7666179P005PK,all_sku_history,lumpy,online_expert_router,25.8482804958071
76661M75L005PK,all_sku_history,lumpy,online_expert_router,33.6904817248377
7672157L005PK,all_sku_history,lumpy,online_expert_router,34.5039724581986
77141M55T000CB,all_sku_history,lumpy,online_expert_router,69.5116689891163
77146M50S000CB,all_sku_history,lumpy,online_expert_router,22.8591597117556
77171M68L00000,all_sku_history,lumpy,online_expert_router,61.6300272224854
77181M68K005PK,all_sku_history,lumpy,online_expert_router,58.9924797213261
77181M76M005PK,all_sku_history,lumpy,online_expert_router,13.4995843223793
77210M76T015PK,all_sku_history,lumpy,online_expert_router,67.087014918558
77220M74T005PK,all_sku_history,lumpy,online_expert_router,52.8760221723234
77221M55T00799,all_sku_history,lumpy,online_expert_router,35.0992881501183
77230M75L000PG,all_sku_history,lumpy,online_expert_router,48.0399949498354
7724054P105PK,all_sku_history,lumpy,online_expert_router,13.0941132693087
77250M74T005PK,all_sku_history,lumpy,online_expert_router,75.044200562572
77250M79M100PG,all_sku_history,lumpy,online_expert_router,25.0502325065369
77510M73T005PK,all_sku_history,lumpy,online_expert_router,32.3674766839095
7752061M005PK,all_sku_history,lumpy,online_expert_router,39.1754782131244
77540M74T005PK,all_sku_history,lumpy,online_expert_router,34.6147357321155
7755078K000PG,all_sku_history,lumpy,online_expert_router,52.7131512292205
7756178R005PK,all_sku_history,lumpy,online_expert_router,49.7589109504691
7758064J10Z2S,all_sku_history,lumpy,online_expert_router,41.8612822452175
7781163J200PG,all_sku_history,lumpy,online_expert_router,51.9536616938307
77811M58J100PG,all_sku_history,lumpy,online_expert_router,49.9424993489756
7783179J000PG,all_sku_history,lumpy,online_expert_router,92.2790130388473
77831M79M000PG,all_sku_history,lumpy,online_expert_router,72.9235252896459
77831M80E50000,all_sku_history,lumpy,online_expert_router,13.0885080383354
77831M80EC00PG,all_sku_history,lumpy,online_expert_router,30.1486624967658
7783278R000PG,all_sku_history,lumpy,online_expert_router,5.06392503678648
77832M67P000PG,all_sku_history,lumpy,online_expert_router,51.1480518968572
7784161M00A93,all_sku_history,lumpy,online_expert_router,20.8063142174428
7813257L01000,all_sku_history,lumpy,online_expert_router,35.5085216628021
7821565J105PK,all_sku_history,lumpy,online_expert_router,27.3947680809024
7822565J105PK,all_sku_history,lumpy,online_expert_router,51.4157464189188
8181065J02000,all_sku_history,lumpy,online_expert_router,23.8722981716477
8181086R00000,all_sku_history,lumpy,online_expert_router,52.7107186655684
81810M55T01000,all_sku_history,lumpy,online_expert_router,39.2340356834858
8183065J02000,all_sku_history,lumpy,online_expert_router,18.8550708179541
81850M67P00000,all_sku_history,lumpy,online_expert_router,13.2927473870804
81850M74L00000,all_sku_history,lumpy,online_expert_router,42.9083359507149
81850M79G10000,all_sku_history,lumpy,online_expert_router,29.569263694486
81850M79G20000,all_sku_history,lumpy,online_expert_router,40.9862749547871
81860M67P00000,all_sku_history,lumpy,online_expert_router,13.491482506128
81860M79G10000,all_sku_history,lumpy,online_expert_router,89.4631768539465
8211065J01000,all_sku_history,lumpy,online_expert_router,40.3717470912257
82110M55T10000,all_sku_history,lumpy,online_expert_router,58.4101154221009
82150M820005ES,all_sku_history,lumpy,online_expert_router,25.7729693584737
82200M84880000,all_sku_history,lumpy,online_expert_router,70.4165105798599
8228061810000,all_sku_history,lumpy,online_expert_router,30.0016980364835
8228076872000,all_sku_history,lumpy,online_expert_router,121.678136663077
82280M79811000,all_sku_history,lumpy,online_expert_router,47.6592716575773
82302M68P15000,all_sku_history,lumpy,online_expert_router,43.3149077103629
82504M84500000,all_sku_history,lumpy,online_expert_router,12.1642183346611
82510M53M00000,all_sku_history,lumpy,online_expert_router,15.0921727043193
82510M60M51000,all_sku_history,lumpy,online_expert_router,34.1696749888952
82510M75T20000,all_sku_history,lumpy,online_expert_router,56.5223906605894
82570M53810000,all_sku_history,lumpy,online_expert_router,49.7190968273854
82570M53M00000,all_sku_history,lumpy,online_expert_router,60.5669776333845
82651M74K00000,all_sku_history,lumpy,online_expert_router,49.4108799975182
8276161A00000,all_sku_history,lumpy,online_expert_router,55.4738520895168
82811M75J00000,all_sku_history,lumpy,online_expert_router,54.4795907882288
8281257LA0ZNL,all_sku_history,lumpy,online_expert_router,45.0866403497223
82814M75J00000,all_sku_history,lumpy,online_expert_router,34.1654537101639
8285081A125PK,all_sku_history,lumpy,online_expert_router,12.8683595221376
8285081A225PK,all_sku_history,lumpy,online_expert_router,47.7681605349781
82960M60G005ES,all_sku_history,lumpy,online_expert_router,70.5137340871408
82960M60G00P4Z,all_sku_history,lumpy,online_expert_router,38.8628982060791
8298265D00P4Z,all_sku_history,lumpy,online_expert_router,29.6024665434831
82982M65D00000,all_sku_history,lumpy,online_expert_router,75.8574078708408
82982M65D005PK,all_sku_history,lumpy,online_expert_router,90.860655743556
83101M53M10GCY,all_sku_history,lumpy,online_expert_router,55.7354030129724
8313063JC0C48,all_sku_history,lumpy,online_expert_router,82.4503388271033
83401M55R01000,all_sku_history,lumpy,online_expert_router,50.1205972406649
83402M79G50000,all_sku_history,lumpy,online_expert_router,39.4796234392146
8366152R01000,all_sku_history,lumpy,online_expert_router,34.3773848317842
83661M68P01000,all_sku_history,lumpy,online_expert_router,30.9642637340415
83665M68P01000,all_sku_history,lumpy,online_expert_router,46.7689941912123
83755M74L005PK,all_sku_history,lumpy,online_expert_router,128.184223601246
83770M55T005PK,all_sku_history,lumpy,online_expert_router,148.09941496671
8381152R02000,all_sku_history,lumpy,online_expert_router,46.9824091279951
8381165J00000,all_sku_history,lumpy,online_expert_router,36.9143221497792
8381173R00000,all_sku_history,lumpy,online_expert_router,5.76462192134739
8381180J00000,all_sku_history,lumpy,online_expert_router,27.8480112905984
83811M68P00000,all_sku_history,lumpy,online_expert_router,41.0941344623895
83811M74L01000,all_sku_history,lumpy,online_expert_router,25.2804683377087
83811M79G11000,all_sku_history,lumpy,online_expert_router,37.3388951820845
8382165J00000,all_sku_history,lumpy,online_expert_router,44.1484193437239
83821M74L01000,all_sku_history,lumpy,online_expert_router,51.1967336477516
83821M79G11000,all_sku_history,lumpy,online_expert_router,43.0024539127106
8383165J00000,all_sku_history,lumpy,online_expert_router,45.3080644474107
83831M79G00000,all_sku_history,lumpy,online_expert_router,22.3217628010343
8384165J00000,all_sku_history,lumpy,online_expert_router,37.7644002486761
83841M75T00000,all_sku_history,lumpy,online_expert_router,67.6171357187182
83841M79G01000,all_sku_history,lumpy,online_expert_router,26.2909610869681
8392165J010CB,all_sku_history,lumpy,online_expert_router,34.578865687318
83922M68P000CB,all_sku_history,lumpy,online_expert_router,30.3911354553844
8392471L200CE,all_sku_history,lumpy,online_expert_router,26.7613208185633
83924M74T000CB,all_sku_history,lumpy,online_expert_router,56.1894863350564
83924M76T100CB,all_sku_history,lumpy,online_expert_router,61.1043032674921
83932M75T000CB,all_sku_history,lumpy,online_expert_router,45.3544095249004
83934M75T000CB,all_sku_history,lumpy,online_expert_router,51.546584058731
8394068L50000,all_sku_history,lumpy,online_expert_router,46.4376890427492
83940M55T010PG,all_sku_history,lumpy,online_expert_router,96.1326130461996
83940M74L00000,all_sku_history,lumpy,online_expert_router,33.4067001727967
83940M74T01ZHJ,all_sku_history,lumpy,online_expert_router,108.08531710307
83943M68P00000,all_sku_history,lumpy,online_expert_router,4.387683098613
83970M55T00000,all_sku_history,lumpy,online_expert_router,70.0153943053986
8450171L02000,all_sku_history,lumpy,online_expert_router,2.81966567244374
84501M56R00000,all_sku_history,lumpy,online_expert_router,55.026956868047
8450373R00000,all_sku_history,lumpy,online_expert_router,15.4469032282177
84503M62S00000,all_sku_history,lumpy,online_expert_router,38.1292545990007
84503M80T20000,all_sku_history,lumpy,online_expert_router,54.4039316336691
84504M68P00000,all_sku_history,lumpy,online_expert_router,43.1535644506962
8451061M02000,all_sku_history,lumpy,online_expert_router,35.2217653548447
84510M76T21000,all_sku_history,lumpy,online_expert_router,92.3492649108178
84510M76T31000,all_sku_history,lumpy,online_expert_router,48.149303895832
84510M80T11000,all_sku_history,lumpy,online_expert_router,68.6012007231244
84511M53M00000,all_sku_history,lumpy,online_expert_router,30.3713600908743
84511M68K00000,all_sku_history,lumpy,online_expert_router,28.8667210348717
8454154P01000,all_sku_history,lumpy,online_expert_router,23.0441192042527
84541M56R00000,all_sku_history,lumpy,online_expert_router,21.1676564904162
84556M80T00000,all_sku_history,lumpy,online_expert_router,64.9491600772885
84570M62S10000,all_sku_history,lumpy,online_expert_router,39.3027421411992
84570M67P10000,all_sku_history,lumpy,online_expert_router,40.9690948370829
84570M75T00000,all_sku_history,lumpy,online_expert_router,53.2235138909935
8458065J02000,all_sku_history,lumpy,online_expert_router,42.7980392655772
8458080J01000,all_sku_history,lumpy,online_expert_router,31.7834656685591
84611M76M00000,all_sku_history,lumpy,online_expert_router,33.3080457436817
84641M77G00000,all_sku_history,lumpy,online_expert_router,11.1533750276606
8470161LVBZJ3,all_sku_history,lumpy,online_expert_router,21.2396736494498
8470181A015PK,all_sku_history,lumpy,online_expert_router,88.0700549535894
84701M53M005PK,all_sku_history,lumpy,online_expert_router,59.1498976666868
84701M53T3026U,all_sku_history,lumpy,online_expert_router,64.5140905163441
84701M55TG0ZHJ,all_sku_history,lumpy,online_expert_router,70.2856786126698
84701M56R50ZHJ,all_sku_history,lumpy,online_expert_router,41.6246866520772
84701M67P30000,all_sku_history,lumpy,online_expert_router,10.817349384726
84701M68K1026U,all_sku_history,lumpy,online_expert_router,34.1581991284713
84701M79G30000,all_sku_history,lumpy,online_expert_router,60.651780077249
84701M80TA05PK,all_sku_history,lumpy,online_expert_router,82.7322118531687
84701M80TJ0WB3,all_sku_history,lumpy,online_expert_router,205.13424183445
84701M84330000,all_sku_history,lumpy,online_expert_router,61.7318442335789
8470277A005PK,all_sku_history,lumpy,online_expert_router,22.2304132344311
8470281A215PK,all_sku_history,lumpy,online_expert_router,76.3678217071166
84702M53T005PK,all_sku_history,lumpy,online_expert_router,82.9272923051648
84702M67P30000,all_sku_history,lumpy,online_expert_router,30.9472008352693
84702M67P4026U,all_sku_history,lumpy,online_expert_router,37.5195919889242
84702M68K1026U,all_sku_history,lumpy,online_expert_router,38.2534222032027
84702M74L215PK,all_sku_history,lumpy,online_expert_router,38.1669132167957
84702M80TA05PK,all_sku_history,lumpy,online_expert_router,14.2146995571088
84702M80TJ0WB3,all_sku_history,lumpy,online_expert_router,91.6280284715681
84702M84320000,all_sku_history,lumpy,online_expert_router,58.6780046179577
84728M80T005PK,all_sku_history,lumpy,online_expert_router,103.966025315221
8473077MB1000,all_sku_history,lumpy,online_expert_router,26.7154615116044
84730M55T00000,all_sku_history,lumpy,online_expert_router,172.931718358077
84730M56R00000,all_sku_history,lumpy,online_expert_router,34.3683264787325
84730M74L20000,all_sku_history,lumpy,online_expert_router,30.9815644290419
84730M74T00000,all_sku_history,lumpy,online_expert_router,89.833649479137
84730M76T00000,all_sku_history,lumpy,online_expert_router,112.249021937016
84740M74L20000,all_sku_history,lumpy,online_expert_router,52.0582726517763
84740M74T00000,all_sku_history,lumpy,online_expert_router,137.689061395402
84740M76T00000,all_sku_history,lumpy,online_expert_router,153.358322176223
8480254P446GS,all_sku_history,lumpy,online_expert_router,33.9038908250431
8485165D006GS,all_sku_history,lumpy,online_expert_router,23.1544122078332
8485177K006GS,all_sku_history,lumpy,online_expert_router,61.1454594766712
84901M56R63HLK,all_sku_history,lumpy,online_expert_router,50.0237392284976
84901M62S51BHE,all_sku_history,lumpy,online_expert_router,51.8391622773241
84902M62S43BHE,all_sku_history,lumpy,online_expert_router,48.7658959266139
85355M68PA1000,all_sku_history,lumpy,online_expert_router,40.0683433885677
87205M79G51000,all_sku_history,lumpy,online_expert_router,65.9457560056448
8721174G10P4Z,all_sku_history,lumpy,online_expert_router,332.556633322857
87211M76G00T01,all_sku_history,lumpy,online_expert_router,4.99756492562537
87286M81P00000,all_sku_history,lumpy,online_expert_router,60.4122965619718
87491M68P105PK,all_sku_history,lumpy,online_expert_router,72.9994041039222
87991M68P105PK,all_sku_history,lumpy,online_expert_router,76.3331423188557
88912M76M00000,all_sku_history,lumpy,online_expert_router,55.9330043638168
88921M68P01000,all_sku_history,lumpy,online_expert_router,78.8793994139442
8926050J00000,all_sku_history,lumpy,online_expert_router,59.9231496603364
89267M60M00000,all_sku_history,lumpy,online_expert_router,156.198227817496
89969M52R00000,all_sku_history,lumpy,online_expert_router,56.8821324521627
89969M63J00000,all_sku_history,lumpy,online_expert_router,47.4271301325961
9531071L01000,all_sku_history,lumpy,online_expert_router,25.691920956379
95310M68K00000,all_sku_history,lumpy,online_expert_router,36.7198091911799
95310M75T00000,all_sku_history,lumpy,online_expert_router,119.887814008905
