model,eval_month,month_num,wmape,evaluation_rows,unique_skus,tuning
chronos_2_erratic_features,2024-10-01,1,70.02157478494046,380,380,Foundation Model
chronos_2_erratic_features,2024-11-01,2,65.36967406930154,381,381,Foundation Model
chronos_2_erratic_features,2024-12-01,3,63.65204654513112,381,381,Foundation Model
chronos_2_erratic_features,2025-01-01,4,45.61736327503058,381,381,Foundation Model
chronos_2_erratic_features,2025-02-01,5,50.25539897001361,382,382,Foundation Model
chronos_2_erratic_features,2025-03-01,6,49.91373503617603,384,384,Foundation Model
chronos_2_erratic_features,2025-04-01,7,47.16700450952079,391,391,Foundation Model
chronos_2_erratic_features,2025-05-01,8,35.38324747259901,394,394,Foundation Model
chronos_2_erratic_features,2025-06-01,9,38.53809902831601,396,396,Foundation Model
chronos_2_erratic_features,2025-07-01,10,32.952168913906696,396,396,Foundation Model
chronos_2_erratic_features,2025-08-01,11,39.36750789720976,396,396,Foundation Model
chronos_2_erratic_features,2025-09-01,12,48.73498436945082,396,396,Foundation Model
chronos_2_erratic_features,2025-10-01,13,45.33805376126729,396,396,Foundation Model
chronos_2_erratic_features,2025-11-01,14,46.5331327739031,396,396,Foundation Model
chronos_2_erratic_features,2025-12-01,15,34.30169243975542,396,396,Foundation Model
chronos_2_erratic_features,2026-01-01,16,93.87986096415663,396,396,Foundation Model
chronos_2_erratic_features,2026-02-01,17,39.77536045314934,396,396,Foundation Model
chronos_2_erratic_features,2026-03-01,18,92.30526455201556,396,396,Foundation Model
chronos_2_erratic_features,2026-04-01,19,81.20726950095316,396,396,Foundation Model
chronos_2_erratic_features_plus_external,2024-10-01,1,70.02157478494046,380,380,Foundation Model
chronos_2_erratic_features_plus_external,2024-11-01,2,65.36967406930154,381,381,Foundation Model
chronos_2_erratic_features_plus_external,2024-12-01,3,58.350022465932064,381,381,Foundation Model
chronos_2_erratic_features_plus_external,2025-01-01,4,44.70731120913556,381,381,Foundation Model
chronos_2_erratic_features_plus_external,2025-02-01,5,48.20375473843013,382,382,Foundation Model
chronos_2_erratic_features_plus_external,2025-03-01,6,48.29918328904621,384,384,Foundation Model
chronos_2_erratic_features_plus_external,2025-04-01,7,36.34931768588886,391,391,Foundation Model
chronos_2_erratic_features_plus_external,2025-05-01,8,32.326576832118384,394,394,Foundation Model
chronos_2_erratic_features_plus_external,2025-06-01,9,38.5684639743932,396,396,Foundation Model
chronos_2_erratic_features_plus_external,2025-07-01,10,32.94352341418379,396,396,Foundation Model
chronos_2_erratic_features_plus_external,2025-08-01,11,37.00025659088886,396,396,Foundation Model
chronos_2_erratic_features_plus_external,2025-09-01,12,41.40933622770479,396,396,Foundation Model
chronos_2_erratic_features_plus_external,2025-10-01,13,34.57701326489568,396,396,Foundation Model
chronos_2_erratic_features_plus_external,2025-11-01,14,36.392117375493285,396,396,Foundation Model
chronos_2_erratic_features_plus_external,2025-12-01,15,31.3095968157114,396,396,Foundation Model
chronos_2_erratic_features_plus_external,2026-01-01,16,32.14168734213057,396,396,Foundation Model
chronos_2_erratic_features_plus_external,2026-02-01,17,34.07947601681917,396,396,Foundation Model
chronos_2_erratic_features_plus_external,2026-03-01,18,68.6390310752187,396,396,Foundation Model
chronos_2_erratic_features_plus_external,2026-04-01,19,32.32494963577015,396,396,Foundation Model
chronos_t5_tiny,2024-10-01,1,64.1634683417197,380,380,Foundation Model
chronos_t5_tiny,2024-11-01,2,71.84624908319525,381,381,Foundation Model
chronos_t5_tiny,2024-12-01,3,75.8866127561356,381,381,Foundation Model
chronos_t5_tiny,2025-01-01,4,72.28110903465043,381,381,Foundation Model
chronos_t5_tiny,2025-02-01,5,81.9534240672307,382,382,Foundation Model
chronos_t5_tiny,2025-03-01,6,70.21997432417379,384,384,Foundation Model
chronos_t5_tiny,2025-04-01,7,61.00761683920759,391,391,Foundation Model
chronos_t5_tiny,2025-05-01,8,68.38590737374388,394,394,Foundation Model
chronos_t5_tiny,2025-06-01,9,79.55473801195438,396,396,Foundation Model
chronos_t5_tiny,2025-07-01,10,71.74262898153746,396,396,Foundation Model
chronos_t5_tiny,2025-08-01,11,72.5509821946559,396,396,Foundation Model
chronos_t5_tiny,2025-09-01,12,77.82371079280375,396,396,Foundation Model
chronos_t5_tiny,2025-10-01,13,67.68357447975187,396,396,Foundation Model
chronos_t5_tiny,2025-11-01,14,78.93852039172462,396,396,Foundation Model
chronos_t5_tiny,2025-12-01,15,63.13275830373001,396,396,Foundation Model
chronos_t5_tiny,2026-01-01,16,73.55517806523089,396,396,Foundation Model
chronos_t5_tiny,2026-02-01,17,72.51506909548007,396,396,Foundation Model
chronos_t5_tiny,2026-03-01,18,67.15202141950853,396,396,Foundation Model
chronos_t5_tiny,2026-04-01,19,73.07884452358776,396,396,Foundation Model
lightgbm,2024-09-01,1,96.5103983042829,378,378,Baseline
lightgbm,2024-09-01,1,110.87915720470583,378,378,Tuned
lightgbm,2024-10-01,2,99.599537996608,380,380,Baseline
lightgbm,2024-10-01,2,89.31580412064706,380,380,Tuned
lightgbm,2024-11-01,3,97.13638677524116,381,381,Baseline
lightgbm,2024-11-01,3,83.3759555834424,381,381,Tuned
lightgbm,2024-12-01,4,98.57078434291545,381,381,Baseline
lightgbm,2024-12-01,4,89.0821298642041,381,381,Tuned
lightgbm,2025-01-01,5,98.05110165886263,381,381,Baseline
lightgbm,2025-01-01,5,92.80729759793633,381,381,Tuned
lightgbm,2025-02-01,6,97.5990762740612,382,382,Baseline
lightgbm,2025-02-01,6,107.17686986533266,382,382,Tuned
lightgbm,2025-03-01,7,95.3166318887903,384,384,Baseline
lightgbm,2025-03-01,7,98.00962784139892,384,384,Tuned
lightgbm,2025-04-01,8,96.58049987998405,391,391,Baseline
lightgbm,2025-04-01,8,79.98782812552753,391,391,Tuned
lightgbm,2025-05-01,9,95.34843992834548,394,394,Baseline
lightgbm,2025-05-01,9,78.51982882140896,394,394,Tuned
lightgbm,2025-06-01,10,98.3396574476107,396,396,Baseline
lightgbm,2025-06-01,10,84.01582329748976,396,396,Tuned
lightgbm,2025-07-01,11,97.5894607002258,396,396,Baseline
lightgbm,2025-07-01,11,83.89986158697953,396,396,Tuned
lightgbm,2025-08-01,12,96.98239035263369,396,396,Baseline
lightgbm,2025-08-01,12,119.61867885444116,396,396,Tuned
lightgbm,2025-09-01,13,96.00858879432867,396,396,Baseline
lightgbm,2025-09-01,13,107.70354145025576,396,396,Tuned
lightgbm,2025-10-01,14,97.39461756629548,396,396,Baseline
lightgbm,2025-10-01,14,74.942342132121,396,396,Tuned
lightgbm,2025-11-01,15,98.2451685330806,396,396,Baseline
lightgbm,2025-11-01,15,75.71545337254506,396,396,Tuned
lightgbm,2025-12-01,16,97.92032730880176,396,396,Baseline
lightgbm,2025-12-01,16,83.90886408015581,396,396,Tuned
lightgbm,2026-01-01,17,97.93444099703392,396,396,Baseline
lightgbm,2026-01-01,17,91.30493806136664,396,396,Tuned
lightgbm,2026-02-01,18,98.60389328217944,396,396,Baseline
lightgbm,2026-02-01,18,83.78882626642618,396,396,Tuned
lightgbm,2026-03-01,19,97.92621309311492,396,396,Baseline
lightgbm,2026-03-01,19,112.19047229368093,396,396,Tuned
lightgbm,2026-04-01,20,97.2972774870524,396,396,Baseline
lightgbm,2026-04-01,20,95.12682666425516,396,396,Tuned
lumpy_hurdle,2024-09-01,1,98.7922033905948,378,378,Baseline
lumpy_hurdle,2024-10-01,2,99.8320503996023,380,380,Baseline
lumpy_hurdle,2024-11-01,3,99.11511357916628,381,381,Baseline
lumpy_hurdle,2024-12-01,4,100.0,381,381,Baseline
lumpy_hurdle,2025-01-01,5,100.0,381,381,Baseline
lumpy_hurdle,2025-02-01,6,100.0,382,382,Baseline
lumpy_hurdle,2025-03-01,7,100.0,384,384,Baseline
lumpy_hurdle,2025-04-01,8,100.0,391,391,Baseline
lumpy_hurdle,2025-05-01,9,100.0,394,394,Baseline
lumpy_hurdle,2025-06-01,10,100.0,396,396,Baseline
lumpy_hurdle,2025-07-01,11,100.0,396,396,Baseline
lumpy_hurdle,2025-08-01,12,100.0,396,396,Baseline
lumpy_hurdle,2025-09-01,13,100.0,396,396,Baseline
lumpy_hurdle,2025-10-01,14,100.0,396,396,Baseline
lumpy_hurdle,2025-11-01,15,100.0,396,396,Baseline
lumpy_hurdle,2025-12-01,16,100.0,396,396,Baseline
lumpy_hurdle,2026-01-01,17,100.0,396,396,Baseline
lumpy_hurdle,2026-02-01,18,100.0,396,396,Baseline
lumpy_hurdle,2026-03-01,19,100.0,396,396,Baseline
lumpy_hurdle,2026-04-01,20,100.0,396,396,Baseline
random_forest,2024-09-01,1,97.72897826240148,378,378,Baseline
random_forest,2024-09-01,1,102.51047660841286,378,378,Tuned
random_forest,2024-10-01,2,100.60937783748696,380,380,Baseline
random_forest,2024-10-01,2,89.6050844175837,380,380,Tuned
random_forest,2024-11-01,3,95.58913543066627,381,381,Baseline
random_forest,2024-11-01,3,81.75019956055868,381,381,Tuned
random_forest,2024-12-01,4,97.7068411030642,381,381,Baseline
random_forest,2024-12-01,4,84.83213624122166,381,381,Tuned
random_forest,2025-01-01,5,96.68859581730288,381,381,Baseline
random_forest,2025-01-01,5,88.86342641423964,381,381,Tuned
random_forest,2025-02-01,6,96.7954683436072,382,382,Baseline
random_forest,2025-02-01,6,105.9194160715937,382,382,Tuned
random_forest,2025-03-01,7,95.97120601309092,384,384,Baseline
random_forest,2025-03-01,7,94.23659269227504,384,384,Tuned
random_forest,2025-04-01,8,96.87314494378822,391,391,Baseline
random_forest,2025-04-01,8,77.46089454789914,391,391,Tuned
random_forest,2025-05-01,9,95.8308114076943,394,394,Baseline
random_forest,2025-05-01,9,76.59957671944363,394,394,Tuned
random_forest,2025-06-01,10,97.22326207695724,396,396,Baseline
random_forest,2025-06-01,10,82.26903239552146,396,396,Tuned
random_forest,2025-07-01,11,99.31914731645924,396,396,Baseline
random_forest,2025-07-01,11,81.55436930779636,396,396,Tuned
random_forest,2025-08-01,12,98.04927943402498,396,396,Baseline
random_forest,2025-08-01,12,114.46309910577747,396,396,Tuned
random_forest,2025-09-01,13,98.15338860203366,396,396,Baseline
random_forest,2025-09-01,13,98.22951919510766,396,396,Tuned
random_forest,2025-10-01,14,99.03772031799862,396,396,Baseline
random_forest,2025-10-01,14,73.39770852150895,396,396,Tuned
random_forest,2025-11-01,15,99.32461428627217,396,396,Baseline
random_forest,2025-11-01,15,75.7958380684251,396,396,Tuned
random_forest,2025-12-01,16,99.51710552368458,396,396,Baseline
random_forest,2025-12-01,16,78.45353354425406,396,396,Tuned
random_forest,2026-01-01,17,99.80861638248383,396,396,Baseline
random_forest,2026-01-01,17,88.31298768160673,396,396,Tuned
random_forest,2026-02-01,18,99.79455550345922,396,396,Baseline
random_forest,2026-02-01,18,81.89810723081901,396,396,Tuned
random_forest,2026-03-01,19,99.64989271023347,396,396,Baseline
random_forest,2026-03-01,19,108.31454841811984,396,396,Tuned
random_forest,2026-04-01,20,99.62333260486234,396,396,Baseline
random_forest,2026-04-01,20,93.39577751134158,396,396,Tuned
xgboost,2024-09-01,1,97.99751098726524,378,378,Baseline
xgboost,2024-09-01,1,106.72788744812962,378,378,Tuned
xgboost,2024-10-01,2,100.05649671394931,380,380,Baseline
xgboost,2024-10-01,2,87.85151899618083,380,380,Tuned
xgboost,2024-11-01,3,97.4937500937237,381,381,Baseline
xgboost,2024-11-01,3,82.21019751056589,381,381,Tuned
xgboost,2024-12-01,4,99.03563377552872,381,381,Baseline
xgboost,2024-12-01,4,89.29159427054873,381,381,Tuned
xgboost,2025-01-01,5,98.1242903202448,381,381,Baseline
xgboost,2025-01-01,5,81.75528739926607,381,381,Tuned
xgboost,2025-02-01,6,97.81444311396493,382,382,Baseline
xgboost,2025-02-01,6,102.11720665604432,382,382,Tuned
xgboost,2025-03-01,7,98.32559124123856,384,384,Baseline
xgboost,2025-03-01,7,96.53653133599484,384,384,Tuned
xgboost,2025-04-01,8,97.98705672012883,391,391,Baseline
xgboost,2025-04-01,8,74.06467598425075,391,391,Tuned
xgboost,2025-05-01,9,98.2902088536454,394,394,Baseline
xgboost,2025-05-01,9,74.79228649809102,394,394,Tuned
xgboost,2025-06-01,10,98.5177350212506,396,396,Baseline
xgboost,2025-06-01,10,84.74066313093172,396,396,Tuned
xgboost,2025-07-01,11,97.83638257013808,396,396,Baseline
xgboost,2025-07-01,11,84.30993210709671,396,396,Tuned
xgboost,2025-08-01,12,97.26756579857422,396,396,Baseline
xgboost,2025-08-01,12,113.94113061655048,396,396,Tuned
xgboost,2025-09-01,13,98.38914095736678,396,396,Baseline
xgboost,2025-09-01,13,104.72687630445708,396,396,Tuned
xgboost,2025-10-01,14,98.3581419969543,396,396,Baseline
xgboost,2025-10-01,14,71.88760022248476,396,396,Tuned
xgboost,2025-11-01,15,98.44078054032532,396,396,Baseline
xgboost,2025-11-01,15,77.52807126405213,396,396,Tuned
xgboost,2025-12-01,16,98.28779759552825,396,396,Baseline
xgboost,2025-12-01,16,83.05493309904412,396,396,Tuned
xgboost,2026-01-01,17,97.65248711256014,396,396,Baseline
xgboost,2026-01-01,17,81.67074458149897,396,396,Tuned
xgboost,2026-02-01,18,98.09355601488316,396,396,Baseline
xgboost,2026-02-01,18,86.4431511322149,396,396,Tuned
xgboost,2026-03-01,19,97.7259175924986,396,396,Baseline
xgboost,2026-03-01,19,107.0185919256425,396,396,Tuned
xgboost,2026-04-01,20,96.91548098073818,396,396,Baseline
xgboost,2026-04-01,20,98.11524200841365,396,396,Tuned
