sku_id,variant,demand_type,model,wmape_percent,abs_error_sum,abs_actual_sum
0911912012000,all_sku_history,erratic,chronos_2_erratic_features_plus_external,43.98526620864868,351.88212966918945,800.0
09140M12040000,all_sku_history,erratic,chronos_2_erratic_features_plus_external,73.27445073866508,208.09944009780884,284.0
0915912057000,all_sku_history,erratic,chronos_2_erratic_features_plus_external,137.21214882163116,295.00611996650696,215.0
09209M09L02000,all_sku_history,erratic,chronos_2_erratic_features_plus_external,49.13715851771367,75.67122411727905,154.0
0924616021000,all_sku_history,erratic,chronos_2_erratic_features_plus_external,81.58510274034205,100.34967637062073,123.0
0928335052000,all_sku_history,erratic,chronos_2_erratic_features_plus_external,92.87535973957607,78.0153021812439,84.0
0928348007000,all_sku_history,erratic,chronos_2_erratic_features_plus_external,94.05684508094492,121.33333015441895,129.0
0940907340000,all_sku_history,erratic,chronos_2_erratic_features_plus_external,60.176666039870796,480.20979499816895,798.0
09409M07355000,all_sku_history,erratic,chronos_2_erratic_features_plus_external,79.68023658558062,750.5878286361694,942.0
09409M08006000,all_sku_history,erratic,chronos_2_erratic_features_plus_external,75.13881232631644,1659.81636428833,2209.0
09409M10L04000,all_sku_history,erratic,chronos_2_erratic_features_plus_external,114.37368425492946,670.2297897338867,586.0
11610M53M00000,all_sku_history,erratic,chronos_2_erratic_features_plus_external,84.00773646983694,78.96727228164673,94.0
11610M68K03000,all_sku_history,erratic,chronos_2_erratic_features_plus_external,76.72132633883378,44.49836927652359,58.0
11620M53M00000,all_sku_history,erratic,chronos_2_erratic_features_plus_external,79.73672715100375,43.85519993305206,55.0
11710M53M00000,all_sku_history,erratic,chronos_2_erratic_features_plus_external,68.82895737886429,55.06316590309143,80.0
17100M62S00000,all_sku_history,erratic,chronos_2_erratic_features_plus_external,65.3418240222064,28.750402569770813,44.0
17213M76M00000,all_sku_history,erratic,chronos_2_erratic_features_plus_external,61.82407321351947,20.401944160461426,33.0
17214M76M10000,all_sku_history,erratic,chronos_2_erratic_features_plus_external,71.98469042778015,10.797703564167023,15.0
17700M53M20000,all_sku_history,erratic,chronos_2_erratic_features_plus_external,80.06756609136409,44.037161350250244,55.0
17700M76M10000,all_sku_history,erratic,chronos_2_erratic_features_plus_external,74.94432313101632,26.230513095855713,35.0
17700M83P00000,all_sku_history,erratic,chronos_2_erratic_features_plus_external,73.76951376597086,28.770110368728638,39.0
3512065J32000,all_sku_history,erratic,chronos_2_erratic_features_plus_external,62.64493384603726,36.96051096916199,59.0
3512071L20000,all_sku_history,erratic,chronos_2_erratic_features_plus_external,86.5703325117788,26.836803078651428,31.0
35120M68K20000,all_sku_history,erratic,chronos_2_erratic_features_plus_external,81.52519772792685,23.642307341098785,29.0
35121M53MB0000,all_sku_history,erratic,chronos_2_erratic_features_plus_external,67.5139358598892,49.285173177719116,73.0
35121M60M10000,all_sku_history,erratic,chronos_2_erratic_features_plus_external,103.89862656593323,11.428848922252655,11.0
35121M62S30000,all_sku_history,erratic,chronos_2_erratic_features_plus_external,45.727706291306184,64.93334293365479,142.0
35121M67P10000,all_sku_history,erratic,chronos_2_erratic_features_plus_external,114.72082770232,37.857873141765594,33.0
35121M74L01000,all_sku_history,erratic,chronos_2_erratic_features_plus_external,71.62251396382109,67.32516312599182,94.0
35121M76M50000,all_sku_history,erratic,chronos_2_erratic_features_plus_external,71.34758643249968,47.80288290977478,67.0
35153M59K10000,all_sku_history,erratic,chronos_2_erratic_features_plus_external,131.9410179891894,40.90171557664871,31.0
35300M74TB1000,all_sku_history,erratic,chronos_2_erratic_features_plus_external,55.68938933312892,44.55151146650314,80.0
3532064J31000,all_sku_history,erratic,chronos_2_erratic_features_plus_external,76.81343609636481,33.79791188240051,44.0
3532065J32000,all_sku_history,erratic,chronos_2_erratic_features_plus_external,89.57317537731595,40.307928919792175,45.0
3532071L20000,all_sku_history,erratic,chronos_2_erratic_features_plus_external,60.84418429268731,21.90390634536743,36.0
3532079P30000,all_sku_history,erratic,chronos_2_erratic_features_plus_external,62.61978857219219,20.0383323431015,32.0
35321M53MB0000,all_sku_history,erratic,chronos_2_erratic_features_plus_external,56.237317721048996,42.17798829078674,75.0
35321M55T53000,all_sku_history,erratic,chronos_2_erratic_features_plus_external,48.77757486635751,66.82527756690979,137.0
35321M67P10000,all_sku_history,erratic,chronos_2_erratic_features_plus_external,93.71004807643402,36.546918749809265,39.0
35321M68K21000,all_sku_history,erratic,chronos_2_erratic_features_plus_external,88.17809590926538,22.926304936408997,26.0
35321M74L01000,all_sku_history,erratic,chronos_2_erratic_features_plus_external,61.42708894818328,52.82729649543762,86.0
35321M76M50000,all_sku_history,erratic,chronos_2_erratic_features_plus_external,44.333809759558704,36.353724002838135,82.0
3550054P01000,all_sku_history,erratic,chronos_2_erratic_features_plus_external,81.57048291630215,29.365373849868774,36.0
35501M67P00000,all_sku_history,erratic,chronos_2_erratic_features_plus_external,80.18057087193364,18.44153130054474,23.0
3565064J21000,all_sku_history,erratic,chronos_2_erratic_features_plus_external,87.73128467221414,27.196698248386383,31.0
3565065J21000,all_sku_history,erratic,chronos_2_erratic_features_plus_external,95.76634921525654,54.58681905269623,57.0
3565077R00000,all_sku_history,erratic,chronos_2_erratic_features_plus_external,53.36667567491531,21.346670269966125,40.0
3565079P00000,all_sku_history,erratic,chronos_2_erratic_features_plus_external,75.70712685585022,11.356069028377533,15.0
35650M53M00000,all_sku_history,erratic,chronos_2_erratic_features_plus_external,92.45608752056704,54.54909163713455,59.0
35650M66L00000,all_sku_history,erratic,chronos_2_erratic_features_plus_external,125.53469332364888,16.319510132074356,13.0
35650M67P00000,all_sku_history,erratic,chronos_2_erratic_features_plus_external,101.11726756955757,61.681533217430115,61.0
35650M74L00000,all_sku_history,erratic,chronos_2_erratic_features_plus_external,78.95370986726549,71.05833888053894,90.0
35650M75T00000,all_sku_history,erratic,chronos_2_erratic_features_plus_external,99.57339059222828,65.71843779087067,66.0
35651M68K00000,all_sku_history,erratic,chronos_2_erratic_features_plus_external,59.74272131919861,11.948544263839722,20.0
35651M75L00000,all_sku_history,erratic,chronos_2_erratic_features_plus_external,86.97946200499663,32.182400941848755,37.0
35651M76M00000,all_sku_history,erratic,chronos_2_erratic_features_plus_external,89.20999401145511,32.11559784412384,36.0
3567060K00000,all_sku_history,erratic,chronos_2_erratic_features_plus_external,83.88686259587605,50.332117557525635,60.0
3567061M10000,all_sku_history,erratic,chronos_2_erratic_features_plus_external,61.17269737379891,25.692532896995544,42.0
3567064J20000,all_sku_history,erratic,chronos_2_erratic_features_plus_external,44.88268223675815,14.811285138130188,33.0
3567071L00000,all_sku_history,erratic,chronos_2_erratic_features_plus_external,71.63209373300727,23.638590931892395,33.0
3567079P00000,all_sku_history,erratic,chronos_2_erratic_features_plus_external,129.23530212470465,18.09294229745865,14.0
35670M74L00000,all_sku_history,erratic,chronos_2_erratic_features_plus_external,68.40962977022738,75.93468904495239,111.0
35671M68K00000,all_sku_history,erratic,chronos_2_erratic_features_plus_external,76.65101289749146,19.162753224372864,25.0
35671M75L00000,all_sku_history,erratic,chronos_2_erratic_features_plus_external,70.98725465211001,31.234392046928406,44.0
35750M53M00000,all_sku_history,erratic,chronos_2_erratic_features_plus_external,75.95316015538715,63.80065453052521,84.0
35750M66L00000,all_sku_history,erratic,chronos_2_erratic_features_plus_external,101.24768674373628,15.18715301156044,15.0
35750M67P00000,all_sku_history,erratic,chronos_2_erratic_features_plus_external,66.44677091389894,42.525933384895325,64.0
35750M75T00000,all_sku_history,erratic,chronos_2_erratic_features_plus_external,71.69463100104497,41.58288598060608,58.0
3591075F12000,all_sku_history,erratic,chronos_2_erratic_features_plus_external,81.63251671940088,26.122405350208282,32.0
36250M74T15000,all_sku_history,erratic,chronos_2_erratic_features_plus_external,88.77064458867336,83.44440591335297,94.0
3625479P01000,all_sku_history,erratic,chronos_2_erratic_features_plus_external,72.02611073203708,16.56600546836853,23.0
3625486R20000,all_sku_history,erratic,chronos_2_erratic_features_plus_external,83.67654418945312,20.91913604736328,25.0
36410M67K00000,all_sku_history,erratic,chronos_2_erratic_features_plus_external,64.02372412565278,52.49945378303528,82.0
38450M68K00000,all_sku_history,erratic,chronos_2_erratic_features_plus_external,89.07800387768519,18.70638081431389,21.0
38450M74L10000,all_sku_history,erratic,chronos_2_erratic_features_plus_external,88.66619716991077,48.76640844345093,55.0
38450M76M00000,all_sku_history,erratic,chronos_2_erratic_features_plus_external,55.10719323158264,27.55359661579132,50.0
38453M75000000,all_sku_history,erratic,chronos_2_erratic_features_plus_external,119.01185035705566,59.50592517852783,50.0
3925164J00000,all_sku_history,erratic,chronos_2_erratic_features_plus_external,76.44930470664546,40.518131494522095,53.0
3932152R00000,all_sku_history,erratic,chronos_2_erratic_features_plus_external,79.25992480346135,22.192778944969177,28.0
39321M62S10000,all_sku_history,erratic,chronos_2_erratic_features_plus_external,54.2559304327335,28.755643129348755,53.0
3932252R00000,all_sku_history,erratic,chronos_2_erratic_features_plus_external,72.49012192090353,19.57233291864395,27.0
41710M74L00000,all_sku_history,erratic,chronos_2_erratic_features_plus_external,103.25141775196995,29.94291114807129,29.0
4243163J10000,all_sku_history,erratic,chronos_2_erratic_features_plus_external,62.755126710150655,197.05109786987305,314.0
4321078R010BK,all_sku_history,erratic,chronos_2_erratic_features_plus_external,87.8661721944809,35.14646887779236,40.0
43210M55T5027N,all_sku_history,erratic,chronos_2_erratic_features_plus_external,57.89213211108477,45.15586304664612,78.0
43210M55T60QC8,all_sku_history,erratic,chronos_2_erratic_features_plus_external,57.05813063672308,96.42824077606201,169.0
43210M68P1009L,all_sku_history,erratic,chronos_2_erratic_features_plus_external,69.26461795965831,20.77938538789749,30.0
43210M68P60ZMQ,all_sku_history,erratic,chronos_2_erratic_features_plus_external,45.12091963379471,48.73059320449829,108.0
43210M75T60QC8,all_sku_history,erratic,chronos_2_erratic_features_plus_external,72.6529894556318,25.42854630947113,35.0
43210M79G5309L,all_sku_history,erratic,chronos_2_erratic_features_plus_external,54.35455854122455,42.39655566215515,78.0
43250M62S0027N,all_sku_history,erratic,chronos_2_erratic_features_plus_external,46.65269756317139,93.30539512634277,200.0
43250M67K0027N,all_sku_history,erratic,chronos_2_erratic_features_plus_external,73.01549036827313,123.39617872238159,169.0
43250M75T0027N,all_sku_history,erratic,chronos_2_erratic_features_plus_external,83.62202562134841,24.25038743019104,29.0
43250M81R1027N,all_sku_history,erratic,chronos_2_erratic_features_plus_external,85.79736139093127,24.023261189460754,28.0
43250M83P0027N,all_sku_history,erratic,chronos_2_erratic_features_plus_external,59.998547852928965,40.1990270614624,67.0
4325283S000PG,all_sku_history,erratic,chronos_2_erratic_features_plus_external,91.29257000667948,64.81772470474243,71.0
43252M67L00AQY,all_sku_history,erratic,chronos_2_erratic_features_plus_external,84.41203288864672,48.114858746528625,57.0
48150M68P10C48,all_sku_history,erratic,chronos_2_erratic_features_plus_external,118.0348155590204,15.344526022672653,13.0
5730065811000,all_sku_history,erratic,chronos_2_erratic_features_plus_external,99.15335289267605,42.63594174385071,43.0
57300M53M00000,all_sku_history,erratic,chronos_2_erratic_features_plus_external,74.32409458690219,20.067505538463593,27.0
57300M67P00000,all_sku_history,erratic,chronos_2_erratic_features_plus_external,79.05652366186443,30.041478991508484,38.0
57300M74L00000,all_sku_history,erratic,chronos_2_erratic_features_plus_external,65.37747737907227,54.917080998420715,84.0
57300M76M00000,all_sku_history,erratic,chronos_2_erratic_features_plus_external,79.94094167436873,55.958659172058105,70.0
57410M62S00000,all_sku_history,erratic,chronos_2_erratic_features_plus_external,61.93845828374227,27.87230622768402,45.0
57410M74L00000,all_sku_history,erratic,chronos_2_erratic_features_plus_external,60.25587075795883,23.499789595603943,39.0
57410M76M00000,all_sku_history,erratic,chronos_2_erratic_features_plus_external,81.21994078159332,16.243988156318665,20.0
57410M79G00000,all_sku_history,erratic,chronos_2_erratic_features_plus_external,78.2384199400743,18.77722078561783,24.0
5742054P00000,all_sku_history,erratic,chronos_2_erratic_features_plus_external,73.76013858751817,16.227230489253998,22.0
57420M62S00000,all_sku_history,erratic,chronos_2_erratic_features_plus_external,56.20996383103457,24.732384085655212,44.0
57420M67P00000,all_sku_history,erratic,chronos_2_erratic_features_plus_external,86.18272542953491,14.651063323020935,17.0
57420M74L00000,all_sku_history,erratic,chronos_2_erratic_features_plus_external,96.25457184655326,33.68910014629364,35.0
57420M76M00000,all_sku_history,erratic,chronos_2_erratic_features_plus_external,82.48920189706904,15.672948360443115,19.0
57420M79G00000,all_sku_history,erratic,chronos_2_erratic_features_plus_external,108.87779176235199,21.775558352470398,20.0
5761065J10000,all_sku_history,erratic,chronos_2_erratic_features_plus_external,66.22976437211037,42.387049198150635,64.0
5761154P00000,all_sku_history,erratic,chronos_2_erratic_features_plus_external,100.55230820880216,17.09389239549637,17.0
57611M53M00000,all_sku_history,erratic,chronos_2_erratic_features_plus_external,108.64508612589403,23.901918947696686,22.0
57611M55T00000,all_sku_history,erratic,chronos_2_erratic_features_plus_external,39.89586894328777,103.72925925254822,260.0
57611M67P01000,all_sku_history,erratic,chronos_2_erratic_features_plus_external,86.80845192500524,30.38295817375183,35.0
57611M75T10000,all_sku_history,erratic,chronos_2_erratic_features_plus_external,67.0259809961506,34.183250308036804,51.0
5771065J10000,all_sku_history,erratic,chronos_2_erratic_features_plus_external,73.34339618682861,29.337358474731445,40.0
57711M53M00000,all_sku_history,erratic,chronos_2_erratic_features_plus_external,91.34905877567473,19.183302342891693,21.0
57711M67P01000,all_sku_history,erratic,chronos_2_erratic_features_plus_external,55.55272556486584,23.332144737243652,42.0
57711M68K10000,all_sku_history,erratic,chronos_2_erratic_features_plus_external,77.20987745693752,27.02345710992813,35.0
57711M71P00000,all_sku_history,erratic,chronos_2_erratic_features_plus_external,83.21708902007057,17.47558869421482,21.0
57711M75T10000,all_sku_history,erratic,chronos_2_erratic_features_plus_external,96.76821444715772,67.7377501130104,70.0
57711M76M00000,all_sku_history,erratic,chronos_2_erratic_features_plus_external,61.32774997401882,45.382534980773926,74.0
58121M53M00000,all_sku_history,erratic,chronos_2_erratic_features_plus_external,66.30311551548186,13.92365425825119,21.0
58200M80T00000,all_sku_history,erratic,chronos_2_erratic_features_plus_external,72.17082671630078,28.1466224193573,39.0
5823052R00000,all_sku_history,erratic,chronos_2_erratic_features_plus_external,70.9554597735405,19.86752873659134,28.0
58230M53M00000,all_sku_history,erratic,chronos_2_erratic_features_plus_external,92.07494421438737,20.256487727165222,22.0
58230M62S00000,all_sku_history,erratic,chronos_2_erratic_features_plus_external,72.3228703374448,16.634260177612305,23.0
58230M68K01000,all_sku_history,erratic,chronos_2_erratic_features_plus_external,79.67239916324615,22.308271765708923,28.0
5826077K00000,all_sku_history,erratic,chronos_2_erratic_features_plus_external,57.22153638971263,33.188491106033325,58.0
58270M68K00000,all_sku_history,erratic,chronos_2_erratic_features_plus_external,60.348481398362374,23.535907745361328,39.0
58270M75T00000,all_sku_history,erratic,chronos_2_erratic_features_plus_external,132.0229831494783,25.08436679840088,19.0
58270M76M01000,all_sku_history,erratic,chronos_2_erratic_features_plus_external,81.9119203658331,34.4030065536499,42.0
58280M68K00000,all_sku_history,erratic,chronos_2_erratic_features_plus_external,72.08247780799866,20.183093786239624,28.0
58811M78R00000,all_sku_history,erratic,chronos_2_erratic_features_plus_external,86.61519069420663,32.91377246379852,38.0
65500M55T10000,all_sku_history,erratic,chronos_2_erratic_features_plus_external,68.56592075769291,58.966691851615906,86.0
65561M74L00000,all_sku_history,erratic,chronos_2_erratic_features_plus_external,46.98693626805356,17.85503578186035,38.0
68001M55T20000,all_sku_history,erratic,chronos_2_erratic_features_plus_external,48.217520158584804,35.19878971576691,73.0
68001M62S12000,all_sku_history,erratic,chronos_2_erratic_features_plus_external,88.14817575307993,22.91852569580078,26.0
68002M55T20000,all_sku_history,erratic,chronos_2_erratic_features_plus_external,66.07222529018625,56.161391496658325,85.0
69100M53M00000,all_sku_history,erratic,chronos_2_erratic_features_plus_external,76.8854366030012,26.909902811050415,35.0
69100M67P10000,all_sku_history,erratic,chronos_2_erratic_features_plus_external,65.70670786831114,11.827207416296005,18.0
71079M74T00000,all_sku_history,erratic,chronos_2_erratic_features_plus_external,111.9252895867383,30.219828188419342,27.0
7171064R00ZQ4,all_sku_history,erratic,chronos_2_erratic_features_plus_external,56.44909471705339,38.949875354766846,69.0
7171154L10799,all_sku_history,erratic,chronos_2_erratic_features_plus_external,110.17399744855032,19.83131954073906,18.0
7171161P00799,all_sku_history,erratic,chronos_2_erratic_features_plus_external,82.64330656904923,31.40445649623871,38.0
7171178R015PK,all_sku_history,erratic,chronos_2_erratic_features_plus_external,52.54189619651207,34.15223252773285,65.0
7171179P00799,all_sku_history,erratic,chronos_2_erratic_features_plus_external,42.56436727484878,20.856539964675903,49.0
71711M53MA05PK,all_sku_history,erratic,chronos_2_erratic_features_plus_external,90.18165890512795,26.152681082487106,29.0
71711M53MA0799,all_sku_history,erratic,chronos_2_erratic_features_plus_external,104.25769053399563,16.6812304854393,16.0
71711M53MB05PK,all_sku_history,erratic,chronos_2_erratic_features_plus_external,127.09617668932134,27.961158871650696,22.0
71711M56R00799,all_sku_history,erratic,chronos_2_erratic_features_plus_external,55.247388488944914,48.06522798538208,87.0
71711M62S005PK,all_sku_history,erratic,chronos_2_erratic_features_plus_external,27.22801430390613,55.00058889389038,202.0
71711M66L005PK,all_sku_history,erratic,chronos_2_erratic_features_plus_external,133.45081262728746,22.68663814663887,17.0
71711M67P00799,all_sku_history,erratic,chronos_2_erratic_features_plus_external,83.87739745582023,34.38973295688629,41.0
71711M68K00799,all_sku_history,erratic,chronos_2_erratic_features_plus_external,77.10696399211884,30.842785596847534,40.0
71711M73T115PK,all_sku_history,erratic,chronos_2_erratic_features_plus_external,61.11217427371752,61.7232960164547,101.0
71711M74L00799,all_sku_history,erratic,chronos_2_erratic_features_plus_external,67.71782129368884,31.827376008033752,47.0
71711M75L00799,all_sku_history,erratic,chronos_2_erratic_features_plus_external,72.8340782225132,23.306905031204224,32.0
71711M76M10799,all_sku_history,erratic,chronos_2_erratic_features_plus_external,67.66807436943054,37.8941216468811,56.0
71711M76T00N49,all_sku_history,erratic,chronos_2_erratic_features_plus_external,46.70231860192096,56.97682869434357,122.0
71711M79M00799,all_sku_history,erratic,chronos_2_erratic_features_plus_external,66.63249135017395,15.991797924041748,24.0
71712M54T00000,all_sku_history,erratic,chronos_2_erratic_features_plus_external,57.32436211485612,43.56651520729065,76.0
71712M55T00000,all_sku_history,erratic,chronos_2_erratic_features_plus_external,65.74604001819579,76.92286682128906,117.0
71712M56R00000,all_sku_history,erratic,chronos_2_erratic_features_plus_external,67.19595577035632,28.222301423549652,42.0
71712M79M00000,all_sku_history,erratic,chronos_2_erratic_features_plus_external,86.70815743652045,44.22116029262543,51.0
71720M76M005PK,all_sku_history,erratic,chronos_2_erratic_features_plus_external,79.41777436963974,24.619510054588318,31.0
7172160K005PK,all_sku_history,erratic,chronos_2_erratic_features_plus_external,75.04649965659432,34.521389842033386,46.0
7172161P005PK,all_sku_history,erratic,chronos_2_erratic_features_plus_external,45.696040746327995,33.815070152282715,74.0
7172177MJ05PK,all_sku_history,erratic,chronos_2_erratic_features_plus_external,96.00196209820834,21.120431661605835,22.0
7172179P005PK,all_sku_history,erratic,chronos_2_erratic_features_plus_external,62.513384222984314,25.005353689193726,40.0
7172186R105PK,all_sku_history,erratic,chronos_2_erratic_features_plus_external,66.81617165313047,22.71749836206436,34.0
71721M56R005PK,all_sku_history,erratic,chronos_2_erratic_features_plus_external,89.87585984998279,64.71061909198761,72.0
71721M60MA05PK,all_sku_history,erratic,chronos_2_erratic_features_plus_external,65.56348482767741,29.503568172454834,45.0
71721M74T005PK,all_sku_history,erratic,chronos_2_erratic_features_plus_external,40.80021072836483,69.36035823822021,170.0
71721M75L005PK,all_sku_history,erratic,chronos_2_erratic_features_plus_external,76.90395567868207,28.454463601112366,37.0
71721M75T005PK,all_sku_history,erratic,chronos_2_erratic_features_plus_external,111.99619928995767,100.79657936096191,90.0
71721M78R005PK,all_sku_history,erratic,chronos_2_erratic_features_plus_external,70.0906909324906,46.2598560154438,66.0
71721M84P005PK,all_sku_history,erratic,chronos_2_erratic_features_plus_external,89.295344799757,14.28725516796112,16.0
7173154GA0000,all_sku_history,erratic,chronos_2_erratic_features_plus_external,100.15376022883824,35.053816080093384,35.0
7173163J20000,all_sku_history,erratic,chronos_2_erratic_features_plus_external,86.92531387011209,20.862075328826904,24.0
7173171L00000,all_sku_history,erratic,chronos_2_erratic_features_plus_external,57.85457985375517,53.80475926399231,93.0
71731M53M00000,all_sku_history,erratic,chronos_2_erratic_features_plus_external,72.13923208049087,44.004931569099426,61.0
71731M53MB0000,all_sku_history,erratic,chronos_2_erratic_features_plus_external,55.34347971873497,37.08013141155243,67.0
71731M66L005PK,all_sku_history,erratic,chronos_2_erratic_features_plus_external,89.9461699568707,20.68761909008026,23.0
71731M67P00000,all_sku_history,erratic,chronos_2_erratic_features_plus_external,62.88879422041086,32.70217299461365,52.0
71731M68K00000,all_sku_history,erratic,chronos_2_erratic_features_plus_external,64.7492378185957,50.50440549850464,78.0
7173262R00000,all_sku_history,erratic,chronos_2_erratic_features_plus_external,56.587176356050705,20.371383488178253,36.0
7173263J20000,all_sku_history,erratic,chronos_2_erratic_features_plus_external,109.06591415405273,19.631864547729492,18.0
7173271L00000,all_sku_history,erratic,chronos_2_erratic_features_plus_external,50.39561885468503,47.37188172340393,94.0
71732M53M00000,all_sku_history,erratic,chronos_2_erratic_features_plus_external,74.44257803366217,52.85423040390015,71.0
71732M66L005PK,all_sku_history,erratic,chronos_2_erratic_features_plus_external,83.96214668949446,20.150915205478668,24.0
71732M67P00000,all_sku_history,erratic,chronos_2_erratic_features_plus_external,69.65174504688808,34.12935507297516,49.0
71732M68K00000,all_sku_history,erratic,chronos_2_erratic_features_plus_external,53.5048579176267,51.36466360092163,96.0
71732M74T00000,all_sku_history,erratic,chronos_2_erratic_features_plus_external,68.45999596610902,43.12979745864868,63.0
71733M55T00000,all_sku_history,erratic,chronos_2_erratic_features_plus_external,49.48099497910384,90.055410861969,182.0
71733M74L00000,all_sku_history,erratic,chronos_2_erratic_features_plus_external,88.92336943570305,15.116972804069519,17.0
71734M55T00000,all_sku_history,erratic,chronos_2_erratic_features_plus_external,44.32598925844024,70.03506302833557,158.0
71734M68L00000,all_sku_history,erratic,chronos_2_erratic_features_plus_external,89.06537407920474,18.703728556632996,21.0
71734M74T00000,all_sku_history,erratic,chronos_2_erratic_features_plus_external,99.28966905131485,32.7655907869339,33.0
7174054L10D2W,all_sku_history,erratic,chronos_2_erratic_features_plus_external,83.87272979902185,19.290727853775024,23.0
7174073R10CUG,all_sku_history,erratic,chronos_2_erratic_features_plus_external,75.35739126412764,17.33219999074936,23.0
7174079P00C48,all_sku_history,erratic,chronos_2_erratic_features_plus_external,71.1727316562946,27.757365345954895,39.0
7174079S00C48,all_sku_history,erratic,chronos_2_erratic_features_plus_external,39.13599089080212,39.918710708618164,102.0
71740M55T10C48,all_sku_history,erratic,chronos_2_erratic_features_plus_external,61.04776287732059,178.25946760177612,292.0
71740M56R00C48,all_sku_history,erratic,chronos_2_erratic_features_plus_external,78.02613095922784,71.00377917289734,91.0
71740M68T00C48,all_sku_history,erratic,chronos_2_erratic_features_plus_external,28.296368083015818,172.60784530639648,610.0
71740M76MA0C48,all_sku_history,erratic,chronos_2_erratic_features_plus_external,36.66382592457991,76.26075792312622,208.0
71740M76T10KDJ,all_sku_history,erratic,chronos_2_erratic_features_plus_external,66.12196055150801,40.99561554193497,62.0
71740M81R00C48,all_sku_history,erratic,chronos_2_erratic_features_plus_external,41.92621516329901,23.47868049144745,56.0
7174160P005PK,all_sku_history,erratic,chronos_2_erratic_features_plus_external,78.46159129529386,29.030788779258728,37.0
71741M53M005PK,all_sku_history,erratic,chronos_2_erratic_features_plus_external,88.36521974631718,24.74226152896881,28.0
71741M53MA05PK,all_sku_history,erratic,chronos_2_erratic_features_plus_external,60.27453690767288,28.931777715682983,48.0
71741M74L005PK,all_sku_history,erratic,chronos_2_erratic_features_plus_external,102.94635611421921,35.001761078834534,34.0
71741M75L005PK,all_sku_history,erratic,chronos_2_erratic_features_plus_external,65.92950820922852,15.823081970214844,24.0
71741M75T00W9K,all_sku_history,erratic,chronos_2_erratic_features_plus_external,105.47431310017903,72.77727603912354,69.0
71741M76M105PK,all_sku_history,erratic,chronos_2_erratic_features_plus_external,87.62568584302576,35.926531195640564,41.0
71741M83P005PK,all_sku_history,erratic,chronos_2_erratic_features_plus_external,46.65440908620055,66.24926090240479,142.0
71743M76M100PG,all_sku_history,erratic,chronos_2_erratic_features_plus_external,82.406485080719,14.009102463722229,17.0
71744M76M100PG,all_sku_history,erratic,chronos_2_erratic_features_plus_external,120.96619009971619,15.725604712963104,13.0
71745M75T10000,all_sku_history,erratic,chronos_2_erratic_features_plus_external,113.81024546348131,29.590663820505142,26.0
7175172S205PK,all_sku_history,erratic,chronos_2_erratic_features_plus_external,66.02405888693673,23.108420610427856,35.0
7175186R000PG,all_sku_history,erratic,chronos_2_erratic_features_plus_external,53.50893261612103,49.763307332992554,93.0
71751M67P105PK,all_sku_history,erratic,chronos_2_erratic_features_plus_external,72.50111345201731,23.20035630464554,32.0
71751M83P105PK,all_sku_history,erratic,chronos_2_erratic_features_plus_external,84.31903227515842,38.786754846572876,46.0
71752M54T100PG,all_sku_history,erratic,chronos_2_erratic_features_plus_external,48.974712384052765,38.20027565956116,78.0
71752M83P00PWJ,all_sku_history,erratic,chronos_2_erratic_features_plus_external,88.37423082441092,28.279753863811493,32.0
7176179P105PK,all_sku_history,erratic,chronos_2_erratic_features_plus_external,73.42497954765955,17.621995091438293,24.0
71761M52R105PK,all_sku_history,erratic,chronos_2_erratic_features_plus_external,82.46304769625608,71.7428514957428,87.0
71761M67P105PK,all_sku_history,erratic,chronos_2_erratic_features_plus_external,59.134430763049004,23.06242799758911,39.0
71761M68K105PK,all_sku_history,erratic,chronos_2_erratic_features_plus_external,74.47092163151709,21.596567273139954,29.0
71761M74T20ZAM,all_sku_history,erratic,chronos_2_erratic_features_plus_external,58.316127737363175,43.737095803022385,75.0
71761M76MB0Z2S,all_sku_history,erratic,chronos_2_erratic_features_plus_external,91.38628619057792,31.98520016670227,35.0
71761M76MB0ZHJ,all_sku_history,erratic,chronos_2_erratic_features_plus_external,96.83127473382389,16.46131670475006,17.0
71762M54T100PG,all_sku_history,erratic,chronos_2_erratic_features_plus_external,49.48236640070526,35.13248014450073,71.0
7177164R005PK,all_sku_history,erratic,chronos_2_erratic_features_plus_external,103.54623429236874,32.09933263063431,31.0
7177171L00000,all_sku_history,erratic,chronos_2_erratic_features_plus_external,116.77984416484833,17.51697662472725,15.0
7177186R000PG,all_sku_history,erratic,chronos_2_erratic_features_plus_external,52.86690689421989,19.56075555086136,37.0
71771M55T00000,all_sku_history,erratic,chronos_2_erratic_features_plus_external,48.751210375419724,102.86505389213562,211.0
71771M56R100PG,all_sku_history,erratic,chronos_2_erratic_features_plus_external,72.88807498084175,65.59926748275757,90.0
71771M76T00PER,all_sku_history,erratic,chronos_2_erratic_features_plus_external,58.36408079573603,38.520293325185776,66.0
71772M55T00000,all_sku_history,erratic,chronos_2_erratic_features_plus_external,52.925428399094585,58.747225522994995,111.0
71782M56R100PG,all_sku_history,erratic,chronos_2_erratic_features_plus_external,72.32531394277301,30.37663185596466,42.0
71782M66L00000,all_sku_history,erratic,chronos_2_erratic_features_plus_external,74.66110900828713,28.37122142314911,38.0
71782M75T00000,all_sku_history,erratic,chronos_2_erratic_features_plus_external,87.66339358530546,16.65604478120804,19.0
7181179P00799,all_sku_history,erratic,chronos_2_erratic_features_plus_external,71.99096989631653,35.995484948158264,50.0
71811M53M00799,all_sku_history,erratic,chronos_2_erratic_features_plus_external,54.649672508239746,24.592352628707886,45.0
71811M56R00799,all_sku_history,erratic,chronos_2_erratic_features_plus_external,64.77938514006766,36.92424952983856,57.0
71811M56R10799,all_sku_history,erratic,chronos_2_erratic_features_plus_external,68.70085849211766,17.862223207950592,26.0
71811M66L005PK,all_sku_history,erratic,chronos_2_erratic_features_plus_external,112.45077252388,24.7391699552536,22.0
71811M67P01799,all_sku_history,erratic,chronos_2_erratic_features_plus_external,80.76451364017669,33.92109572887421,42.0
71811M68K00799,all_sku_history,erratic,chronos_2_erratic_features_plus_external,100.65953731536865,31.204456567764282,31.0
71811M68P00799,all_sku_history,erratic,chronos_2_erratic_features_plus_external,59.81400012969971,41.869800090789795,70.0
71811M74T00799,all_sku_history,erratic,chronos_2_erratic_features_plus_external,48.51519325865975,38.3270026743412,79.0
71811M75L00799,all_sku_history,erratic,chronos_2_erratic_features_plus_external,96.46992331201379,21.223383128643036,22.0
71811M75T00799,all_sku_history,erratic,chronos_2_erratic_features_plus_external,71.18538542399331,44.846792817115784,63.0
71811M76M00799,all_sku_history,erratic,chronos_2_erratic_features_plus_external,73.20442238161641,45.38674187660217,62.0
71811M80T105PK,all_sku_history,erratic,chronos_2_erratic_features_plus_external,76.34353461088958,61.83826303482056,81.0
7181365L00000,all_sku_history,erratic,chronos_2_erratic_features_plus_external,120.05860432982445,76.83750677108765,64.0
7182173K10000,all_sku_history,erratic,chronos_2_erratic_features_plus_external,41.99006462097168,20.99503231048584,50.0
7182179P00000,all_sku_history,erratic,chronos_2_erratic_features_plus_external,60.698486590872,29.742258429527283,49.0
71821M68K00000,all_sku_history,erratic,chronos_2_erratic_features_plus_external,95.20092010498047,43.792423248291016,46.0
71821M75T00000,all_sku_history,erratic,chronos_2_erratic_features_plus_external,80.61580389738083,32.24632155895233,40.0
71821M79M00000,all_sku_history,erratic,chronos_2_erratic_features_plus_external,156.29798782632707,73.46005427837372,47.0
7182273K10000,all_sku_history,erratic,chronos_2_erratic_features_plus_external,53.405273199081414,26.70263659954071,50.0
7182279P00000,all_sku_history,erratic,chronos_2_erratic_features_plus_external,79.39858039220175,30.96544635295868,39.0
7182280J00000,all_sku_history,erratic,chronos_2_erratic_features_plus_external,88.94056350954116,27.571574687957764,31.0
71822M55T00000,all_sku_history,erratic,chronos_2_erratic_features_plus_external,35.65225949570468,78.07844829559326,219.0
71822M68K00000,all_sku_history,erratic,chronos_2_erratic_features_plus_external,88.57990097492299,41.632553458213806,47.0
71822M75T00000,all_sku_history,erratic,chronos_2_erratic_features_plus_external,84.43637556499905,37.99636900424957,45.0
71822M79M00000,all_sku_history,erratic,chronos_2_erratic_features_plus_external,147.89671095517966,76.90628969669342,52.0
71823M68L00000,all_sku_history,erratic,chronos_2_erratic_features_plus_external,50.89244804074687,31.55331778526306,62.0
7187186R000BK,all_sku_history,erratic,chronos_2_erratic_features_plus_external,67.05089622530444,38.889519810676575,58.0
72310M68K00000,all_sku_history,erratic,chronos_2_erratic_features_plus_external,102.55420488469741,52.30264449119568,51.0
72312M55R00000,all_sku_history,erratic,chronos_2_erratic_features_plus_external,60.89502008337724,69.42032289505005,114.0
72312M68K00000,all_sku_history,erratic,chronos_2_erratic_features_plus_external,66.17225907065651,109.18422746658325,165.0
7232154P00000,all_sku_history,erratic,chronos_2_erratic_features_plus_external,52.277672290802,25.09328269958496,48.0
7232171L00000,all_sku_history,erratic,chronos_2_erratic_features_plus_external,73.50033554765913,26.460120797157288,36.0
72321M53M00000,all_sku_history,erratic,chronos_2_erratic_features_plus_external,59.09300503665453,43.13789367675781,73.0
72321M68K00000,all_sku_history,erratic,chronos_2_erratic_features_plus_external,79.63783901471359,41.41167628765106,52.0
72321M74L00000,all_sku_history,erratic,chronos_2_erratic_features_plus_external,59.237224715096616,74.63890314102173,126.0
72321M76M01000,all_sku_history,erratic,chronos_2_erratic_features_plus_external,62.06718760152017,19.240828156471252,31.0
7232271L00000,all_sku_history,erratic,chronos_2_erratic_features_plus_external,56.66808173769996,23.800594329833984,42.0
72322M53M00000,all_sku_history,erratic,chronos_2_erratic_features_plus_external,50.945343879552986,39.73736822605133,78.0
72322M68K00000,all_sku_history,erratic,chronos_2_erratic_features_plus_external,83.05447930875032,38.20506048202515,46.0
72322M74L00000,all_sku_history,erratic,chronos_2_erratic_features_plus_external,47.66370878844965,58.14972472190857,122.0
72322M76M01000,all_sku_history,erratic,chronos_2_erratic_features_plus_external,92.08394147100903,38.67525541782379,42.0
72371M74L105PK,all_sku_history,erratic,chronos_2_erratic_features_plus_external,102.2974853930266,23.528421640396118,23.0
72380M62S01000,all_sku_history,erratic,chronos_2_erratic_features_plus_external,45.76891944521949,19.222946166992188,42.0
72398M68K00000,all_sku_history,erratic,chronos_2_erratic_features_plus_external,116.4106194789593,30.26676106452942,26.0
72411M74L10000,all_sku_history,erratic,chronos_2_erratic_features_plus_external,90.84433175268627,19.077309668064117,21.0
72420M80T00000,all_sku_history,erratic,chronos_2_erratic_features_plus_external,80.8155906200409,28.285456717014313,35.0
7242252R00000,all_sku_history,erratic,chronos_2_erratic_features_plus_external,55.515690950246956,14.434079647064209,26.0
72431M68L00000,all_sku_history,erratic,chronos_2_erratic_features_plus_external,99.1923043361077,25.789999127388,26.0
72433M56R00000,all_sku_history,erratic,chronos_2_erratic_features_plus_external,53.89578399204073,22.636229276657104,42.0
72437M68L00000,all_sku_history,erratic,chronos_2_erratic_features_plus_external,58.823053214861,13.52930223941803,23.0
7248265J00000,all_sku_history,erratic,chronos_2_erratic_features_plus_external,55.4805076311505,34.95271980762482,63.0
7282165J00Z2S,all_sku_history,erratic,chronos_2_erratic_features_plus_external,58.00579199715267,36.54364895820618,63.0
73110M68P50ZCA,all_sku_history,erratic,chronos_2_erratic_features_plus_external,79.92393241988289,14.386307835578918,18.0
7343061J00P4Z,all_sku_history,erratic,chronos_2_erratic_features_plus_external,98.28410063471112,55.03909635543823,56.0
73430M75J00P4Z,all_sku_history,erratic,chronos_2_erratic_features_plus_external,49.50518757104874,15.841660022735596,32.0
73821M62S205PK,all_sku_history,erratic,chronos_2_erratic_features_plus_external,77.65619115131658,31.839038372039795,41.0
73821M67P305PK,all_sku_history,erratic,chronos_2_erratic_features_plus_external,110.65588803852306,18.81150096654892,17.0
73831M68P005PK,all_sku_history,erratic,chronos_2_erratic_features_plus_external,93.44111585617065,23.360278964042664,25.0
74120M66L10000,all_sku_history,erratic,chronos_2_erratic_features_plus_external,92.22403621673584,23.05600905418396,25.0
74461M79M005PK,all_sku_history,erratic,chronos_2_erratic_features_plus_external,56.591550976622344,57.723381996154785,102.0
7619171L005PK,all_sku_history,erratic,chronos_2_erratic_features_plus_external,81.5932109951973,19.58237063884735,24.0
7619254P005PK,all_sku_history,erratic,chronos_2_erratic_features_plus_external,66.73781404308244,34.036285161972046,51.0
76520M68P10000,all_sku_history,erratic,chronos_2_erratic_features_plus_external,66.20021593279955,27.142088532447815,41.0
76520M74K01000,all_sku_history,erratic,chronos_2_erratic_features_plus_external,54.179537042658374,25.46438241004944,47.0
77161M68P00000,all_sku_history,erratic,chronos_2_erratic_features_plus_external,89.57602083683014,16.123683750629425,18.0
77210M74T005PK,all_sku_history,erratic,chronos_2_erratic_features_plus_external,51.40299438148417,47.80478477478027,93.0
7726054P005PK,all_sku_history,erratic,chronos_2_erratic_features_plus_external,48.250846351896016,20.265355467796326,42.0
7733061M01000,all_sku_history,erratic,chronos_2_erratic_features_plus_external,63.607857026249526,52.79452133178711,83.0
77330M81R00000,all_sku_history,erratic,chronos_2_erratic_features_plus_external,59.92628070286342,104.87099123001099,175.0
7781158J000PG,all_sku_history,erratic,chronos_2_erratic_features_plus_external,82.31433245443529,25.51744306087494,31.0
77811M58J000PG,all_sku_history,erratic,chronos_2_erratic_features_plus_external,59.24432236572792,34.36170697212219,58.0
77811M63T000PG,all_sku_history,erratic,chronos_2_erratic_features_plus_external,84.71858940626446,32.19306397438049,38.0
7783154GB00PG,all_sku_history,erratic,chronos_2_erratic_features_plus_external,49.455649178961046,22.749598622322083,46.0
77831M68L000PG,all_sku_history,erratic,chronos_2_erratic_features_plus_external,57.921293305187696,23.747730255126953,41.0
77851M54G000PG,all_sku_history,erratic,chronos_2_erratic_features_plus_external,86.07088811695576,13.771342098712921,16.0
8185061J01000,all_sku_history,erratic,chronos_2_erratic_features_plus_external,111.83228934964826,34.66800969839096,31.0
81850M68K00000,all_sku_history,erratic,chronos_2_erratic_features_plus_external,58.25933162556139,25.051512598991394,43.0
81850M68P10000,all_sku_history,erratic,chronos_2_erratic_features_plus_external,65.93966912000607,25.716470956802368,39.0
8186061J01000,all_sku_history,erratic,chronos_2_erratic_features_plus_external,112.13465396847045,31.397703111171722,28.0
81860M68K00000,all_sku_history,erratic,chronos_2_erratic_features_plus_external,58.5282407155851,23.996578693389893,41.0
81860M79G20000,all_sku_history,erratic,chronos_2_erratic_features_plus_external,86.26348033547401,17.252696067094803,20.0
8212177K00000,all_sku_history,erratic,chronos_2_erratic_features_plus_external,115.99015624899613,22.038129687309265,19.0
82801M66L015PK,all_sku_history,erratic,chronos_2_erratic_features_plus_external,80.88590725358709,67.1353030204773,83.0
82801M68K005PK,all_sku_history,erratic,chronos_2_erratic_features_plus_external,71.15526469248645,37.71229028701782,53.0
82802M66L015PK,all_sku_history,erratic,chronos_2_erratic_features_plus_external,46.571616136311185,85.22605752944946,183.0
82802M68K5026U,all_sku_history,erratic,chronos_2_erratic_features_plus_external,45.73476153813051,81.40787553787231,178.0
82802M81A605PK,all_sku_history,erratic,chronos_2_erratic_features_plus_external,80.00054871663451,51.20035117864609,64.0
82850M76M005PK,all_sku_history,erratic,chronos_2_erratic_features_plus_external,108.76241077497168,112.02528309822083,103.0
8392152R010CE,all_sku_history,erratic,chronos_2_erratic_features_plus_external,70.59340637463791,18.354285657405853,26.0
83921M68P000CB,all_sku_history,erratic,chronos_2_erratic_features_plus_external,76.2897581470256,37.38198149204254,49.0
83922M55T000CB,all_sku_history,erratic,chronos_2_erratic_features_plus_external,66.59267989255613,39.289681136608124,59.0
8392352R020CE,all_sku_history,erratic,chronos_2_erratic_features_plus_external,79.76141181485407,23.130809426307678,29.0
83923M68P000CB,all_sku_history,erratic,chronos_2_erratic_features_plus_external,75.38575566544824,36.93902027606964,49.0
83924M55T000CB,all_sku_history,erratic,chronos_2_erratic_features_plus_external,58.20182314166775,44.81540381908417,77.0
83924M62S000CB,all_sku_history,erratic,chronos_2_erratic_features_plus_external,79.27699883778891,28.539719581604004,36.0
83924M68P100CB,all_sku_history,erratic,chronos_2_erratic_features_plus_external,43.84043057759603,26.304258346557617,60.0
83926M68P000CB,all_sku_history,erratic,chronos_2_erratic_features_plus_external,80.71981862533924,34.709522008895874,43.0
8393061J005PK,all_sku_history,erratic,chronos_2_erratic_features_plus_external,127.45033204555511,61.176159381866455,48.0
83932M68P000CB,all_sku_history,erratic,chronos_2_erratic_features_plus_external,72.1196106501988,30.290236473083496,42.0
83940M68P100PG,all_sku_history,erratic,chronos_2_erratic_features_plus_external,73.09312908737748,19.73514485359192,27.0
83940M74L10000,all_sku_history,erratic,chronos_2_erratic_features_plus_external,91.2030291557312,27.36090874671936,30.0
83970M68P00000,all_sku_history,erratic,chronos_2_erratic_features_plus_external,77.72025962670645,23.316077888011932,30.0
84051M55T01000,all_sku_history,erratic,chronos_2_erratic_features_plus_external,62.46075341989707,56.83928561210632,91.0
84051M55T11000,all_sku_history,erratic,chronos_2_erratic_features_plus_external,53.05713676824803,43.50685214996338,82.0
8450152R02000,all_sku_history,erratic,chronos_2_erratic_features_plus_external,84.7570361835616,23.731970131397247,28.0
84501M55T00000,all_sku_history,erratic,chronos_2_erratic_features_plus_external,87.78655734555475,25.458101630210876,29.0
84501M68P00000,all_sku_history,erratic,chronos_2_erratic_features_plus_external,58.62158792359489,24.62106692790985,42.0
84502M68P00000,all_sku_history,erratic,chronos_2_erratic_features_plus_external,79.59416860189194,31.041725754737854,39.0
84510M74L01000,all_sku_history,erratic,chronos_2_erratic_features_plus_external,88.10404580214927,25.55017328262329,29.0
84511M75T10000,all_sku_history,erratic,chronos_2_erratic_features_plus_external,90.20572838030363,34.27817678451538,38.0
84511M76M10000,all_sku_history,erratic,chronos_2_erratic_features_plus_external,102.85827300765298,11.314410030841827,11.0
8470171LVAZMT,all_sku_history,erratic,chronos_2_erratic_features_plus_external,73.9003618558248,26.604130268096924,36.0
84701M53M205PK,all_sku_history,erratic,chronos_2_erratic_features_plus_external,79.81274979455131,33.52135491371155,42.0
84701M55TB0ZHJ,all_sku_history,erratic,chronos_2_erratic_features_plus_external,46.28073787077879,36.09897553920746,78.0
84701M68P31ZHJ,all_sku_history,erratic,chronos_2_erratic_features_plus_external,57.42549591286238,24.692963242530823,43.0
84701M68P515PK,all_sku_history,erratic,chronos_2_erratic_features_plus_external,45.47207608819008,18.18883043527603,40.0
84701M74LC15PK,all_sku_history,erratic,chronos_2_erratic_features_plus_external,56.912431478500366,14.228107869625092,25.0
8470261J025PK,all_sku_history,erratic,chronos_2_erratic_features_plus_external,60.67685435215632,29.124890089035034,48.0
84702M53M205PK,all_sku_history,erratic,chronos_2_erratic_features_plus_external,70.51210535897148,38.076536893844604,54.0
84702M55TB0ZHJ,all_sku_history,erratic,chronos_2_erratic_features_plus_external,68.8837496218858,37.19722479581833,54.0
84702M56R92ZHJ,all_sku_history,erratic,chronos_2_erratic_features_plus_external,63.07804628654763,17.03107249736786,27.0
84702M62S20Z4Q,all_sku_history,erratic,chronos_2_erratic_features_plus_external,52.96698900369498,41.31425142288208,78.0
84702M68P31ZHJ,all_sku_history,erratic,chronos_2_erratic_features_plus_external,58.272342296207654,19.812596380710602,34.0
84702M68P515PK,all_sku_history,erratic,chronos_2_erratic_features_plus_external,65.58974412354556,28.859487414360046,44.0
84702M74LC15PK,all_sku_history,erratic,chronos_2_erratic_features_plus_external,111.22242336471875,26.6933816075325,24.0
84702M79G30000,all_sku_history,erratic,chronos_2_erratic_features_plus_external,87.78035283088684,17.556070566177368,20.0
84703M79M02000,all_sku_history,erratic,chronos_2_erratic_features_plus_external,55.42237583650361,60.41038966178894,109.0
8471852R20ZVR,all_sku_history,erratic,chronos_2_erratic_features_plus_external,63.5299022992452,19.05897068977356,30.0
8472852R20ZVR,all_sku_history,erratic,chronos_2_erratic_features_plus_external,75.37240791320801,18.843101978302002,25.0
8472865J00Z2S,all_sku_history,erratic,chronos_2_erratic_features_plus_external,61.85297679901123,15.463244199752808,25.0
8472880J00Z2S,all_sku_history,erratic,chronos_2_erratic_features_plus_external,71.86529263854027,17.247670233249664,24.0
84730M67P10000,all_sku_history,erratic,chronos_2_erratic_features_plus_external,89.14775524820601,31.2017143368721,35.0
84730M74LC0000,all_sku_history,erratic,chronos_2_erratic_features_plus_external,68.68174788595616,59.75312066078186,87.0
84730M79M00000,all_sku_history,erratic,chronos_2_erratic_features_plus_external,74.36308161965732,86.26117467880249,116.0
8474061M00000,all_sku_history,erratic,chronos_2_erratic_features_plus_external,70.06414351255998,32.22950601577759,46.0
8474065J00000,all_sku_history,erratic,chronos_2_erratic_features_plus_external,92.85810694975012,31.57175636291504,34.0
84740M67P10000,all_sku_history,erratic,chronos_2_erratic_features_plus_external,89.45727471647591,25.942609667778015,29.0
84740M74LC0000,all_sku_history,erratic,chronos_2_erratic_features_plus_external,78.22083009863799,41.45703995227814,53.0
84740M74LE0000,all_sku_history,erratic,chronos_2_erratic_features_plus_external,97.60911652916356,18.545732140541077,19.0
84740M76M00000,all_sku_history,erratic,chronos_2_erratic_features_plus_external,93.94254573555881,80.79058933258057,86.0
84740M79M00000,all_sku_history,erratic,chronos_2_erratic_features_plus_external,99.1066032581115,88.20487689971924,89.0
84920M68PB1BHE,all_sku_history,erratic,chronos_2_erratic_features_plus_external,84.97123837471008,21.24280959367752,25.0
84940M68PC1BHE,all_sku_history,erratic,chronos_2_erratic_features_plus_external,77.73971632122993,18.657531917095184,24.0
95130M68K00000,all_sku_history,erratic,chronos_2_erratic_features_plus_external,107.31043530007203,25.754504472017288,24.0
95310M53T00000,all_sku_history,erratic,chronos_2_erratic_features_plus_external,53.13471623005406,65.88704812526703,124.0
95310M55T00000,all_sku_history,erratic,chronos_2_erratic_features_plus_external,43.39429749787308,56.846529722213745,131.0
95310M76M00000,all_sku_history,erratic,chronos_2_erratic_features_plus_external,61.61107545675233,26.492762446403503,43.0
