sku_id,segment,sku_rolling_3m_wmape_percent,model,dominant_expert,months_selected
0915912051000,cold_start,33.86162797502388,online_expert_router,hurdle_random_forest__external__scale_0.50,5
57300M74T00000,cold_start,41.15669251566833,online_expert_router,hurdle_random_forest__external__scale_0.50,5
57300M75T00000,cold_start,41.40803393275235,online_expert_router,hurdle_random_forest__external__scale_0.50,5
68002M75T00000,cold_start,43.36241088082184,online_expert_router,hurdle_random_forest__external__scale_0.50,5
83932M75T000CB,cold_start,45.354409524900404,online_expert_router,hurdle_random_forest__external__scale_0.50,5
83934M75T000CB,cold_start,51.54658405873096,online_expert_router,hurdle_random_forest__external__scale_0.50,5
38450M80T10000,cold_start,52.704717142338694,online_expert_router,hurdle_random_forest__external__scale_0.50,5
84570M75T00000,cold_start,53.22351389099347,online_expert_router,hurdle_random_forest__external__scale_0.50,5
84503M80T20000,cold_start,54.40393163366905,online_expert_router,hurdle_random_forest__external__scale_0.50,5
72381M80T10000,cold_start,54.95188540091366,online_expert_router,hurdle_random_forest__external__scale_0.50,5
82510M75T20000,cold_start,56.52239066058943,online_expert_router,hurdle_random_forest__external__scale_0.50,5
4161552R00000,cold_start,57.350494849445965,online_expert_router,hurdle_random_forest__external__scale_0.50,5
68001M75T00000,cold_start,58.051389058109734,online_expert_router,hurdle_random_forest__external__scale_0.50,5
71751M75T105PK,cold_start,58.12086809639344,online_expert_router,hurdle_random_forest__external__scale_0.50,5
71736M74T00000,cold_start,59.468672121868785,online_expert_router,hurdle_random_forest__external__scale_0.50,5
71732M75T00000,cold_start,63.470948487020564,online_expert_router,hurdle_random_forest__external__scale_0.50,5
35501M75T00000,cold_start,63.52365850494007,online_expert_router,hurdle_random_forest__external__scale_0.50,5
84701M53T3026U,cold_start,64.51409051634413,online_expert_router,hurdle_random_forest__external__scale_0.50,5
39102M80T00000,cold_start,64.82848777748208,online_expert_router,hurdle_random_forest__external__scale_0.50,5
84556M80T00000,cold_start,64.94916007728852,online_expert_router,hurdle_random_forest__external__scale_0.50,5
83841M75T00000,cold_start,67.61713571871822,online_expert_router,hurdle_random_forest__external__scale_0.50,5
84510M80T11000,cold_start,68.60120072312436,online_expert_router,hurdle_random_forest__external__scale_0.50,5
35502M75T00000,cold_start,73.91331847771143,online_expert_router,hurdle_random_forest__external__scale_0.50,5
71712M69T005PK,cold_start,80.12589435684073,online_expert_router,hurdle_random_forest__external__scale_0.50,5
36250M74T55000,cold_start,86.34465503702458,online_expert_router,hurdle_random_forest__external__scale_0.50,5
84728M80T005PK,cold_start,103.96602531522068,online_expert_router,hurdle_random_forest__external__scale_0.50,5
0940908352000,cold_start,119.00587975798146,online_expert_router,hurdle_random_forest__external__scale_0.50,5
95310M75T00000,cold_start,119.88781400890494,online_expert_router,hurdle_random_forest__external__scale_0.50,5
71761M75T105PK,cold_start,122.18536236678347,online_expert_router,hurdle_random_forest__external__scale_0.50,5
89267M60M00000,cold_start,156.1982278174959,online_expert_router,hurdle_random_forest__external__scale_0.50,5
0940906322000,cold_start,173.92259426925122,online_expert_router,hurdle_random_forest__external__scale_0.50,5
84701M80TJ0WB3,cold_start,205.13424183445002,online_expert_router,hurdle_random_forest__external__scale_0.50,5
0911605023000,developing,4.73118095696197,online_expert_router,xgb_tweedie_depth2_reg10__scale_1.15,3
7361052R005PK,developing,14.243511582414312,online_expert_router,ensemble__learned_median__scale_1.00,7
4321080S6027N,developing,14.550686589370983,online_expert_router,aggregate_allocation__scale_1.15,6
7174050U10CUG,developing,14.876121282577493,online_expert_router,xgb_tweedie_depth2_reg10__scale_1.15,3
71750M55T30C48,developing,18.052073567343516,online_expert_router,aggregate_allocation__scale_1.15,3
77221M55T00799,developing,35.09928815011834,online_expert_router,aggregate_allocation__scale_1.50,4
7173263T00000,developing,35.65763920884762,online_expert_router,temporal__positive_mean_12__scale_0.65,8
81810M55T01000,developing,39.23403568348577,online_expert_router,xgb_tweedie_depth2_reg10__external__scale_1.50,4
38500M55T01000,developing,39.2638799367085,online_expert_router,hurdle_xgb_threshold_010__external__scale_1.50,3
84510M76T31000,developing,48.14930389583203,online_expert_router,temporal__positive_mean_6__scale_0.65,3
35701M76T00000,developing,51.541787532963376,online_expert_router,hurdle_xgb_threshold_010__external__scale_2.00,2
43210M62S620CB,developing,52.95067211104518,online_expert_router,temporal__seasonal_recent_blend__scale_1.00,3
82110M55T10000,developing,58.41011542210086,online_expert_router,hurdle_random_forest__external__scale_1.00,2
35702M76T00000,developing,66.85902468076848,online_expert_router,temporal__seasonal_recent_blend__scale_1.00,4
7174063T00EJ1,developing,67.38545818722743,online_expert_router,temporal__positive_mean_6__scale_0.65,3
35670M76T00000,developing,69.26319185538718,online_expert_router,ensemble__sba_mean__scale_1.50,4
77141M55T000CB,developing,69.5116689891163,online_expert_router,analogue__cold_empirical_bayes5__scale_0.25,2
83970M55T00000,developing,70.01539430539863,online_expert_router,xgb_tweedie_depth2_reg10__external__scale_1.00,3
84701M55TG0ZHJ,developing,70.28567861266983,online_expert_router,temporal__positive_mean_6__scale_0.65,5
8313063JC0C48,developing,82.45033882710332,online_expert_router,boosted_sba_hybrid__scale_0.85,2
84730M76T00000,developing,112.24902193701648,online_expert_router,temporal__lag2__scale_0.75,3
71761M55T105PK,developing,130.45165950122555,online_expert_router,temporal__lag2__scale_0.85,2
84740M76T00000,developing,153.35832217622288,online_expert_router,ensemble__recent_sba__scale_0.85,3
84730M55T00000,developing,172.93171835807735,online_expert_router,temporal__lag2__scale_0.65,3
3495561M00000,developing,765.1256346488987,online_expert_router,ensemble__internal_xgb_mean__scale_1.25,3
84702M80TA05PK,new,14.214699557108787,online_expert_router,temporal__positive_mean_12__scale_0.40,2
77510M73T005PK,new,32.367476683909516,online_expert_router,temporal__positive_mean_12__scale_0.40,2
77540M74T005PK,new,34.614735732115484,online_expert_router,temporal__positive_mean_12__scale_0.40,2
71712M74T005PK,new,35.00591079870098,online_expert_router,temporal__positive_mean_12__scale_0.40,2
71831M74T00000,new,42.04782336215243,online_expert_router,temporal__positive_mean_12__scale_0.40,2
43210M76T50QC8,new,43.55438606548584,online_expert_router,temporal__positive_mean_12__scale_0.40,2
71740M74T20KDJ,new,44.94451119861874,online_expert_router,temporal__positive_mean_12__scale_0.40,2
72390M76T00000,new,45.17206444146603,online_expert_router,temporal__positive_mean_12__scale_0.40,2
72320M80T00000,new,46.31150983558219,online_expert_router,temporal__positive_mean_12__scale_0.40,2
71831M76T00000,new,51.57505836365372,online_expert_router,temporal__positive_mean_12__scale_0.40,2
77220M74T005PK,new,52.876022172323445,online_expert_router,temporal__positive_mean_12__scale_0.40,2
75110M76T60R3F,new,54.521861053594264,online_expert_router,temporal__positive_mean_12__scale_0.40,2
83924M74T000CB,new,56.18948633505635,online_expert_router,temporal__positive_mean_12__scale_0.40,2
17700M50U00000,new,57.16942454532475,online_expert_router,temporal__positive_mean_12__scale_0.40,2
35601M74TA0000,new,59.707332272569,online_expert_router,temporal__positive_mean_12__scale_0.40,2
83924M76T100CB,new,61.104303267492114,online_expert_router,temporal__positive_mean_12__scale_0.40,2
71740M74T00C48,new,61.14519344497376,online_expert_router,temporal__positive_mean_12__scale_0.40,2
77210M76T015PK,new,67.08701491855797,online_expert_router,temporal__positive_mean_12__scale_0.40,2
75139M70F005PK,new,69.36556322523091,online_expert_router,temporal__positive_mean_12__scale_0.40,2
43250M53T0027N,new,69.76275254581103,online_expert_router,temporal__positive_mean_12__scale_0.40,2
35750M73T00000,new,71.43767004846777,online_expert_router,temporal__positive_mean_12__scale_0.40,2
77250M74T005PK,new,75.044200562572,online_expert_router,temporal__positive_mean_12__scale_0.40,2
35650M53T00000,new,75.36127083361227,online_expert_router,temporal__positive_mean_12__scale_0.40,2
71722M76T005PK,new,75.89966980290636,online_expert_router,temporal__positive_mean_12__scale_0.40,2
71751M76T005PK,new,79.8814976682873,online_expert_router,temporal__positive_mean_12__scale_0.40,2
71772M74T00000,new,81.56399917424105,online_expert_router,temporal__positive_mean_12__scale_0.40,2
84701M80TA05PK,new,82.7322118531687,online_expert_router,temporal__positive_mean_12__scale_0.40,2
84702M53T005PK,new,82.92729230516478,online_expert_router,temporal__positive_mean_12__scale_0.40,2
35602M73T00000,new,89.32018569780126,online_expert_router,temporal__positive_mean_12__scale_0.40,2
84730M74T00000,new,89.83364947913698,online_expert_router,temporal__positive_mean_12__scale_0.40,2
84702M80TJ0WB3,new,91.62802847156809,online_expert_router,temporal__positive_mean_12__scale_0.40,2
84510M76T21000,new,92.34926491081784,online_expert_router,temporal__positive_mean_12__scale_0.40,2
43210M74T50QC8,new,93.1066745038414,online_expert_router,temporal__positive_mean_12__scale_0.40,2
71711M73T015PK,new,94.55128255407897,online_expert_router,temporal__positive_mean_12__scale_0.40,2
72321M76T00000,new,100.61454336344119,online_expert_router,temporal__positive_mean_12__scale_0.40,2
83940M74T01ZHJ,new,108.08531710306961,online_expert_router,temporal__positive_mean_12__scale_0.40,2
7171163T20799,new,110.17858099006885,online_expert_router,temporal__positive_mean_12__scale_0.40,2
72432M74T00000,new,123.80311816201375,online_expert_router,temporal__positive_mean_12__scale_0.40,2
71732M76T01000,new,135.84639926841263,online_expert_router,temporal__positive_mean_12__scale_0.40,2
35121M73T10000,new,137.43840952661347,online_expert_router,temporal__positive_mean_12__scale_0.40,2
84740M74T00000,new,137.68906139540235,online_expert_router,temporal__positive_mean_12__scale_0.40,2
35750M53T01000,new,143.9722207908085,online_expert_router,temporal__positive_mean_12__scale_0.40,2
83770M55T005PK,new,148.09941496671033,online_expert_router,temporal__positive_mean_12__scale_0.40,2
8450171L02000,occasional,2.8196656724437386,online_expert_router,analogue__cold_empirical_bayes15__scale_0.25,7
83943M68P00000,occasional,4.387683098613004,online_expert_router,analogue__cold_subfamily_mean__scale_0.25,10
87211M76G00T01,occasional,4.997564925625368,online_expert_router,analogue__cold_subfamily_mean__scale_0.25,11
1787880G00000,occasional,5.005005401815821,online_expert_router,analogue__cold_subfamily_mean__scale_0.25,6
7783278R000PG,occasional,5.063925036786483,online_expert_router,analogue__cold_peer_knn15__scale_0.25,8
09409M07308R8J,occasional,5.080621358664805,online_expert_router,analogue__cold_subfamily_mean__scale_0.25,7
09148M06022000,occasional,5.196871872327255,online_expert_router,ensemble__recent_sba__scale_2.00,8
76237M70F005PK,occasional,5.247288025331469,online_expert_router,analogue__cold_subfamily_mean__scale_0.25,8
8381173R00000,occasional,5.76462192134739,online_expert_router,analogue__cold_subfamily_mean__scale_0.25,8
7181165DD1799,occasional,6.962187193950016,online_expert_router,analogue__cold_subfamily_mean__scale_0.25,5
35750M68P11000,occasional,8.089100280820208,online_expert_router,analogue__cold_subfamily_mean__scale_0.25,14
083313124A000,occasional,10.53372126731017,online_expert_router,analogue__cold_subfamily_mean__scale_0.25,11
71744M53M00000,occasional,10.561027089779628,online_expert_router,analogue__cold_subfamily_mean__scale_0.25,5
3532065D41000,occasional,10.584300838974677,online_expert_router,sba_croston__scale_0.85,7
84641M77G00000,occasional,11.153375027660621,online_expert_router,analogue__cold_subfamily_mean__scale_0.25,8
1161073K00000,occasional,12.6309803019383,online_expert_router,analogue__cold_subfamily_mean__scale_0.25,11
77831M80E50000,occasional,13.08850803833542,online_expert_router,analogue__cold_subfamily_mean__scale_0.25,7
6800280820000,occasional,13.383572194915574,online_expert_router,analogue__cold_subfamily_mean__scale_0.25,7
3565050J10000,occasional,14.42378726620779,online_expert_router,analogue__cold_subfamily_mean__scale_0.25,12
69100M66L01000,occasional,15.089045815120471,online_expert_router,analogue__cold_subfamily_mean__scale_0.25,7
82510M53M00000,occasional,15.092172704319335,online_expert_router,ensemble__sba_mean__scale_1.00,7
39322M56R00000,occasional,16.2590054680888,online_expert_router,ensemble__external_xgb_mean__scale_1.25,3
7177161M005PK,occasional,17.8153276964378,online_expert_router,analogue__cold_empirical_bayes15__scale_0.25,8
8183065J02000,occasional,18.855070817954132,online_expert_router,analogue__cold_subfamily_mean__scale_0.25,7
35750M68P20000,occasional,18.984314336960566,online_expert_router,analogue__cold_subfamily_mean__scale_0.25,9
71091M843005PK,occasional,20.52741359239861,online_expert_router,sba_croston__scale_0.65,6
3641275F00000,occasional,21.637997415131316,online_expert_router,analogue__cold_subfamily_mean__scale_0.25,13
8485165D006GS,occasional,23.154412207833172,online_expert_router,analogue__cold_subfamily_mean__scale_0.25,7
35604M84400000,occasional,23.58028595646222,online_expert_router,analogue__cold_subfamily_mean__scale_0.25,11
77250M79M100PG,occasional,25.05023250653692,online_expert_router,sba_croston__scale_1.15,10
48150M79M11C48,occasional,25.428946049848367,online_expert_router,analogue__cold_subfamily_mean__scale_0.25,11
8473077MB1000,occasional,26.715461511604364,online_expert_router,analogue__cold_subfamily_mean__scale_0.25,6
11620M67P00000,occasional,26.73553419874064,online_expert_router,analogue__cold_subfamily_mean__scale_0.25,7
4325261J0027S,occasional,27.73158304880775,online_expert_router,analogue__cold_subfamily_mean__scale_0.25,6
3512065J12000,occasional,28.461543520125637,online_expert_router,analogue__cold_subfamily_mean__scale_0.25,9
69330M74L00000,occasional,28.69569591419088,online_expert_router,ensemble__learned_median__scale_1.15,3
73820M55R60PSG,occasional,28.8995039197992,online_expert_router,sba_croston__scale_1.00,8
3613050A30000,occasional,28.973354446187827,online_expert_router,analogue__cold_peer_knn5__scale_0.25,6
81850M79G10000,occasional,29.569263694485986,online_expert_router,boosted_sba_hybrid__scale_1.25,3
7179154P00000,occasional,29.98474034895905,online_expert_router,sba_croston__scale_0.85,9
8228061810000,occasional,30.001698036483514,online_expert_router,analogue__cold_peer_knn15__scale_0.25,6
1172080JA0000,occasional,32.335616251701374,online_expert_router,sba_croston__scale_0.75,6
71742M79G000PG,occasional,33.39629072362582,online_expert_router,analogue__cold_subfamily_mean__scale_0.25,9
83940M74L00000,occasional,33.406700172796704,online_expert_router,analogue__cold_subfamily_mean__scale_0.25,4
8480254P446GS,occasional,33.903890825043085,online_expert_router,sba_croston__scale_1.00,7
11620M79F40000,occasional,34.22658736972915,online_expert_router,hurdle_xgb_threshold_010__external__scale_1.15,5
35750M68P00000,occasional,35.00366023271848,online_expert_router,sba_croston__scale_0.75,7
7175163J105PK,occasional,35.67341850768096,online_expert_router,sba_croston__scale_0.75,9
75463M79G00000,occasional,36.05708855258199,online_expert_router,xgb_tweedie_depth3_reg5__external__scale_1.00,3
11710M79F70000,occasional,36.44034405105937,online_expert_router,ensemble__seasonal_sba__scale_1.50,5
4321061J01ZBP,occasional,36.485444979238835,online_expert_router,sba_croston__scale_1.00,3
0928948004000,occasional,38.41825391147345,online_expert_router,analogue__cold_subfamily_mean__scale_0.25,8
2818084A20000,occasional,38.497316038160285,online_expert_router,sba_croston__scale_1.15,6
3910268L01000,occasional,39.710405977597176,online_expert_router,analogue__cold_subfamily_mean__scale_0.25,6
1776071L00000,occasional,39.869134717387425,online_expert_router,sba_croston__scale_0.85,9
0916435003000,occasional,40.35488681082658,online_expert_router,sba_croston__scale_1.00,7
3515379P00000,occasional,40.79426610808141,online_expert_router,sba_croston__scale_0.85,11
3F11579S10ZWG,occasional,41.7374165630611,online_expert_router,analogue__cold_empirical_bayes5__scale_0.25,4
38315M68K00000,occasional,41.79096713010989,online_expert_router,analogue__cold_empirical_bayes15__scale_0.25,5
38452M68K00000,occasional,41.8819477860256,online_expert_router,analogue__cold_peer_knn15__scale_0.25,8
61513M56R01000,occasional,42.97336031154837,online_expert_router,analogue__cold_subfamily_mean__scale_0.25,8
69410M74L00000,occasional,43.89195677724394,online_expert_router,analogue__cold_peer_knn15__scale_0.25,5
1161061M01000,occasional,44.56463525704812,online_expert_router,analogue__cold_subfamily_mean__scale_0.25,10
43250M74L1027N,occasional,44.93544679094407,online_expert_router,analogue__cold_subfamily_mean__scale_0.25,8
3882165J00000,occasional,45.02539549791187,online_expert_router,sba_croston__scale_0.75,4
4325251K20DB7,occasional,45.86075299458427,online_expert_router,analogue__cold_empirical_bayes15__scale_0.25,8
7178254P00000,occasional,47.03155713381402,online_expert_router,analogue__cold_peer_knn5__scale_0.25,7
71811M68P30799,occasional,47.209135505005364,online_expert_router,analogue__cold_peer_knn5__scale_0.25,8
11620M76M00000,occasional,47.36831532448564,online_expert_router,sba_croston__scale_0.85,6
8285081A225PK,occasional,47.76816053497808,online_expert_router,analogue__cold_subfamily_mean__scale_0.25,11
0931912047000,occasional,47.77429133591713,online_expert_router,sba_croston__scale_1.15,9
4325283S00CZ2,occasional,49.77515141992622,online_expert_router,ensemble__sba_mean__scale_1.15,6
0932010024000,occasional,50.27855011416652,online_expert_router,ensemble__sba_mean__scale_1.50,6
11620M65L10000,occasional,50.45221644817828,online_expert_router,boosted_sba_hybrid__scale_1.15,3
7181172L10799,occasional,50.78844429259006,online_expert_router,analogue__cold_peer_knn5__scale_0.25,4
7822565J105PK,occasional,51.41574641891875,online_expert_router,sba_croston__scale_0.75,8
3834062R30000,occasional,52.114275482786304,online_expert_router,analogue__cold_empirical_bayes5__scale_0.25,5
58230M79G01000,occasional,53.785083836128045,online_expert_router,temporal__positive_mean_12__scale_0.25,6
021620616A000,occasional,53.97436092645622,online_expert_router,analogue__cold_subfamily_mean__scale_0.25,8
8276161A00000,occasional,55.47385208951678,online_expert_router,analogue__cold_subfamily_mean__scale_0.25,11
83101M53M10GCY,occasional,55.735403012972405,online_expert_router,analogue__cold_empirical_bayes15__scale_0.25,8
71821M60M00000,occasional,57.910029935177754,online_expert_router,sba_croston__scale_0.65,3
7171177KD0799,occasional,58.30374406416883,online_expert_router,analogue__cold_subfamily_mean__scale_0.25,7
1793276G00000,occasional,58.9829526832102,online_expert_router,temporal__positive_mean_12__scale_0.40,3
1161060R00000,occasional,59.12207240911919,online_expert_router,temporal__positive_mean_12__scale_0.40,4
84701M53M005PK,occasional,59.14989766668678,online_expert_router,ensemble__recent_sba__scale_2.00,7
77171M68L00000,occasional,61.630027222485424,online_expert_router,analogue__cold_empirical_bayes5__scale_0.25,6
7171177K70799,occasional,61.69222386054853,online_expert_router,analogue__cold_subfamily_mean__scale_0.25,6
7287078A33000,occasional,62.19036767835653,online_expert_router,xgb_tweedie_depth2_reg10__scale_0.65,6
43110M75J80000-OP,occasional,62.35415939086462,online_expert_router,analogue__cold_subfamily_mean__scale_0.25,11
87205M79G51000,occasional,65.94575600564484,online_expert_router,sba_croston__scale_1.00,7
3611050A30000,occasional,67.12918842645614,online_expert_router,analogue__cold_subfamily_mean__scale_0.25,7
11610M79G50000,occasional,67.41861078464707,online_expert_router,analogue__cold_subfamily_mean__scale_0.25,4
1161054G30000,occasional,69.29672002082525,online_expert_router,analogue__cold_subfamily_mean__scale_0.25,4
3845065J10000,occasional,69.85854691547853,online_expert_router,analogue__cold_empirical_bayes5__scale_0.25,7
28113M62S015PK,occasional,70.27613738296773,online_expert_router,analogue__cold_peer_knn15__scale_0.25,5
82200M84880000,occasional,70.4165105798599,online_expert_router,analogue__cold_subfamily_mean__scale_0.25,3
72111M8440009E,occasional,74.49868182795971,online_expert_router,analogue__cold_subfamily_mean__scale_0.25,5
7382276J00ZCP,occasional,74.7241866785461,online_expert_router,analogue__cold_subfamily_mean__scale_0.25,4
11710M68K10000,occasional,84.89874519117619,online_expert_router,analogue__cold_subfamily_mean__scale_0.25,4
3532080G21000,occasional,85.60805031739521,online_expert_router,analogue__cold_subfamily_mean__scale_0.25,6
0940915304000,occasional,86.25499762798451,online_expert_router,analogue__cold_subfamily_mean__scale_0.25,4
72312M79M00000,occasional,86.56603531451601,online_expert_router,analogue__cold_peer_knn15__scale_0.25,8
4982162A51000,occasional,86.69860637583542,online_expert_router,analogue__cold_empirical_bayes15__scale_0.25,8
81860M79G10000,occasional,89.46317685394654,online_expert_router,analogue__cold_peer_knn5__scale_0.25,8
0914806007000,occasional,90.77250801926841,online_expert_router,analogue__cold_subfamily_mean__scale_0.25,9
7783179J000PG,occasional,92.27901303884727,online_expert_router,analogue__cold_subfamily_mean__scale_0.25,5
09409063145PK,occasional,96.4183021834812,online_expert_router,analogue__cold_subfamily_mean__scale_0.25,6
0911912007000,occasional,108.03935725108788,online_expert_router,analogue__cold_empirical_bayes5__scale_0.25,6
7382273R505PK,occasional,109.28531699437794,online_expert_router,analogue__cold_peer_knn5__scale_0.25,5
71740M50S00C48,occasional,117.7714602589912,online_expert_router,analogue__cold_subfamily_mean__scale_0.25,9
8228076872000,occasional,121.67813666307676,online_expert_router,sba_croston__scale_1.00,6
83755M74L005PK,occasional,128.1842236012464,online_expert_router,sba_croston__scale_0.85,8
4325065DA1C48,occasional,158.6521712108821,online_expert_router,analogue__cold_subfamily_mean__scale_0.25,7
8721174G10P4Z,occasional,332.5566333228571,online_expert_router,xgb_tweedie_depth2_reg10__scale_0.75,6
4321078K6027N,rare,6.361318441589408,online_expert_router,analogue__cold_subfamily_mean__scale_0.25,9
0915912L02000,rare,6.81712690128938,online_expert_router,analogue__cold_subfamily_mean__scale_0.25,9
01550M0612A,rare,6.8267995203370235,online_expert_router,analogue__cold_subfamily_mean__scale_0.25,9
0911912006XC0,rare,7.407409529434628,online_expert_router,analogue__cold_subfamily_mean__scale_0.25,9
0944829004000,rare,7.576485680995352,online_expert_router,analogue__cold_subfamily_mean__scale_0.25,9
7252261M00000,rare,10.350153595209122,online_expert_router,analogue__cold_subfamily_mean__scale_0.25,9
84701M67P30000,rare,10.817349384726,online_expert_router,analogue__cold_subfamily_mean__scale_0.25,9
8285081A125PK,rare,12.868359522137622,online_expert_router,analogue__cold_subfamily_mean__scale_0.25,9
81850M67P00000,rare,13.292747387080388,online_expert_router,analogue__cold_subfamily_mean__scale_0.25,9
81860M67P00000,rare,13.491482506128008,online_expert_router,analogue__cold_subfamily_mean__scale_0.25,9
64111M56R01P21,rare,15.016531254764542,online_expert_router,analogue__cold_subfamily_mean__scale_0.25,9
7183263J00000,rare,18.643445782350213,online_expert_router,analogue__cold_subfamily_mean__scale_0.25,9
4345965J00000,rare,22.142567496902537,online_expert_router,analogue__cold_subfamily_mean__scale_0.25,9
4311052R71000,rare,22.150506654063513,online_expert_router,analogue__cold_subfamily_mean__scale_0.25,9
8470277A005PK,rare,22.230413234431147,online_expert_router,analogue__cold_subfamily_mean__scale_0.25,9
82150M820005ES,rare,25.772969358473674,online_expert_router,analogue__cold_subfamily_mean__scale_0.25,9
2824178K00000,rare,31.577459893076618,online_expert_router,analogue__cold_subfamily_mean__scale_0.25,9
8458080J01000,rare,31.783465668559074,online_expert_router,analogue__cold_subfamily_mean__scale_0.25,9
4311078K00000,rare,34.54890271941373,online_expert_router,analogue__cold_subfamily_mean__scale_0.25,9
68002M79G01000,rare,34.6542829077501,online_expert_router,analogue__cold_subfamily_mean__scale_0.25,9
0930508011000,rare,35.12727363388175,online_expert_router,analogue__cold_subfamily_mean__scale_0.25,9
09136M05078000,rare,37.2221685677489,online_expert_router,analogue__cold_subfamily_mean__scale_0.25,9
36430M76M00000,rare,39.66499913150191,online_expert_router,analogue__cold_subfamily_mean__scale_0.25,9
69430M74L00000,rare,45.42518562502156,online_expert_router,analogue__cold_subfamily_mean__scale_0.25,9
7171284A10W07,rare,47.307239739039304,online_expert_router,analogue__cold_subfamily_mean__scale_0.25,9
48150M68P00C48,rare,47.89827614822733,online_expert_router,analogue__cold_subfamily_mean__scale_0.25,9
7756178R005PK,rare,49.758910950469065,online_expert_router,analogue__cold_subfamily_mean__scale_0.25,9
7283181A01000,rare,50.8030131112401,online_expert_router,analogue__cold_subfamily_mean__scale_0.25,9
0940908322000,rare,55.147312958014346,online_expert_router,analogue__cold_subfamily_mean__scale_0.25,9
88912M76M00000,rare,55.93300436381682,online_expert_router,analogue__cold_subfamily_mean__scale_0.25,9
09409063095ES,rare,56.113049986418254,online_expert_router,analogue__cold_subfamily_mean__scale_0.25,9
4321079K510BK,rare,57.195855673595,online_expert_router,analogue__cold_subfamily_mean__scale_0.25,9
72361M79M00000,rare,61.5337512409263,online_expert_router,analogue__cold_subfamily_mean__scale_0.25,9
7171181A405PK,rare,62.013652022483086,online_expert_router,analogue__cold_subfamily_mean__scale_0.25,9
09409073255PK,rare,63.391823037626224,online_expert_router,analogue__cold_subfamily_mean__scale_0.25,9
71743M53M100CB,rare,69.8583945282735,online_expert_router,analogue__cold_subfamily_mean__scale_0.25,9
0940910318000,rare,71.50036493288313,online_expert_router,analogue__cold_subfamily_mean__scale_0.25,9
71074M79M00C48,rare,72.69172655240286,online_expert_router,analogue__cold_subfamily_mean__scale_0.25,9
6910077R14000,rare,75.72801021130367,online_expert_router,analogue__cold_subfamily_mean__scale_0.25,9
8470281A215PK,rare,76.36782170711665,online_expert_router,analogue__cold_subfamily_mean__scale_0.25,9
09409M06L05000,rare,78.89912843324062,online_expert_router,analogue__cold_subfamily_mean__scale_0.25,9
71742M53M100CB,rare,79.15551832152738,online_expert_router,analogue__cold_subfamily_mean__scale_0.25,9
2961081A00000,rare,88.32464174677928,online_expert_router,analogue__cold_subfamily_mean__scale_0.25,9
6942063J00000,rare,97.02423695708205,online_expert_router,analogue__cold_subfamily_mean__scale_0.25,9
71711M53M005PK,recurring,3.0453662832835575,online_expert_router,analogue__cold_subfamily_mean__scale_0.25,10
5823054P00000,recurring,8.424189358868558,online_expert_router,analogue__cold_subfamily_mean__scale_0.25,10
43250M68K1027N,recurring,8.500217043432306,online_expert_router,analogue__cold_subfamily_mean__scale_0.25,10
43210M76M5127N,recurring,10.211466100406415,online_expert_router,analogue__cold_subfamily_mean__scale_0.25,10
71734M58R00000,recurring,10.54632732594921,online_expert_router,analogue__cold_subfamily_mean__scale_0.25,10
82504M84500000,recurring,12.164218334661092,online_expert_router,analogue__cold_subfamily_mean__scale_0.25,10
7724054P105PK,recurring,13.094113269308695,online_expert_router,analogue__cold_subfamily_mean__scale_0.25,10
77181M76M005PK,recurring,13.499584322379276,online_expert_router,analogue__cold_subfamily_mean__scale_0.25,10
7181180J20799,recurring,14.467426184645095,online_expert_router,analogue__cold_subfamily_mean__scale_0.25,10
8450373R00000,recurring,15.446903228217705,online_expert_router,analogue__cold_subfamily_mean__scale_0.25,10
76295M53M10P4Z,recurring,15.620826595635085,online_expert_router,analogue__cold_subfamily_mean__scale_0.25,10
71761M76MB0ZNZ,recurring,16.16719298295903,online_expert_router,analogue__cold_subfamily_mean__scale_0.25,10
3641063J02000,recurring,17.735082991349717,online_expert_router,analogue__cold_subfamily_mean__scale_0.25,10
65500M75L00000,recurring,17.784180972857826,online_expert_router,analogue__cold_subfamily_mean__scale_0.25,10
17700M60M00000,recurring,18.876655483085663,online_expert_router,analogue__cold_subfamily_mean__scale_0.25,10
43210M83P0027N,recurring,19.017718549532503,online_expert_router,analogue__cold_subfamily_mean__scale_0.25,10
7784161M00A93,recurring,20.80631421744282,online_expert_router,analogue__cold_subfamily_mean__scale_0.25,10
3512080G21000,recurring,21.1652426039485,online_expert_router,analogue__cold_subfamily_mean__scale_0.25,10
84541M56R00000,recurring,21.167656490416213,online_expert_router,analogue__cold_subfamily_mean__scale_0.25,10
8470161LVBZJ3,recurring,21.239673649449774,online_expert_router,analogue__cold_subfamily_mean__scale_0.25,10
7211062R00ES5,recurring,21.272158580064264,online_expert_router,analogue__cold_subfamily_mean__scale_0.25,10
7174265J010PG,recurring,21.273338275272383,online_expert_router,analogue__cold_subfamily_mean__scale_0.25,10
35603M79G30000,recurring,22.040120593822053,online_expert_router,analogue__cold_subfamily_mean__scale_0.25,10
83831M79G00000,recurring,22.321762801034293,online_expert_router,analogue__cold_subfamily_mean__scale_0.25,10
71741M79G10000,recurring,22.438133850401115,online_expert_router,analogue__cold_subfamily_mean__scale_0.25,10
7211157M005PK,recurring,22.55163428066808,online_expert_router,analogue__cold_subfamily_mean__scale_0.25,10
77146M50S000CB,recurring,22.859159711755552,online_expert_router,analogue__cold_subfamily_mean__scale_0.25,10
8454154P01000,recurring,23.04411920425268,online_expert_router,analogue__cold_subfamily_mean__scale_0.25,10
7181177MJ0799,recurring,23.513589276204296,online_expert_router,analogue__cold_subfamily_mean__scale_0.25,10
11610M79F30000,recurring,23.540347339020013,online_expert_router,analogue__cold_subfamily_mean__scale_0.25,10
8181065J02000,recurring,23.8722981716477,online_expert_router,analogue__cold_subfamily_mean__scale_0.25,10
39321M56R00000,recurring,24.387452415352413,online_expert_router,analogue__cold_subfamily_mean__scale_0.25,10
3773773R00Z2S,recurring,25.191461316514708,online_expert_router,analogue__cold_subfamily_mean__scale_0.25,10
83811M74L01000,recurring,25.280468337708673,online_expert_router,analogue__cold_subfamily_mean__scale_0.25,10
1770081P00000,recurring,25.646221135157585,online_expert_router,analogue__cold_subfamily_mean__scale_0.25,10
9531071L01000,recurring,25.69192095637899,online_expert_router,analogue__cold_subfamily_mean__scale_0.25,10
7666179P005PK,recurring,25.848280495807078,online_expert_router,analogue__cold_subfamily_mean__scale_0.25,10
17700M79F02000,recurring,26.079816523361302,online_expert_router,analogue__cold_subfamily_mean__scale_0.25,10
35650M60M00000,recurring,26.15870858066533,online_expert_router,analogue__cold_subfamily_mean__scale_0.25,10
83841M79G01000,recurring,26.29096108696812,online_expert_router,analogue__cold_subfamily_mean__scale_0.25,10
72330M74L005PK,recurring,26.332919902067562,online_expert_router,analogue__cold_subfamily_mean__scale_0.25,10
72460M60M00000,recurring,26.41580535002542,online_expert_router,analogue__cold_subfamily_mean__scale_0.25,10
8392471L200CE,recurring,26.761320818563327,online_expert_router,analogue__cold_subfamily_mean__scale_0.25,10
71711M53M00799,recurring,26.92737384550047,online_expert_router,analogue__cold_subfamily_mean__scale_0.25,10
73310M68P61GJL,recurring,26.991774730669416,online_expert_router,analogue__cold_subfamily_mean__scale_0.25,10
35671M79G40000,recurring,27.335985022734096,online_expert_router,analogue__cold_subfamily_mean__scale_0.25,10
7821565J105PK,recurring,27.394768080902384,online_expert_router,analogue__cold_subfamily_mean__scale_0.25,10
8381180J00000,recurring,27.848011290598418,online_expert_router,analogue__cold_subfamily_mean__scale_0.25,10
1711279P01000,recurring,28.049300189215842,online_expert_router,analogue__cold_subfamily_mean__scale_0.25,10
3570273R10000,recurring,28.299367505912343,online_expert_router,analogue__cold_subfamily_mean__scale_0.25,10
73310M68P61C8J,recurring,28.46434716544305,online_expert_router,analogue__cold_subfamily_mean__scale_0.25,10
84511M68K00000,recurring,28.86672103487166,online_expert_router,analogue__cold_subfamily_mean__scale_0.25,10
39322M67P00000,recurring,28.90000734015169,online_expert_router,analogue__cold_subfamily_mean__scale_0.25,10
6800164J01000,recurring,28.991847482842104,online_expert_router,analogue__cold_subfamily_mean__scale_0.25,10
57300M68K10000,recurring,29.082689454873666,online_expert_router,analogue__cold_subfamily_mean__scale_0.25,10
7594165J00000,recurring,29.162912672474064,online_expert_router,analogue__cold_subfamily_mean__scale_0.25,10
39321M67P00000,recurring,29.47673638916973,online_expert_router,analogue__cold_subfamily_mean__scale_0.25,10
8298265D00P4Z,recurring,29.602466543483104,online_expert_router,analogue__cold_subfamily_mean__scale_0.25,10
7176171L105PK,recurring,29.640386089695983,online_expert_router,analogue__cold_subfamily_mean__scale_0.25,10
3925061J00000,recurring,29.70240584473266,online_expert_router,analogue__cold_subfamily_mean__scale_0.25,10
74120M79G00000,recurring,29.82922760263625,online_expert_router,analogue__cold_subfamily_mean__scale_0.25,10
77831M80EC00PG,recurring,30.148662496765837,online_expert_router,analogue__cold_subfamily_mean__scale_0.25,10
7343061J00R8H,recurring,30.18876999404203,online_expert_router,analogue__cold_subfamily_mean__scale_0.25,10
71751M67P005PK,recurring,30.26809052610921,online_expert_router,analogue__cold_subfamily_mean__scale_0.25,10
84511M53M00000,recurring,30.371360090874333,online_expert_router,analogue__cold_subfamily_mean__scale_0.25,10
83922M68P000CB,recurring,30.391135455384426,online_expert_router,analogue__cold_subfamily_mean__scale_0.25,10
09471M12182000,recurring,30.642082490687923,online_expert_router,analogue__cold_subfamily_mean__scale_0.25,10
1770079P21000,recurring,30.739994043904026,online_expert_router,analogue__cold_subfamily_mean__scale_0.25,10
0940307333000,recurring,30.786893931208525,online_expert_router,analogue__cold_subfamily_mean__scale_0.25,10
84702M67P30000,recurring,30.947200835269285,online_expert_router,analogue__cold_subfamily_mean__scale_0.25,10
83661M68P01000,recurring,30.964263734041506,online_expert_router,analogue__cold_subfamily_mean__scale_0.25,10
84730M74L20000,recurring,30.981564429041917,online_expert_router,analogue__cold_subfamily_mean__scale_0.25,10
73841M68P60C8J,recurring,31.037811516357255,online_expert_router,analogue__cold_subfamily_mean__scale_0.25,10
5827080J20000,recurring,31.08418252345827,online_expert_router,analogue__cold_subfamily_mean__scale_0.25,10
68001M53M50000,recurring,31.088228028938932,online_expert_router,analogue__cold_subfamily_mean__scale_0.25,10
6932068LA0000,recurring,31.426448892556383,online_expert_router,analogue__cold_subfamily_mean__scale_0.25,10
09409M07L025PK,recurring,31.842204479843332,online_expert_router,analogue__cold_subfamily_mean__scale_0.25,10
7171171L00799,recurring,32.59975555762402,online_expert_router,analogue__cold_subfamily_mean__scale_0.25,10
35651M79G40000,recurring,32.62857263656866,online_expert_router,analogue__cold_subfamily_mean__scale_0.25,10
72321M79G00000,recurring,32.97231134561031,online_expert_router,analogue__cold_subfamily_mean__scale_0.25,10
84611M76M00000,recurring,33.30804574368165,online_expert_router,analogue__cold_subfamily_mean__scale_0.25,10
35321M66L10000,recurring,33.46944617932325,online_expert_router,analogue__cold_subfamily_mean__scale_0.25,10
1793161M10000,recurring,33.67839414814737,online_expert_router,analogue__cold_subfamily_mean__scale_0.25,10
76661M75L005PK,recurring,33.690481724837746,online_expert_router,analogue__cold_subfamily_mean__scale_0.25,10
1793165D00000,recurring,33.9304885734689,online_expert_router,analogue__cold_subfamily_mean__scale_0.25,10
7239071L00000,recurring,34.09133312084769,online_expert_router,analogue__cold_subfamily_mean__scale_0.25,10
84701M68K1026U,recurring,34.15819912847133,online_expert_router,analogue__cold_subfamily_mean__scale_0.25,10
71761M68K005PK,recurring,34.16123313506755,online_expert_router,analogue__cold_subfamily_mean__scale_0.25,10
82814M75J00000,recurring,34.16545371016389,online_expert_router,analogue__cold_subfamily_mean__scale_0.25,10
82510M60M51000,recurring,34.16967498889518,online_expert_router,analogue__cold_subfamily_mean__scale_0.25,10
71711M76M00799,recurring,34.19294796084873,online_expert_router,analogue__cold_subfamily_mean__scale_0.25,10
36230M70CA1000,recurring,34.28293478941458,online_expert_router,analogue__cold_subfamily_mean__scale_0.25,10
84730M56R00000,recurring,34.368326478732484,online_expert_router,analogue__cold_subfamily_mean__scale_0.25,10
8366152R01000,recurring,34.3773848317842,online_expert_router,analogue__cold_subfamily_mean__scale_0.25,10
7246073R00000,recurring,34.38286435685491,online_expert_router,analogue__cold_subfamily_mean__scale_0.25,10
68003M74L31000,recurring,34.395643810084074,online_expert_router,analogue__cold_subfamily_mean__scale_0.25,10
7171154L30799,recurring,34.44032963131461,online_expert_router,analogue__cold_subfamily_mean__scale_0.25,10
37736M58R00000,recurring,34.467227227094675,online_expert_router,analogue__cold_subfamily_mean__scale_0.25,10
7672157L005PK,recurring,34.503972458198646,online_expert_router,analogue__cold_subfamily_mean__scale_0.25,10
8392165J010CB,recurring,34.57886568731796,online_expert_router,analogue__cold_subfamily_mean__scale_0.25,10
5812165J00000,recurring,34.61536050152724,online_expert_router,analogue__cold_subfamily_mean__scale_0.25,10
75463M75J00000,recurring,35.13155979934767,online_expert_router,analogue__cold_subfamily_mean__scale_0.25,10
8451061M02000,recurring,35.22176535484469,online_expert_router,analogue__cold_subfamily_mean__scale_0.25,10
73841M68P60GJL,recurring,35.256282995763826,online_expert_router,analogue__cold_subfamily_mean__scale_0.25,10
7813257L01000,recurring,35.50852166280208,online_expert_router,analogue__cold_subfamily_mean__scale_0.25,10
4321052R5027N,recurring,35.60787708645325,online_expert_router,analogue__cold_subfamily_mean__scale_0.25,10
73910M68P01000,recurring,35.818298025478235,online_expert_router,analogue__cold_subfamily_mean__scale_0.25,10
58240M53M00000,recurring,36.257456232493354,online_expert_router,analogue__cold_subfamily_mean__scale_0.25,10
58251M53M00000,recurring,36.414009367477156,online_expert_router,analogue__cold_subfamily_mean__scale_0.25,10
95310M68K00000,recurring,36.71980919117987,online_expert_router,analogue__cold_subfamily_mean__scale_0.25,10
17931M71P00000,recurring,36.88295051369909,online_expert_router,analogue__cold_subfamily_mean__scale_0.25,10
8381165J00000,recurring,36.91432214977923,online_expert_router,analogue__cold_subfamily_mean__scale_0.25,10
71812M66L00000,recurring,36.9360260487147,online_expert_router,analogue__cold_subfamily_mean__scale_0.25,10
5741079P00000,recurring,37.13894510233088,online_expert_router,analogue__cold_subfamily_mean__scale_0.25,10
35651M79M00000,recurring,37.294328294660495,online_expert_router,analogue__cold_subfamily_mean__scale_0.25,10
83811M79G11000,recurring,37.33889518208455,online_expert_router,analogue__cold_subfamily_mean__scale_0.25,10
7185261J01000,recurring,37.391924339756635,online_expert_router,analogue__cold_subfamily_mean__scale_0.25,10
84702M67P4026U,recurring,37.51959198892423,online_expert_router,analogue__cold_subfamily_mean__scale_0.25,10
3641054G01000,recurring,37.67068185096545,online_expert_router,analogue__cold_subfamily_mean__scale_0.25,10
71712M60MA05PK,recurring,37.760199531115106,online_expert_router,analogue__cold_subfamily_mean__scale_0.25,10
8384165J00000,recurring,37.7644002486761,online_expert_router,analogue__cold_subfamily_mean__scale_0.25,10
3512052R21000,recurring,37.97132070281845,online_expert_router,analogue__cold_subfamily_mean__scale_0.25,10
84503M62S00000,recurring,38.12925459900071,online_expert_router,analogue__cold_subfamily_mean__scale_0.25,10
84702M74L215PK,recurring,38.166913216795685,online_expert_router,analogue__cold_subfamily_mean__scale_0.25,10
0938019004000,recurring,38.170563233322824,online_expert_router,analogue__cold_subfamily_mean__scale_0.25,10
71761M75L005PK,recurring,38.20032149944287,online_expert_router,analogue__cold_subfamily_mean__scale_0.25,10
4325079P00ZH1,recurring,38.20272551822531,online_expert_router,analogue__cold_subfamily_mean__scale_0.25,10
84702M68K1026U,recurring,38.25342220320265,online_expert_router,analogue__cold_subfamily_mean__scale_0.25,10
5811077K00000,recurring,38.33465452458258,online_expert_router,analogue__cold_subfamily_mean__scale_0.25,10
6570079P11000,recurring,38.38119992412119,online_expert_router,analogue__cold_subfamily_mean__scale_0.25,10
82960M60G00P4Z,recurring,38.86289820607913,online_expert_router,analogue__cold_subfamily_mean__scale_0.25,10
7174173K005PK,recurring,39.14628143154693,online_expert_router,analogue__cold_subfamily_mean__scale_0.25,10
7752061M005PK,recurring,39.175478213124435,online_expert_router,analogue__cold_subfamily_mean__scale_0.25,10
3532052R20000,recurring,39.19874294818355,online_expert_router,analogue__cold_subfamily_mean__scale_0.25,10
84570M62S10000,recurring,39.302742141199204,online_expert_router,analogue__cold_subfamily_mean__scale_0.25,10
7187161M005PK,recurring,39.31023104059763,online_expert_router,analogue__cold_subfamily_mean__scale_0.25,10
17760M67P00000,recurring,39.32036826116016,online_expert_router,analogue__cold_subfamily_mean__scale_0.25,10
71711M79G105PK,recurring,39.41690663611299,online_expert_router,analogue__cold_subfamily_mean__scale_0.25,10
83402M79G50000,recurring,39.47962343921462,online_expert_router,analogue__cold_subfamily_mean__scale_0.25,10
7173368L00000,recurring,39.791855416039084,online_expert_router,analogue__cold_subfamily_mean__scale_0.25,10
72333M76M005PK,recurring,39.86991224101811,online_expert_router,analogue__cold_subfamily_mean__scale_0.25,10
5742071L01000,recurring,39.967168859039035,online_expert_router,analogue__cold_subfamily_mean__scale_0.25,10
85355M68PA1000,recurring,40.06834338856767,online_expert_router,analogue__cold_subfamily_mean__scale_0.25,10
0928022020000,recurring,40.211805851483476,online_expert_router,analogue__cold_subfamily_mean__scale_0.25,10
8211065J01000,recurring,40.37174709122571,online_expert_router,analogue__cold_subfamily_mean__scale_0.25,10
71751M50S005PK,recurring,40.43638962750223,online_expert_router,analogue__cold_subfamily_mean__scale_0.25,10
6800261M01000,recurring,40.729852490512044,online_expert_router,analogue__cold_subfamily_mean__scale_0.25,10
84570M67P10000,recurring,40.96909483708293,online_expert_router,analogue__cold_subfamily_mean__scale_0.25,10
81850M79G20000,recurring,40.986274954787135,online_expert_router,analogue__cold_subfamily_mean__scale_0.25,10
83811M68P00000,recurring,41.09413446238951,online_expert_router,analogue__cold_subfamily_mean__scale_0.25,10
43250M68K2027N,recurring,41.34014197176871,online_expert_router,analogue__cold_subfamily_mean__scale_0.25,10
73412M53M10U3J,recurring,41.42750971796021,online_expert_router,analogue__cold_subfamily_mean__scale_0.25,10
84701M56R50ZHJ,recurring,41.62468665207718,online_expert_router,analogue__cold_subfamily_mean__scale_0.25,10
75430M76M00000,recurring,41.67921971417548,online_expert_router,analogue__cold_subfamily_mean__scale_0.25,10
7171161J00799,recurring,41.69412973548769,online_expert_router,analogue__cold_subfamily_mean__scale_0.25,10
7758064J10Z2S,recurring,41.86128224521745,online_expert_router,analogue__cold_subfamily_mean__scale_0.25,10
11710M79F80000,recurring,41.87661249078865,online_expert_router,analogue__cold_subfamily_mean__scale_0.25,10
38480M68P01000,recurring,41.94787633870401,online_expert_router,analogue__cold_subfamily_mean__scale_0.25,10
71751M68K005PK,recurring,42.05197248505408,online_expert_router,analogue__cold_subfamily_mean__scale_0.25,10
73410M74L105PK,recurring,42.33903070227426,online_expert_router,analogue__cold_subfamily_mean__scale_0.25,10
57711M66L00000,recurring,42.390212867676155,online_expert_router,analogue__cold_subfamily_mean__scale_0.25,10
1770054P30000,recurring,42.708560826472926,online_expert_router,analogue__cold_subfamily_mean__scale_0.25,10
8458065J02000,recurring,42.79803926557723,online_expert_router,analogue__cold_subfamily_mean__scale_0.25,10
81850M74L00000,recurring,42.908335950714914,online_expert_router,analogue__cold_subfamily_mean__scale_0.25,10
83821M79G11000,recurring,43.00245391271059,online_expert_router,analogue__cold_subfamily_mean__scale_0.25,10
6800271L00000,recurring,43.023488833358776,online_expert_router,analogue__cold_subfamily_mean__scale_0.25,10
84504M68P00000,recurring,43.15356445069617,online_expert_router,analogue__cold_subfamily_mean__scale_0.25,10
82302M68P15000,recurring,43.31490771036285,online_expert_router,analogue__cold_subfamily_mean__scale_0.25,10
58110M74L00000,recurring,43.92435930522213,online_expert_router,analogue__cold_subfamily_mean__scale_0.25,10
73111M62S515PK,recurring,43.96506323197372,online_expert_router,analogue__cold_subfamily_mean__scale_0.25,10
8382165J00000,recurring,44.14841934372392,online_expert_router,analogue__cold_subfamily_mean__scale_0.25,10
7176173K105PK,recurring,44.41338426087572,online_expert_router,analogue__cold_subfamily_mean__scale_0.25,10
57410M67P00000,recurring,44.42046993543131,online_expert_router,analogue__cold_subfamily_mean__scale_0.25,10
3627479P01000,recurring,44.625507962615565,online_expert_router,analogue__cold_subfamily_mean__scale_0.25,10
39322M67P10000,recurring,44.80329059334428,online_expert_router,analogue__cold_subfamily_mean__scale_0.25,10
8281257LA0ZNL,recurring,45.086640349722316,online_expert_router,analogue__cold_subfamily_mean__scale_0.25,10
8383165J00000,recurring,45.30806444741066,online_expert_router,analogue__cold_subfamily_mean__scale_0.25,10
68001M74L21000,recurring,45.31880464741946,online_expert_router,analogue__cold_subfamily_mean__scale_0.25,10
35671M79G30000,recurring,45.327360285248474,online_expert_router,analogue__cold_subfamily_mean__scale_0.25,10
43402M74L21000,recurring,45.469707292514954,online_expert_router,analogue__cold_subfamily_mean__scale_0.25,10
3550065P02000,recurring,45.68554239295685,online_expert_router,analogue__cold_subfamily_mean__scale_0.25,10
71741M66L005PK,recurring,45.78921806111512,online_expert_router,analogue__cold_subfamily_mean__scale_0.25,10
1793163J01000,recurring,45.82533159282311,online_expert_router,analogue__cold_subfamily_mean__scale_0.25,10
3882151K02000,recurring,45.95438594737706,online_expert_router,analogue__cold_subfamily_mean__scale_0.25,10
68002M53M00000,recurring,46.157679523728625,online_expert_router,analogue__cold_subfamily_mean__scale_0.25,10
7211281A005PK,recurring,46.294187044396885,online_expert_router,analogue__cold_subfamily_mean__scale_0.25,10
4321064J01ZBP,recurring,46.337484595063586,online_expert_router,analogue__cold_subfamily_mean__scale_0.25,10
8394068L50000,recurring,46.43768904274924,online_expert_router,analogue__cold_subfamily_mean__scale_0.25,10
2811380J015PK,recurring,46.58776142010645,online_expert_router,analogue__cold_subfamily_mean__scale_0.25,10
83665M68P01000,recurring,46.768994191212286,online_expert_router,analogue__cold_subfamily_mean__scale_0.25,10
11610M76M00000,recurring,46.883750609417724,online_expert_router,analogue__cold_subfamily_mean__scale_0.25,10
8381152R02000,recurring,46.982409127995076,online_expert_router,analogue__cold_subfamily_mean__scale_0.25,10
17700M67L00000,recurring,47.068464956481755,online_expert_router,analogue__cold_subfamily_mean__scale_0.25,10
35121M66L10000,recurring,47.29787188770433,online_expert_router,analogue__cold_subfamily_mean__scale_0.25,10
74120M74LA0000,recurring,47.3402404746648,online_expert_router,analogue__cold_subfamily_mean__scale_0.25,10
89969M63J00000,recurring,47.427130132596055,online_expert_router,analogue__cold_subfamily_mean__scale_0.25,10
38452M65L00000,recurring,47.479378417006515,online_expert_router,analogue__cold_subfamily_mean__scale_0.25,10
43250M79M0027N,recurring,47.64067084107081,online_expert_router,analogue__cold_subfamily_mean__scale_0.25,10
82280M79811000,recurring,47.659271657577285,online_expert_router,analogue__cold_subfamily_mean__scale_0.25,10
77230M75L000PG,recurring,48.03999494983543,online_expert_router,analogue__cold_subfamily_mean__scale_0.25,10
7176060P205PK,recurring,48.259895712168834,online_expert_router,analogue__cold_subfamily_mean__scale_0.25,10
72221M56R005PK,recurring,48.56858449966819,online_expert_router,analogue__cold_subfamily_mean__scale_0.25,10
84902M62S43BHE,recurring,48.76589592661386,online_expert_router,analogue__cold_subfamily_mean__scale_0.25,10
71813M66L00000,recurring,48.77461461053527,online_expert_router,analogue__cold_subfamily_mean__scale_0.25,10
7178277KA05PK,recurring,49.10052359968625,online_expert_router,analogue__cold_subfamily_mean__scale_0.25,10
82651M74K00000,recurring,49.410879997518165,online_expert_router,analogue__cold_subfamily_mean__scale_0.25,10
82570M53810000,recurring,49.719096827385435,online_expert_router,analogue__cold_subfamily_mean__scale_0.25,10
33690M60M00000,recurring,49.73932785311014,online_expert_router,analogue__cold_subfamily_mean__scale_0.25,10
77811M58J100PG,recurring,49.942499348975566,online_expert_router,analogue__cold_subfamily_mean__scale_0.25,10
37145M66L00000,recurring,49.97835468871408,online_expert_router,analogue__cold_subfamily_mean__scale_0.25,10
5730079P02000,recurring,49.99100029452537,online_expert_router,analogue__cold_subfamily_mean__scale_0.25,10
84901M56R63HLK,recurring,50.02373922849758,online_expert_router,analogue__cold_subfamily_mean__scale_0.25,10
28300M55R42000,recurring,50.10358422469154,online_expert_router,analogue__cold_subfamily_mean__scale_0.25,10
83401M55R01000,recurring,50.120597240664914,online_expert_router,analogue__cold_subfamily_mean__scale_0.25,10
7182163J00000,recurring,50.13638285461118,online_expert_router,analogue__cold_subfamily_mean__scale_0.25,10
7173277M10000,recurring,50.3093840756942,online_expert_router,analogue__cold_subfamily_mean__scale_0.25,10
57300M66L00000,recurring,50.309720507485785,online_expert_router,analogue__cold_subfamily_mean__scale_0.25,10
48150M69R00C48,recurring,50.319575449587695,online_expert_router,analogue__cold_subfamily_mean__scale_0.25,10
73630M76M01GJL,recurring,50.326347382463304,online_expert_router,analogue__cold_subfamily_mean__scale_0.25,10
3658054P00000,recurring,50.43956654030339,online_expert_router,analogue__cold_subfamily_mean__scale_0.25,10
71751M79G10000,recurring,50.451651524302115,online_expert_router,analogue__cold_subfamily_mean__scale_0.25,10
7243179M00000,recurring,50.583149324214425,online_expert_router,analogue__cold_subfamily_mean__scale_0.25,10
71811M79G005PK,recurring,50.58981984951317,online_expert_router,analogue__cold_subfamily_mean__scale_0.25,10
38821M67P00000,recurring,50.71320568986502,online_expert_router,analogue__cold_subfamily_mean__scale_0.25,10
77832M67P000PG,recurring,51.14805189685725,online_expert_router,analogue__cold_subfamily_mean__scale_0.25,10
83821M74L01000,recurring,51.19673364775164,online_expert_router,analogue__cold_subfamily_mean__scale_0.25,10
37019M79MK0000,recurring,51.34394110704375,online_expert_router,analogue__cold_subfamily_mean__scale_0.25,10
72111M8450009E,recurring,51.580604067896,online_expert_router,analogue__cold_subfamily_mean__scale_0.25,10
72520M68P02000,recurring,51.648510302379506,online_expert_router,analogue__cold_subfamily_mean__scale_0.25,10
43210M68K1109L,recurring,51.70613893981416,online_expert_router,analogue__cold_subfamily_mean__scale_0.25,10
84901M62S51BHE,recurring,51.83916227732409,online_expert_router,analogue__cold_subfamily_mean__scale_0.25,10
11710M65L00000,recurring,51.85618891514893,online_expert_router,analogue__cold_subfamily_mean__scale_0.25,10
7246079P00000,recurring,51.86036503248158,online_expert_router,analogue__cold_subfamily_mean__scale_0.25,10
71731M60M00000,recurring,51.91136850476283,online_expert_router,analogue__cold_subfamily_mean__scale_0.25,10
3845062R00000,recurring,51.94043033962328,online_expert_router,analogue__cold_subfamily_mean__scale_0.25,10
7781163J200PG,recurring,51.95366169383071,online_expert_router,analogue__cold_subfamily_mean__scale_0.25,10
84740M74L20000,recurring,52.05827265177633,online_expert_router,analogue__cold_subfamily_mean__scale_0.25,10
7179086R10C48,recurring,52.18235436136115,online_expert_router,analogue__cold_subfamily_mean__scale_0.25,10
74461M74L00V6N,recurring,52.33171125214381,online_expert_router,analogue__cold_subfamily_mean__scale_0.25,10
7176160MB05PK,recurring,52.379567490903206,online_expert_router,analogue__cold_subfamily_mean__scale_0.25,10
57611M68K10000,recurring,52.709165337753916,online_expert_router,analogue__cold_subfamily_mean__scale_0.25,10
8181086R00000,recurring,52.71071866556835,online_expert_router,analogue__cold_subfamily_mean__scale_0.25,10
7755078K000PG,recurring,52.713151229220465,online_expert_router,analogue__cold_subfamily_mean__scale_0.25,10
0915924009000,recurring,52.80626070645874,online_expert_router,analogue__cold_subfamily_mean__scale_0.25,10
43250M74L0027N,recurring,52.83665743195408,online_expert_router,analogue__cold_subfamily_mean__scale_0.25,10
73610M68P00C48,recurring,52.85541496112845,online_expert_router,analogue__cold_subfamily_mean__scale_0.25,10
11710M76M00000,recurring,52.85975851039551,online_expert_router,analogue__cold_subfamily_mean__scale_0.25,10
11620M68K00000,recurring,53.00124479694267,online_expert_router,analogue__cold_subfamily_mean__scale_0.25,10
3512062R60000,recurring,53.070365392571965,online_expert_router,analogue__cold_subfamily_mean__scale_0.25,10
71761M75L105PK,recurring,53.124506562085685,online_expert_router,analogue__cold_subfamily_mean__scale_0.25,10
7182263J00000,recurring,53.26602037544919,online_expert_router,analogue__cold_subfamily_mean__scale_0.25,10
72821M76MA0000,recurring,53.45655865907373,online_expert_router,analogue__cold_subfamily_mean__scale_0.25,10
41710M82000000,recurring,53.5460950131934,online_expert_router,analogue__cold_subfamily_mean__scale_0.25,10
3570186R00000,recurring,53.60625687120275,online_expert_router,analogue__cold_subfamily_mean__scale_0.25,10
11610M65L00000,recurring,53.62717771383274,online_expert_router,analogue__cold_subfamily_mean__scale_0.25,10
43210M55R6027N,recurring,53.97976012635749,online_expert_router,analogue__cold_subfamily_mean__scale_0.25,10
7232353R00000,recurring,54.07735244935274,online_expert_router,analogue__cold_subfamily_mean__scale_0.25,10
3845071L10000,recurring,54.0849529930137,online_expert_router,analogue__cold_subfamily_mean__scale_0.25,10
27431M79F00000,recurring,54.28736520454159,online_expert_router,analogue__cold_subfamily_mean__scale_0.25,10
82811M75J00000,recurring,54.479590788228755,online_expert_router,analogue__cold_subfamily_mean__scale_0.25,10
17861M68P00000,recurring,54.5686930462008,online_expert_router,analogue__cold_subfamily_mean__scale_0.25,10
5823065J00000,recurring,54.60863060249407,online_expert_router,analogue__cold_subfamily_mean__scale_0.25,10
69100M66L21000,recurring,54.79086837453141,online_expert_router,analogue__cold_subfamily_mean__scale_0.25,10
3658354P01000,recurring,54.83998626095596,online_expert_router,analogue__cold_subfamily_mean__scale_0.25,10
3532077R10000,recurring,54.91267273818238,online_expert_router,analogue__cold_subfamily_mean__scale_0.25,10
41710M68K00000,recurring,54.977639612861715,online_expert_router,analogue__cold_subfamily_mean__scale_0.25,10
4342386G01000,recurring,54.98670925553662,online_expert_router,analogue__cold_subfamily_mean__scale_0.25,10
84501M56R00000,recurring,55.02695686804703,online_expert_router,analogue__cold_subfamily_mean__scale_0.25,10
0928056004000,recurring,55.229170774208455,online_expert_router,analogue__cold_subfamily_mean__scale_0.25,10
7552171L00000,recurring,55.25533302585521,online_expert_router,analogue__cold_subfamily_mean__scale_0.25,10
7175173K105PK,recurring,55.54264213267921,online_expert_router,analogue__cold_subfamily_mean__scale_0.25,10
7185160G00000,recurring,55.72876223011364,online_expert_router,analogue__cold_subfamily_mean__scale_0.25,10
35321M60M10000,recurring,55.75748106244169,online_expert_router,analogue__cold_subfamily_mean__scale_0.25,10
4321053R100CE,recurring,55.809226923380486,online_expert_router,analogue__cold_subfamily_mean__scale_0.25,10
7615181A01P4Z,recurring,55.82515788023988,online_expert_router,analogue__cold_subfamily_mean__scale_0.25,10
65700M72P00000,recurring,56.47551036746749,online_expert_router,analogue__cold_subfamily_mean__scale_0.25,10
38452M56R30000,recurring,56.50344099086056,online_expert_router,analogue__cold_subfamily_mean__scale_0.25,10
17700M67P00000,recurring,56.63657168099296,online_expert_router,analogue__cold_subfamily_mean__scale_0.25,10
89969M52R00000,recurring,56.88213245216274,online_expert_router,analogue__cold_subfamily_mean__scale_0.25,10
37736M79M00000,recurring,56.9214697028156,online_expert_router,analogue__cold_subfamily_mean__scale_0.25,10
6800153R00000,recurring,57.23486276002173,online_expert_router,analogue__cold_subfamily_mean__scale_0.25,10
3515365J00000,recurring,57.666336811827684,online_expert_router,analogue__cold_subfamily_mean__scale_0.25,10
35910M74L01000,recurring,57.851754788875674,online_expert_router,analogue__cold_subfamily_mean__scale_0.25,10
1428180JA0000,recurring,58.04395562844893,online_expert_router,analogue__cold_subfamily_mean__scale_0.25,10
37145M55B21000,recurring,58.453303121562506,online_expert_router,analogue__cold_subfamily_mean__scale_0.25,10
71781M66L00000,recurring,58.47862643180787,online_expert_router,analogue__cold_subfamily_mean__scale_0.25,10
1781254G00000,recurring,58.66011183608682,online_expert_router,analogue__cold_subfamily_mean__scale_0.25,10
84702M84320000,recurring,58.67800461795768,online_expert_router,analogue__cold_subfamily_mean__scale_0.25,10
11610M67P10000,recurring,58.76409683544838,online_expert_router,analogue__cold_subfamily_mean__scale_0.25,10
3591075F31000,recurring,58.91711015665717,online_expert_router,analogue__cold_subfamily_mean__scale_0.25,10
71751M76MB0ZNZ,recurring,58.951076545535436,online_expert_router,analogue__cold_subfamily_mean__scale_0.25,10
77181M68K005PK,recurring,58.99247972132615,online_expert_router,analogue__cold_subfamily_mean__scale_0.25,10
43250M79G6027N,recurring,59.15314542469609,online_expert_router,analogue__cold_subfamily_mean__scale_0.25,10
8926050J00000,recurring,59.923149660336435,online_expert_router,analogue__cold_subfamily_mean__scale_0.25,10
58240M67P00000,recurring,60.02671820241311,online_expert_router,analogue__cold_subfamily_mean__scale_0.25,10
72311M68P01000,recurring,60.03582328568666,online_expert_router,analogue__cold_subfamily_mean__scale_0.25,10
3560461J10000,recurring,60.20933192960287,online_expert_router,analogue__cold_subfamily_mean__scale_0.25,10
87286M81P00000,recurring,60.41229656197177,online_expert_router,analogue__cold_subfamily_mean__scale_0.25,10
5730073R02000,recurring,60.53134279450281,online_expert_router,analogue__cold_subfamily_mean__scale_0.25,10
82570M53M00000,recurring,60.56697763338454,online_expert_router,analogue__cold_subfamily_mean__scale_0.25,10
84701M79G30000,recurring,60.65178007724902,online_expert_router,analogue__cold_subfamily_mean__scale_0.25,10
4171080J00000,recurring,60.75144939299451,online_expert_router,analogue__cold_subfamily_mean__scale_0.25,10
0915918022000,recurring,61.08277547753994,online_expert_router,analogue__cold_subfamily_mean__scale_0.25,10
8485177K006GS,recurring,61.1454594766712,online_expert_router,analogue__cold_subfamily_mean__scale_0.25,10
43210M55RH1QC8,recurring,61.63342766747576,online_expert_router,analogue__cold_subfamily_mean__scale_0.25,10
84701M84330000,recurring,61.73184423357886,online_expert_router,analogue__cold_subfamily_mean__scale_0.25,10
3552686R20000,recurring,61.9109373574939,online_expert_router,analogue__cold_subfamily_mean__scale_0.25,10
68002M74L31000,recurring,62.81484507836903,online_expert_router,analogue__cold_subfamily_mean__scale_0.25,10
17878M74L00000,recurring,62.846846659266724,online_expert_router,analogue__cold_subfamily_mean__scale_0.25,10
0940907332000,recurring,63.0003302561877,online_expert_router,analogue__cold_subfamily_mean__scale_0.25,10
36410M67K10000,recurring,63.511327722117905,online_expert_router,analogue__cold_subfamily_mean__scale_0.25,10
72372M74L105PK,recurring,63.54873186879361,online_expert_router,analogue__cold_subfamily_mean__scale_0.25,10
3641075F01000,recurring,63.57610184817007,online_expert_router,analogue__cold_subfamily_mean__scale_0.25,10
11710M68K00000,recurring,63.662342386258764,online_expert_router,analogue__cold_subfamily_mean__scale_0.25,10
74461M76M00000,recurring,64.34245300818017,online_expert_router,analogue__cold_subfamily_mean__scale_0.25,10
0928326016000,recurring,64.74880854987734,online_expert_router,analogue__cold_subfamily_mean__scale_0.25,10
37145M56R20000,recurring,65.12995639171446,online_expert_router,analogue__cold_subfamily_mean__scale_0.25,10
4321052S0039M,recurring,65.17368873916209,online_expert_router,analogue__cold_subfamily_mean__scale_0.25,10
4321068LA0ZA8,recurring,66.31960574605672,online_expert_router,analogue__cold_subfamily_mean__scale_0.25,10
41710M76M00000,recurring,66.789368972553,online_expert_router,analogue__cold_subfamily_mean__scale_0.25,10
35153M59K20000,recurring,67.6227118487215,online_expert_router,analogue__cold_subfamily_mean__scale_0.25,10
7171152S005PK,recurring,68.11622033401233,online_expert_router,analogue__cold_subfamily_mean__scale_0.25,10
15910M79GB1000,recurring,69.73687393083704,online_expert_router,analogue__cold_subfamily_mean__scale_0.25,10
17920M76M00000,recurring,70.11141055629186,online_expert_router,analogue__cold_subfamily_mean__scale_0.25,10
0928906003000,recurring,70.3402543893546,online_expert_router,analogue__cold_subfamily_mean__scale_0.25,10
82960M60G005ES,recurring,70.51373408714085,online_expert_router,analogue__cold_subfamily_mean__scale_0.25,10
0928345012000,recurring,70.87765414827878,online_expert_router,analogue__cold_subfamily_mean__scale_0.25,10
38340M51K42000,recurring,71.70322830190325,online_expert_router,analogue__cold_subfamily_mean__scale_0.25,10
15910M79GC0000,recurring,72.66978784391338,online_expert_router,analogue__cold_subfamily_mean__scale_0.25,10
77831M79M000PG,recurring,72.92352528964592,online_expert_router,analogue__cold_subfamily_mean__scale_0.25,10
87491M68P105PK,recurring,72.99940410392216,online_expert_router,analogue__cold_subfamily_mean__scale_0.25,10
0928340027000,recurring,74.26298017017909,online_expert_router,analogue__cold_subfamily_mean__scale_0.25,10
82982M65D00000,recurring,75.85740787084082,online_expert_router,analogue__cold_subfamily_mean__scale_0.25,10
87991M68P105PK,recurring,76.33314231885569,online_expert_router,analogue__cold_subfamily_mean__scale_0.25,10
09409M15L01000,recurring,76.97661994422656,online_expert_router,analogue__cold_subfamily_mean__scale_0.25,10
3512052S10000,recurring,77.94898801466408,online_expert_router,analogue__cold_subfamily_mean__scale_0.25,10
38450M79M00000,recurring,78.15817560511448,online_expert_router,analogue__cold_subfamily_mean__scale_0.25,10
88921M68P01000,recurring,78.87939941394418,online_expert_router,analogue__cold_subfamily_mean__scale_0.25,10
09403M07311000,recurring,79.81221918049535,online_expert_router,analogue__cold_subfamily_mean__scale_0.25,10
0940908327000,recurring,82.119068255029,online_expert_router,analogue__cold_subfamily_mean__scale_0.25,10
43210M79G5339M,recurring,86.88701075288816,online_expert_router,analogue__cold_subfamily_mean__scale_0.25,10
8470181A015PK,recurring,88.0700549535894,online_expert_router,analogue__cold_subfamily_mean__scale_0.25,10
0928340021000,recurring,88.75452143459353,online_expert_router,analogue__cold_subfamily_mean__scale_0.25,10
35153M75L00000,recurring,90.03694808835535,online_expert_router,analogue__cold_subfamily_mean__scale_0.25,10
82982M65D005PK,recurring,90.860655743556,online_expert_router,analogue__cold_subfamily_mean__scale_0.25,10
83940M55T010PG,recurring,96.13261304619957,online_expert_router,analogue__cold_subfamily_mean__scale_0.25,10
0928017002000,recurring,110.50369042409882,online_expert_router,analogue__cold_subfamily_mean__scale_0.25,10
