segment,sku_id,actual_total,forecast_total,absolute_error,signed_error,bias_pct,wmape,actual_volume_quartile
cold_start,0915912051000,9.0,8.20763549107897,10.954395223649305,-0.7923645089210307,-8.804050099122565,121.71550248499229,Q1
cold_start,0940906322000,7.0,7.933309439798013,8.108468814209866,0.9333094397980126,13.332991997114465,115.83526877442667,Q1
cold_start,0940908352000,18.0,8.875410262473633,18.92802863011803,-9.124589737526367,-50.69216520847982,105.15571461176683,Q2
cold_start,35121M73T10000,17.0,13.573873168115254,16.580868307118156,-3.426126831884746,-20.15368724638086,97.53451945363621,Q2
cold_start,35501M75T00000,32.0,13.545806944622473,32.58328345385896,-18.454193055377527,-57.66935329805477,101.82276079330926,Q4
cold_start,35502M75T00000,29.0,14.312570662919997,30.131187565419353,-14.687429337080003,-50.64630805889656,103.90064677730813,Q4
cold_start,35602M73T00000,10.0,13.117592578468571,10.584416984687145,3.117592578468571,31.17592578468571,105.84416984687145,Q2
cold_start,36250M74T55000,7.0,13.624745705545868,10.044138755951874,6.624745705545868,94.63922436494097,143.4876965135982,Q1
cold_start,38450M80T10000,7.0,7.956996237781931,10.764475918155227,0.9569962377819312,13.671374825456159,153.7782274022175,Q1
cold_start,39102M80T00000,9.0,9.099427758951695,11.073585984283127,0.09942775895169476,1.1047528772410529,123.03984426981252,Q1
cold_start,4161552R00000,5.0,8.334531112543596,6.540663027261003,3.334531112543596,66.69062225087193,130.81326054522006,Q1
cold_start,43250M53T0027N,36.0,9.871104921235585,28.936329848820773,-26.128895078764415,-72.58026410767894,80.37869402450215,Q4
cold_start,57300M74T00000,26.0,13.461797406314234,13.034719925402927,-12.538202593685766,-48.22385612956063,50.133538174626636,Q4
cold_start,57300M75T00000,15.0,13.448980763820847,12.105110255944068,-1.5510192361791528,-10.340128241194352,80.7007350396271,Q2
cold_start,68001M75T00000,21.0,14.001947052396389,19.18368811364174,-6.998052947603611,-33.32406165525529,91.35089577924639,Q3
cold_start,68002M75T00000,17.0,14.15974542293263,13.481927010246356,-2.8402545770673697,-16.707379865102176,79.30545300144915,Q2
cold_start,71711M73T015PK,33.0,12.986588113992466,21.776735265594752,-20.013411886007532,-60.64670268487131,65.99010686543865,Q4
cold_start,71712M69T005PK,18.0,8.85010896344933,17.71377768662506,-9.14989103655067,-50.83272798083706,98.40987603680588,Q3
cold_start,71732M75T00000,22.0,13.220940425187054,16.509202645700245,-8.779059574812946,-39.904816249149754,75.04183020772838,Q3
cold_start,71736M74T00000,21.0,11.941104915035961,11.7714419560558,-9.058895084964039,-43.1375956426859,56.054485505027614,Q3
cold_start,71751M75T105PK,24.0,11.211997450110124,21.009160034140756,-12.788002549889876,-53.283343957874486,87.53816680891981,Q3
cold_start,71761M75T105PK,24.0,10.713835645535497,25.440494529579095,-13.286164354464503,-55.3590181436021,106.0020605399129,Q3
cold_start,71772M74T00000,17.0,13.019857647997751,6.06175978353132,-3.9801423520022485,-23.412602070601462,35.65741049136071,Q2
cold_start,71831M74T00000,25.0,11.228758178427373,14.967139970376838,-13.771241821572627,-55.0849672862905,59.86855988150735,Q3
cold_start,72320M80T00000,25.0,13.388865760372532,13.706777079176662,-11.611134239627468,-46.44453695850987,54.827108316706656,Q4
cold_start,72381M80T10000,32.0,13.752542976040441,20.168111369991664,-18.24745702395956,-57.023303199873624,63.02534803122395,Q4
cold_start,82510M75T20000,6.0,8.792686505810423,11.265386580741204,2.7926865058104227,46.544775096840375,187.7564430123534,Q1
cold_start,83770M55T005PK,10.0,9.363693591855327,6.4850841719024235,-0.636306408144673,-6.36306408144673,64.85084171902423,Q2
cold_start,83841M75T00000,52.0,7.636432241078015,57.232384455859915,-44.36356775892199,-85.31455338254229,110.06227779973061,Q4
cold_start,83932M75T000CB,8.0,14.06192316917766,8.808541923453282,6.0619231691776605,75.77403961472075,110.10677404316603,Q1
cold_start,83934M75T000CB,9.0,13.438941883837893,9.797688746516137,4.438941883837893,49.321576487087704,108.86320829462375,Q1
cold_start,84503M80T20000,21.0,12.709376152199415,14.104631471581168,-8.290623847800585,-39.47916118000279,67.16491176943413,Q3
cold_start,84510M80T11000,34.0,12.310324572928655,36.36438410811632,-21.689675427071343,-63.79316302079807,106.95407090622447,Q4
cold_start,84556M80T00000,9.0,12.955247349322697,13.693172489325844,3.955247349322697,43.94719277025219,152.14636099250936,Q2
cold_start,84570M75T00000,19.0,14.50737001062402,17.534419294404014,-4.492629989375979,-23.645420996715682,92.28641733896849,Q3
cold_start,84701M53T3026U,14.0,13.026719572967979,9.260284859783194,-0.9732804270320212,-6.952003050228724,66.14489185559424,Q2
cold_start,84701M80TJ0WB3,23.0,13.024469252059752,18.261577372699932,-9.975530747940248,-43.37187281713151,79.3981624899997,Q3
cold_start,84728M80T005PK,12.0,13.787432593714874,20.219142403565034,1.7874325937148736,14.895271614290614,168.49285336304195,Q2
cold_start,89267M60M00000,4.0,8.34160204141359,9.132184761215646,4.341602041413591,108.54005103533977,228.30461903039114,Q1
cold_start,95310M75T00000,48.0,12.992588042533683,46.553785997215186,-35.00741195746632,-72.93210824472149,96.98705416086496,Q4
developing,0911605023000,1.0,14.840396052673764,13.840396052673764,13.840396052673764,1384.0396052673764,1384.0396052673764,Q1
developing,09136M05078000,6.0,15.758232673400972,14.928538288860226,9.758232673400972,162.63721122334954,248.8089714810038,Q2
developing,0914016023000,0.0,10.941580315042987,10.941580315042987,10.941580315042987,,,Q1
developing,35702M76T00000,30.0,12.01254521369847,18.332701091416624,-17.98745478630153,-59.9581826210051,61.10900363805542,Q3
developing,38452M56R30000,21.0,14.186880772969518,10.841089685600847,-6.813119227030482,-32.44342489062134,51.62423659809927,Q3
developing,38500M55T01000,39.0,12.316119886679498,26.769974928829193,-26.6838801133205,-68.42020541877052,68.6409613559723,Q3
developing,4321080S6027N,1.0,9.936911176625625,8.936911176625625,8.936911176625625,893.6911176625624,893.6911176625624,Q1
developing,43210M62S620CB,41.0,15.592714126480399,25.4072858735196,-25.4072858735196,-61.96898993541366,61.96898993541366,Q4
developing,7173263T00000,15.0,12.070141613432352,10.913216162029885,-2.9298583865676484,-19.532389243784323,72.75477441353256,Q2
developing,7174050U10CUG,1.0,26.431027346008705,25.431027346008705,25.431027346008705,2543.1027346008705,2543.1027346008705,Q1
developing,7174063T00EJ1,10.0,11.9329659488622,6.285891065277339,1.9329659488622006,19.329659488622006,62.858910652773396,Q2
developing,71750M55T30C48,56.0,16.645238311824365,39.354761688175635,-39.354761688175635,-70.2763601574565,70.2763601574565,Q4
developing,71761M55T105PK,70.0,16.483446764131948,54.65978416042154,-53.51655323586805,-76.45221890838293,78.08540594345935,Q4
developing,7361052R005PK,1.0,33.566476829212256,32.566476829212256,32.566476829212256,3256.6476829212256,3256.6476829212256,Q1
developing,77141M55T000CB,15.0,11.65314339682137,3.55146434528935,-3.3468566031786295,-22.312377354524195,23.676428968595665,Q3
developing,77221M55T00799,46.0,30.23442841231616,20.746011409239294,-15.76557158768384,-34.27298171235618,45.10002480269412,Q4
developing,81810M55T01000,44.0,28.558316479683775,15.786356456347342,-15.441683520316225,-35.09473527344597,35.87808285533487,Q4
developing,82110M55T10000,41.0,16.586958009377998,24.413041990622002,-24.413041990622002,-59.54400485517561,59.54400485517561,Q4
developing,8313063JC0C48,4.0,11.506424404563326,11.910961442726288,7.506424404563326,187.66061011408314,297.7740360681572,Q2
developing,83940M55T010PG,105.0,28.119411798808635,79.25120536307551,-76.88058820119136,-73.21960781065843,75.4773384410243,Q4
developing,83970M55T00000,14.0,11.433082798917168,9.52622986562351,-2.5669172010828323,-18.335122864877373,68.04449904016793,Q2
developing,8470178R005PK,0.0,11.014199751524522,11.014199751524522,11.014199751524522,,,Q1
developing,84701M55TG0ZHJ,39.0,13.89339169844662,25.10660830155338,-25.10660830155338,-64.37591872193174,64.37591872193174,Q3
developing,84730M55T00000,25.0,30.84861504351466,17.096543825092013,5.848615043514659,23.394460174058636,68.38617530036805,Q3
developing,84730M76T00000,3.0,12.90734853669808,9.90734853669808,9.90734853669808,330.2449512232693,330.2449512232693,Q1
developing,84740M76T00000,7.0,13.035004153296626,10.268050660322293,6.035004153296626,86.21434504709465,146.6864380046042,Q2
new,17700M50U00000,18.0,10.16459630208495,14.02255779109589,-7.83540369791505,-43.5300205439725,77.9030988394216,Q1
new,3495561M00000,1.0,16.36105649728629,15.361056497286294,15.361056497286292,1536.1056497286293,1536.1056497286293,Q1
new,35601M74TA0000,61.0,10.085206455509606,50.914793544490394,-50.914793544490394,-83.466874663099,83.466874663099,Q4
new,35650M53T00000,24.0,9.660888085989058,15.564869201235606,-14.339111914010942,-59.746299641712255,64.85362167181502,Q2
new,35670M76T00000,20.0,10.279446725603195,11.15117079023714,-9.720553274396805,-48.602766371984025,55.7558539511857,Q2
new,35701M76T00000,28.0,13.556322128597607,19.45489676192865,-14.443677871402393,-51.58456382643711,69.48177414974518,Q2
new,35750M53T01000,31.0,9.660888085989058,21.339111914010942,-21.339111914010942,-68.83584488390626,68.83584488390626,Q3
new,35750M73T00000,43.0,13.897800000000004,29.102199999999996,-29.102199999999996,-67.67953488372092,67.67953488372092,Q4
new,43210M74T50QC8,19.0,15.67224290619454,15.031187928082193,-3.3277570938054595,-17.514511020028735,79.11151541095892,Q2
new,43210M76T50QC8,29.0,9.770594333909607,19.229405666090393,-19.229405666090393,-66.30829540031169,66.30829540031169,Q2
new,7171163T20799,7.0,9.471604432583579,8.184169942139732,2.471604432583579,35.308634751193985,116.91671345913903,Q1
new,71712M74T005PK,34.0,18.590359166793824,19.67543418475814,-15.409640833206176,-45.32247303884169,57.86892407281806,Q3
new,71722M76T005PK,28.0,11.192439941810976,16.807560058189026,-16.807560058189026,-60.02700020781795,60.02700020781795,Q2
new,71732M76T01000,41.0,16.38888206955191,29.510470388916485,-24.61111793044809,-60.027116903531926,71.97675704613776,Q3
new,71740M74T00C48,70.0,16.323942969821935,53.676057030178065,-53.676057030178065,-76.68008147168295,76.68008147168295,Q4
new,71740M74T20KDJ,54.0,11.759439941810975,42.240560058189025,-42.240560058189025,-78.22325936701671,78.22325936701671,Q4
new,71751M76T005PK,37.0,23.56797760796682,23.115983063326127,-13.43202239203318,-36.302763221711295,62.47562990088142,Q3
new,71831M76T00000,34.0,7.927577816605496,26.072422183394504,-26.072422183394504,-76.68359465704266,76.68359465704266,Q3
new,72321M76T00000,39.0,10.877827820210975,29.72586521460821,-28.122172179789025,-72.10813379433084,76.22016721694413,Q3
new,72390M76T00000,35.0,12.820233507465774,24.448059225616426,-22.179766492534227,-63.37076140724065,69.8515977874755,Q3
new,72432M74T00000,45.0,15.005599786742485,32.97371757938629,-29.994400213257514,-66.6542226961278,73.27492795419175,Q4
new,75110M76T60R3F,19.0,10.881494229432366,15.435093540733227,-8.118505770567634,-42.728977739829645,81.23733442491172,Q2
new,75139M70F005PK,44.0,65.57591385439379,59.61669201321604,21.57591385439379,49.03616785089498,135.49248184821826,Q4
new,77210M76T015PK,42.0,12.270987527838374,33.81567155678355,-29.729012472161628,-70.78336302895626,80.5135037066275,Q4
new,77220M74T005PK,66.0,14.014848986194538,51.98515101380546,-51.98515101380546,-78.76538032394767,78.76538032394767,Q4
new,77250M74T005PK,30.0,12.609829677427413,17.598331299523274,-17.390170322572587,-57.967234408575294,58.66110433174425,Q3
new,77510M73T005PK,31.0,18.27,23.0,-12.73,-41.064516129032256,74.19354838709677,Q3
new,77540M74T005PK,55.0,9.80126681578358,45.19873318421642,-45.19873318421642,-82.1795148803935,82.1795148803935,Q4
new,83924M74T000CB,23.0,12.042829677427417,14.98661813263835,-10.957170322572583,-47.639870967706884,65.15920927234065,Q2
new,83924M76T100CB,19.0,10.498784569527322,9.962939058000579,-8.501215430472678,-44.74323910775094,52.43652135789779,Q2
new,83940M74T01ZHJ,6.0,6.762230577427413,6.5313022628054895,0.7622305774274132,12.703842957123554,108.85503771342484,Q1
new,84510M76T21000,18.0,13.964426497339742,8.021723030821917,-4.035573502660258,-22.419852792556988,44.56512794901065,Q1
new,84510M76T31000,46.0,20.44306916427913,26.34765922723857,-25.55693083572087,-55.55854529504536,57.27752005921428,Q4
new,84701M80TA05PK,12.0,18.27,18.18,6.27,52.25,151.5,Q1
new,84702M53T005PK,18.0,18.27,8.09,0.2699999999999996,1.4999999999999976,44.94444444444444,Q1
new,84702M80TA05PK,8.0,18.27,12.18,10.27,128.375,152.25,Q1
new,84702M80TJ0WB3,20.0,13.330800000000005,14.0,-6.669199999999995,-33.345999999999975,70.0,Q2
new,84730M74T00000,8.0,33.3908598361386,25.390859836138606,25.390859836138603,317.3857479517325,317.3857479517326,Q1
new,84740M74T00000,11.0,37.78469208394871,26.78469208394871,26.784692083948713,243.4972007631701,243.49720076317007,Q1
occasional,021620616A000,8.0,2.2553250789642334,10.255325078964233,-5.744674921035767,-71.80843651294708,128.19156348705292,Q3
occasional,0911912007000,74.0,4.681559858713143,69.31844014128686,-69.31844014128686,-93.67356775849575,93.67356775849575,Q4
occasional,0914806007000,12.0,4.784066232471709,11.968455291189109,-7.215933767528291,-60.1327813960691,99.73712742657591,Q4
occasional,0915912079000,0.0,4.1405633235059724,4.1405633235059724,4.1405633235059724,,,Q1
occasional,0915918024000,2.0,3.764788269996643,5.764788269996643,1.764788269996643,88.23941349983215,288.23941349983215,Q2
occasional,0915924009000,5.0,3.1825565521631347,6.182556552163135,-1.8174434478368653,-36.348868956737306,123.6511310432627,Q3
occasional,0916435003000,3.0,4.378245234489441,1.3782452344894405,1.378245234489441,45.9415078163147,45.941507816314676,Q2
occasional,0928314005000,2.0,4.369868040084839,6.369868040084839,2.369868040084839,118.49340200424194,318.49340200424194,Q2
occasional,0928948004000,3.0,7.690218305587768,10.690218305587768,4.690218305587768,156.34061018625894,356.34061018625897,Q2
occasional,0938168001000,5.0,2.5360262393951416,5.3284382820129395,-2.4639737606048584,-49.27947521209717,106.56876564025879,Q3
occasional,09409063095ES,2.0,5.3224998760927065,7.3224998760927065,3.3224998760927065,166.12499380463532,366.1249938046353,Q2
occasional,0940910318000,6.0,7.014072381864011,13.014072381864011,1.0140723818640112,16.901206364400185,216.9012063644002,Q3
occasional,1161060R00000,11.0,1.4333586692810059,11.019726276397705,-9.566641330718994,-86.96946664289995,100.17932978543368,Q4
occasional,1161061M01000,2.0,4.883099555969238,4.883099555969238,2.8830995559692383,144.1549777984619,244.1549777984619,Q2
occasional,1161073K00000,1.0,3.8537795543670654,4.853779554367065,2.8537795543670654,285.37795543670654,485.37795543670654,Q1
occasional,11620M67P00000,1.0,3.350874423980713,4.350874423980713,2.350874423980713,235.0874423980713,435.0874423980713,Q1
occasional,11710M68K10000,10.0,6.461081862449646,13.740984082221985,-3.538918137550354,-35.38918137550354,137.40984082221985,Q4
occasional,1172080JA0000,5.0,2.9142208993434906,3.9142208993434906,-2.0857791006565094,-41.71558201313019,78.28441798686981,Q3
occasional,1787880G00000,1.0,2.047555297613144,1.047555297613144,1.047555297613144,104.75552976131439,104.75552976131439,Q1
occasional,1793160A10000,1.0,7.182247519493103,6.182247519493103,6.182247519493103,618.2247519493103,618.2247519493103,Q1
occasional,28113M62S015PK,7.0,1.9681540330251055,6.980355342229207,-5.0318459669748945,-71.88351381392707,99.7193620318458,Q3
occasional,28300M55R42000,11.0,8.17117691040039,13.17117691040039,-2.8288230895996094,-25.71657354181463,119.73797191273083,Q4
occasional,3515379P00000,4.0,4.12451434135437,8.12451434135437,0.12451434135437012,3.112858533859253,203.11285853385925,Q3
occasional,3532080G21000,4.0,7.156797885894775,9.156797885894775,3.1567978858947754,78.91994714736938,228.91994714736938,Q3
occasional,35604M84400000,1.0,5.284024000167847,6.284024000167847,4.284024000167847,428.40240001678467,628.4024000167847,Q1
occasional,3565050J10000,1.0,3.313942700624466,4.313942700624466,2.313942700624466,231.3942700624466,431.3942700624466,Q1
occasional,3611050A30000,2.0,2.1040793657302856,1.9004188776016235,0.10407936573028564,5.203968286514282,95.02094388008118,Q2
occasional,3613050A30000,2.0,3.3431403636932373,5.343140363693237,1.3431403636932373,67.15701818466187,267.15701818466187,Q2
occasional,3641075F01000,10.0,5.121195673942566,11.846104741096497,-4.878804326057434,-48.78804326057434,118.46104741096497,Q4
occasional,3641275F00000,1.0,5.311648607254028,6.311648607254028,4.311648607254028,431.16486072540283,631.1648607254028,Q1
occasional,38330M68K01000,3.0,3.5246883630752572,2.5246883630752572,0.5246883630752572,17.489612102508573,84.15627876917524,Q2
occasional,3834062R30000,10.0,1.1624701023101807,11.16247010231018,-8.83752989768982,-88.3752989768982,111.6247010231018,Q4
occasional,38452M68K00000,9.0,5.182015657424927,14.182015657424927,-3.8179843425750732,-42.422048250834145,157.57795174916586,Q4
occasional,38480M68P01000,1.0,5.088625192642212,4.088625192642212,4.088625192642212,408.8625192642212,408.8625192642212,Q1
occasional,3882151K02000,9.0,6.75576909383138,15.755769093831379,-2.24423090616862,-24.93589895742911,175.06410104257088,Q4
occasional,3882165J00000,5.0,1.9022393822669978,6.902239382266998,-3.097760617733002,-61.95521235466005,138.04478764533997,Q3
occasional,3910268L01000,1.0,12.320493221282959,13.320493221282959,11.320493221282959,1132.049322128296,1332.049322128296,Q1
occasional,39322M56R00000,4.0,7.022001504898071,7.022001504898071,3.0220015048980713,75.55003762245178,175.55003762245178,Q3
occasional,3F11579S10ZWG,8.0,1.4670177698135376,8.117183089256287,-6.532982230186462,-81.66227787733078,101.46478861570358,Q4
occasional,41710M76M00000,15.0,4.0514929095904035,15.033023436864216,-10.948507090409596,-72.99004726939731,100.22015624576144,Q4
occasional,4311052R71000,4.0,4.2720867334751205,4.335071764384125,0.27208673347512047,6.802168336878012,108.37679410960313,Q3
occasional,4321057M100BK,0.0,6.042073369026184,6.042073369026184,6.042073369026184,,,Q1
occasional,4321071L91QC8,0.0,5.826152761777242,5.826152761777242,5.826152761777242,,,Q1
occasional,4321079K510BK,3.0,4.444724893569946,7.444724893569946,1.444724893569946,48.157496452331536,248.15749645233154,Q2
occasional,4325065DA1C48,8.0,3.3735827207565308,11.37358272075653,-4.626417279243469,-57.830215990543365,142.16978400945663,Q4
occasional,4325079P00ZH1,9.0,4.0184026658535,7.379727751016617,-4.9815973341465,-55.35108149051666,81.99697501129575,Q4
occasional,4325251K20DB7,16.0,2.55700843334198,15.995300126075744,-13.44299156665802,-84.01869729161263,99.9706257879734,Q4
occasional,4325283S00CZ2,12.0,3.63642845632829,12.007887886095304,-8.36357154367171,-69.69642953059758,100.06573238412754,Q4
occasional,44119M53M00000,0.0,2.7408769130706787,2.7408769130706787,2.7408769130706787,,,Q1
occasional,4982162A51000,46.0,2.410669684410095,43.589330315589905,-43.589330315589905,-94.75941372954327,94.75941372954327,Q4
occasional,57711M79G10000,2.0,2.8309730291366577,2.8309730291366577,0.8309730291366577,41.548651456832886,141.54865145683289,Q2
occasional,58230M79G01000,3.0,2.018454841205052,5.0184548412050525,-0.981545158794948,-32.7181719598316,167.28182804016842,Q2
occasional,61513M56R01000,3.0,3.400984764099121,4.400984764099121,0.4009847640991211,13.366158803304037,146.69949213663736,Q2
occasional,65500M79M00000,0.0,2.579448848962784,2.579448848962784,2.579448848962784,,,Q1
occasional,68001M74L21000,13.0,2.6829559803009033,10.317044019699097,-10.317044019699097,-79.36187707460843,79.36187707460843,Q4
occasional,6800280820000,2.0,6.476951837539673,6.476951837539673,4.476951837539673,223.84759187698364,323.84759187698364,Q2
occasional,69330M74L00000,6.0,1.493335247039795,6.111001491546631,-4.506664752960205,-75.11107921600342,101.85002485911052,Q3
occasional,69410M74L00000,7.0,6.0,3.0,-1.0,-14.285714285714286,42.857142857142854,Q3
occasional,6942063J00000,1.0,6.0,5.0,5.0,500.0,500.0,Q1
occasional,71074M79M00C48,16.0,2.0,16.0,-14.0,-87.5,100.0,Q4
occasional,71091M843005PK,4.0,4.141178607940674,2.141178607940674,0.14117860794067383,3.5294651985168457,53.529465198516846,Q3
occasional,7171177K70799,12.0,3.3735036849975586,12.088584899902344,-8.626496315002441,-71.88746929168701,100.7382074991862,Q4
occasional,7171284A10W07,11.0,3.6015338379350936,10.780402685445253,-7.398466162064906,-67.25878329149914,98.00366077677504,Q4
occasional,7171584A00ZM2,0.0,6.319659233093262,6.319659233093262,6.319659233093262,,,Q1
occasional,7171754GA0000,0.0,3.6896915435791016,3.6896915435791016,3.6896915435791016,,,Q1
occasional,71740M50S00C48,6.0,4.67508556161608,10.67508556161608,-1.32491443838392,-22.081907306398666,177.91809269360132,Q3
occasional,71742M79G000PG,3.0,5.2106893658638,6.2106893658638,2.2106893658638,73.68964552879333,207.02297886212668,Q2
occasional,71744M53M00000,1.0,3.738196727119316,2.738196727119316,2.738196727119316,273.8196727119316,273.8196727119316,Q1
occasional,7175163J105PK,1.0,8.207718849182129,9.207718849182129,7.207718849182129,720.7718849182129,920.7718849182129,Q1
occasional,71751M67P005PK,5.0,1.3950594663619995,3.6049405336380005,-3.6049405336380005,-72.09881067276001,72.09881067276001,Q3
occasional,7178254P00000,4.0,4.314416767906806,4.314416767906806,0.31441676790680617,7.860419197670154,107.86041919767015,Q3
occasional,7178277KA05PK,24.0,4.0,22.0,-20.0,-83.33333333333333,91.66666666666667,Q4
occasional,7179154P00000,3.0,5.4716408252716064,8.471640825271606,2.4716408252716064,82.38802750905354,282.38802750905353,Q2
occasional,7181165DD1799,1.0,3.0400596857070923,2.0400596857070923,2.0400596857070923,204.00596857070923,204.00596857070923,Q1
occasional,7181172L10799,5.0,3.2474981546401978,3.0233954191207886,-1.7525018453598022,-35.050036907196045,60.46790838241577,Q3
occasional,71811M68P30799,14.0,12.126485288143158,10.746099650859833,-1.873514711856842,-13.382247941834587,76.7578546489988,Q4
occasional,72111M8440009E,14.0,4.68603253364563,18.68603253364563,-9.31396746635437,-66.52833904538836,133.47166095461165,Q4
occasional,7231282K00000,0.0,1.5248127579689026,1.5248127579689026,1.5248127579689026,,,Q1
occasional,72312M79M00000,13.0,2.0,13.0,-11.0,-84.61538461538461,100.0,Q4
occasional,7252261M00000,1.0,9.234331727027893,10.234331727027893,8.234331727027893,823.4331727027893,1023.4331727027893,Q1
occasional,7287078A33000,2.0,6.326305552990448,6.326305552990448,4.326305552990448,216.3152776495224,316.3152776495224,Q2
occasional,73820M55R60PSG,2.0,15.112005829811096,13.112005829811096,13.112005829811096,655.6002914905548,655.6002914905548,Q2
occasional,7382273R505PK,1.0,2.0,3.0,1.0,100.0,300.0,Q1
occasional,7382276J00ZCP,6.0,1.4089129567146301,6.028758108615875,-4.59108704328537,-76.5181173880895,100.47930181026459,Q3
occasional,76237M70F005PK,1.0,14.572811126708984,15.572811126708984,13.572811126708984,1357.2811126708984,1557.2811126708984,Q1
occasional,77171M68L00000,4.0,3.5170560479164124,5.517056047916412,-0.48294395208358765,-12.073598802089691,137.9264011979103,Q3
occasional,7724061M005PK,0.0,2.0,2.0,2.0,,,Q1
occasional,7783179J000PG,14.0,9.100375175476074,23.100375175476074,-4.899624824523926,-34.9973201751709,165.0026798248291,Q4
occasional,77832M67P000PG,5.0,9.682615041732788,12.682615041732788,4.682615041732788,93.65230083465576,253.65230083465576,Q3
occasional,8183065J02000,1.0,4.475461460883629,5.475461460883629,3.475461460883629,347.5461460883629,547.5461460883629,Q2
occasional,81850M79G10000,5.0,4.3622260093688965,7.3622260093688965,-0.6377739906311035,-12.75547981262207,147.24452018737793,Q3
occasional,81860M79G10000,13.0,4.165925979614258,17.165925979614258,-8.834074020385742,-67.95441554142879,132.04558445857123,Q4
occasional,82160M67P10000,0.0,6.0,6.0,6.0,,,Q1
occasional,82200M84880000,11.0,6.390527778611059,17.39052777861106,-4.609472221388941,-41.90429292171765,158.09570707828235,Q4
occasional,8228061810000,2.0,1.9711800664663317,3.9711800664663315,-0.028819933533668296,-1.4409966766834148,198.55900332331657,Q2
occasional,8228076872000,5.0,6.0101096630096436,7.0101096630096436,1.0101096630096436,20.20219326019287,140.20219326019287,Q3
occasional,82504M84500000,3.0,3.702055275440216,6.702055275440216,0.7020552754402161,23.40184251467387,223.40184251467386,Q2
occasional,82510M53M00000,5.0,7.929350256919861,8.92935025691986,2.929350256919861,58.58700513839722,178.58700513839722,Q3
occasional,8276161A00000,7.0,3.6922084093093877,10.692208409309387,-3.3077915906906123,-47.25416558129446,152.74583441870553,Q3
occasional,83101M53M10GCY,1.0,7.329535961151123,8.329535961151123,6.329535961151123,632.9535961151123,832.9535961151123,Q2
occasional,8344060A00000,0.0,4.579428195953369,4.579428195953369,4.579428195953369,,,Q1
occasional,83755M74L005PK,14.0,3.471762472780327,12.040583259686443,-10.528237527219673,-75.20169662299767,86.00416614061746,Q4
occasional,83811M74L01000,7.0,1.868249092783247,5.1317509072167535,-5.1317509072167535,-73.31072724595363,73.31072724595363,Q3
occasional,83922M68P000CB,7.0,6.237760305404663,5.237760305404663,-0.7622396945953369,-10.889138494219099,74.82514722006661,Q3
occasional,83940M74L00000,3.0,2.0,3.0,-1.0,-33.333333333333336,100.0,Q3
occasional,83943M68P00000,1.0,3.6350642442703247,4.635064244270325,2.6350642442703247,263.50642442703247,463.50642442703247,Q2
occasional,8450162R02000,0.0,3.886116955635828,3.886116955635828,3.886116955635828,,,Q1
occasional,8450171L02000,1.0,2.0,3.0,1.0,100.0,300.0,Q2
occasional,8458080J01000,1.0,5.885753865622946,6.885753865622946,4.885753865622946,488.5753865622946,688.5753865622946,Q2
occasional,84701M53M005PK,10.0,1.7174376447995505,9.93391384681066,-8.282562355200449,-82.82562355200449,99.3391384681066,Q4
occasional,8471573K00RX0OTS,0.0,3.0046068282791936,3.0046068282791936,3.0046068282791936,,,Q1
occasional,8473077MB1000,2.0,5.818140505944797,3.818140505944797,3.818140505944797,190.90702529723984,190.90702529723984,Q2
occasional,8480254P446GS,4.0,6.197207093238831,10.19720709323883,2.1972070932388306,54.930177330970764,254.93017733097076,Q3
occasional,8485165D006GS,1.0,5.419694967870868,6.419694967870868,4.419694967870868,441.96949678708677,641.9694967870868,Q2
occasional,87205M79G51000,2.0,2.44005707502172,4.44005707502172,0.44005707502171987,22.002853751085993,222.00285375108598,Q2
occasional,87211M76G00T01,1.0,2.7308975607720356,1.7308975607720356,1.7308975607720356,173.08975607720356,173.08975607720356,Q2
rare,09148M06022000,1.0,0.9467081403870752,1.9467081403870752,-0.05329185961292482,-5.329185961292482,194.6708140387075,Q2
rare,0915912L02000,1.0,2.319031238555908,3.319031238555908,1.3190312385559082,131.90312385559082,331.9031238555908,Q2
rare,0928335036000,0.0,5.505874633789063,5.505874633789063,5.505874633789063,,,Q1
rare,0931912047000,20.0,11.558008193969728,11.558008193969728,-8.441991806030272,-42.20995903015135,57.79004096984865,Q4
rare,09409073255PK,9.0,0.0,9.0,-9.0,-100.0,100.0,Q4
rare,0940915304000,27.0,4.101346015930176,29.101346015930176,-22.898653984069824,-84.80982957062898,107.78276302196362,Q4
rare,1194152R00000,0.0,0.779359610283195,0.779359610283195,0.779359610283195,,,Q1
rare,1591063A0V000,0.0,0.7543324292740132,0.7543324292740132,0.7543324292740132,,,Q1
rare,1770080J00000,0.0,0.0,0.0,0.0,,,Q1
rare,2818060B00000,0.0,1.6570155620574951,1.6570155620574951,1.6570155620574951,,,Q1
rare,2824178K00000,2.0,0.8118825595202859,1.1881174404797141,-1.1881174404797141,-59.40587202398571,59.40587202398571,Q3
rare,2961081A00000,12.0,0.0,12.0,-12.0,-100.0,100.0,Q4
rare,35750M68P20000,1.0,1.0577331847475056,2.0577331847475056,0.05773318474750555,5.773318474750555,205.77331847475057,Q2
rare,36410M60B30000,0.0,4.707847595214844,4.707847595214844,4.707847595214844,,,Q1
rare,36430M76M00000,6.0,1.8238530158996584,4.176146984100342,-4.176146984100342,-69.60244973500569,69.60244973500569,Q4
rare,4311078K00000,1.0,0.4891471843836351,0.510852815616365,-0.510852815616365,-51.0852815616365,51.0852815616365,Q2
rare,4321078K6027N,2.0,0.6979887744650225,2.6979887744650224,-1.3020112255349776,-65.10056127674888,134.8994387232511,Q3
rare,43210M62S0009L,0.0,0.0,0.0,0.0,,,Q1
rare,43250M53M0027N,0.0,7.935967445373535,7.935967445373535,7.935967445373535,,,Q1
rare,48150M53M10C48,0.0,0.0,0.0,0.0,,,Q1
rare,48150M68P00C48,1.0,5.158948421478272,4.158948421478272,4.158948421478272,415.89484214782726,415.89484214782726,Q2
rare,48150M79M11C48,1.0,3.0381736755371094,2.0381736755371094,2.0381736755371094,203.81736755371094,203.81736755371094,Q3
rare,64111M56R01P21,3.0,0.4853732511987083,3.485373251198708,-2.514626748801292,-83.82089162670972,116.17910837329026,Q3
rare,68002M79G01000,4.0,0.5207566410957908,4.52075664109579,-3.4792433589042093,-86.98108397260523,113.01891602739475,Q4
rare,6910077R14000,5.0,0.6419288597674341,4.358071140232566,-4.358071140232566,-87.16142280465132,87.16142280465132,Q4
rare,69430M74L00000,2.0,0.5077957252420668,1.4922042747579332,-1.4922042747579332,-74.61021373789666,74.61021373789666,Q3
rare,7148176J00000,0.0,5.594310283660889,5.594310283660889,5.594310283660889,,,Q1
rare,7170059810T2G,0.0,0.0,0.0,0.0,,,Q1
rare,7171181A405PK,3.0,5.69420337677002,2.6942033767700204,2.6942033767700204,89.80677922566736,89.80677922566736,Q3
rare,7171284A20W07,0.0,0.0,0.0,0.0,,,Q1
rare,71742M53M100CB,6.0,0.908991104981106,6.908991104981106,-5.091008895018894,-84.8501482503149,115.14985174968511,Q4
rare,71743M53M100CB,16.0,0.908991104981106,16.908991104981105,-15.091008895018893,-94.31880559386808,105.68119440613191,Q4
rare,7175160B00000,0.0,4.5776472091674805,4.5776472091674805,4.5776472091674805,,,Q1
rare,7175260B00000,0.0,4.5776472091674805,4.5776472091674805,4.5776472091674805,,,Q1
rare,7175360B00000,0.0,5.593317031860352,5.593317031860352,5.593317031860352,,,Q2
rare,7183263J00000,1.0,0.652290845196918,1.652290845196918,-0.34770915480308195,-34.7709154803082,165.2290845196918,Q3
rare,7211254GB0Z2S,0.0,1.8599436283111568,1.8599436283111568,1.8599436283111568,,,Q2
rare,72361M79M00000,8.0,0.6861422406667932,7.313857759333207,-7.313857759333207,-91.42322199166509,91.42322199166509,Q4
rare,7283181A01000,6.0,0.9349538105738722,6.934953810573872,-5.065046189426128,-84.41743649043546,115.58256350956454,Q4
rare,7361075H015PK,0.0,8.901638984680176,8.901638984680176,8.901638984680176,,,Q2
rare,7615181A01T01,0.0,0.0,0.0,0.0,,,Q2
rare,7756178R005PK,7.0,0.5259853714411049,6.474014628558895,-6.474014628558895,-92.48592326512707,92.48592326512707,Q4
rare,7877361M00000,2.0,2.212466061441293,2.212466061441293,0.21246606144129299,10.62330307206465,110.62330307206464,Q3
rare,81850M67P00000,1.0,1.636500120162964,2.636500120162964,0.6365001201629641,63.65001201629641,263.6500120162964,Q3
rare,81860M67P00000,1.0,0.0,1.0,-1.0,-100.0,100.0,Q3
rare,82150M820005ES,3.0,0.5207566410957908,2.4792433589042093,-2.4792433589042093,-82.64144529680698,82.64144529680698,Q4
rare,8220061870000,0.0,0.0,0.0,0.0,,,Q2
rare,8285081A125PK,1.0,5.594310283660889,6.594310283660889,4.594310283660889,459.43102836608887,659.4310283660889,Q3
rare,8296060G00T01,0.0,0.0,0.0,0.0,,,Q2
rare,83740M62S005PK,0.0,0.625268599089095,0.625268599089095,0.625268599089095,,,Q2
rare,8381065A00000,0.0,5.594310283660889,5.594310283660889,5.594310283660889,,,Q2
rare,8382065A00000,0.0,5.594310283660889,5.594310283660889,5.594310283660889,,,Q2
rare,84641M77G00000,1.0,1.1663157254890817,2.1663157254890817,0.1663157254890817,16.631572548908167,216.63157254890817,Q3
rare,84701M67P30000,2.0,1.860831499099732,3.860831499099732,-0.1391685009002681,-6.9584250450134055,193.0415749549866,Q3
rare,8470277A005PK,1.0,0.8580416226736977,1.8580416226736975,-0.14195837732630234,-14.195837732630235,185.80416226736975,Q3
rare,8470281A215PK,5.0,1.057241693111764,3.942758306888236,-3.942758306888236,-78.85516613776471,78.85516613776471,Q4
recurring,083313124A000,1.0,5.519535335590508,4.681916813975551,4.519535335590508,451.95353355905075,468.1916813975551,Q1
recurring,0915918022000,22.0,10.790708262299864,14.556649733386816,-11.209291737700136,-50.95132608045517,66.1665896972128,Q4
recurring,0928017002000,61.0,29.735289599755347,41.51574108797682,-31.264710400244653,-51.25362360695845,68.05859194750299,Q4
recurring,0928022020000,12.0,4.243072689241373,9.272491533491515,-7.756927310758627,-64.64106092298856,77.27076277909596,Q3
recurring,0928056004000,30.0,16.30240512815158,25.024305883651763,-13.69759487184842,-45.65864957282806,83.41435294550588,Q4
recurring,0928326016000,31.0,13.451598897348926,22.50473150469618,-17.548401102651074,-56.607745492422815,72.59590807966511,Q4
recurring,0928340021000,93.0,20.738873268865888,72.26112673113411,-72.26112673113411,-77.70013627003668,77.70013627003668,Q4
recurring,0928340027000,49.0,16.68564847864993,37.31071399544987,-32.31435152135007,-65.94765616602055,76.14431427642832,Q4
recurring,0928345012000,34.0,12.17298348956605,24.09063612501174,-21.82701651043395,-64.19710738362926,70.85481213238748,Q4
recurring,0928906003000,580.0,69.817635053569,510.182364946431,-510.182364946431,-87.9624767149019,87.9624767149019,Q4
recurring,0932010024000,44.0,14.710103282829257,39.07673375671375,-29.28989671717074,-66.56794708447896,88.8107585379858,Q4
recurring,0938019004000,3.0,4.546395020785379,4.443122825313086,1.5463950207853792,51.546500692845974,148.10409417710287,Q1
recurring,0940307333000,5.0,8.383138592506224,5.592143163207425,3.3831385925062243,67.66277185012449,111.84286326414852,Q1
recurring,09403M07311000,28.0,9.87579107424347,22.481487691529733,-18.12420892575653,-64.72931759198761,80.29102746974904,Q4
recurring,09409063145PK,71.0,12.325929831760815,79.59368945418754,-58.67407016823918,-82.63953544822421,112.10378796364442,Q4
recurring,0940907332000,14.0,63.91130862862414,49.91130862862414,49.91130862862414,356.50934734731527,356.50934734731527,Q3
recurring,0940908327000,81.0,49.73780433944231,49.841165344783214,-31.262195660557687,-38.595303284639115,61.53230289479409,Q4
recurring,09409M07L025PK,1.0,58.217515575766356,57.217515575766356,57.217515575766356,5721.751557576636,5721.751557576636,Q1
recurring,09409M15L01000,176.0,60.92559431384893,136.11566319303958,-115.07440568615107,-65.38318504894947,77.33844499604521,Q4
recurring,0947112236000,0.0,16.607144245149808,16.607144245149808,16.607144245149808,,,Q1
recurring,09471M12182000,6.0,17.96872473022986,16.31040731782963,11.968724730229859,199.47874550383096,271.84012196382713,Q1
recurring,1161054G30000,5.0,2.1737262523729943,6.310654123103356,-2.8262737476270057,-56.525474952540115,126.21308246206713,Q1
recurring,11610M65L00000,8.0,12.93344072905514,8.253133571747785,4.933440729055141,61.66800911318926,103.16416964684731,Q2
recurring,11610M67P10000,13.0,12.38954455571494,9.1491972602051,-0.6104554442850603,-4.695811109885079,70.37844046311615,Q3
recurring,11610M76M00000,13.0,8.990250411852188,5.697146779985839,-4.0097495881478125,-30.844227601137018,43.82420599989106,Q3
recurring,11610M79F30000,3.0,0.9195406074467061,3.1403835970210525,-2.080459392553294,-69.34864641844314,104.67945323403508,Q1
recurring,11610M79G50000,3.0,10.866115027682918,8.22805660104279,7.866115027682918,262.20383425609725,274.26855336809297,Q1
recurring,11620M65L10000,5.0,0.5437966806006902,4.790823836798522,-4.45620331939931,-89.1240663879862,95.81647673597044,Q1
recurring,11620M68K00000,11.0,7.341727314514487,8.980838878975218,-3.658272685485513,-33.25702441350466,81.64398980886561,Q3
recurring,11620M76M00000,13.0,1.9468897945162351,11.962564720075296,-11.053110205483765,-85.02392465756742,92.01972861596381,Q3
recurring,11620M79F40000,4.0,11.160876819412128,7.5636971792624,7.1608768194121275,179.02192048530318,189.09242948156,Q1
recurring,11710M65L00000,5.0,12.71857995524977,9.155956794161488,7.718579955249769,154.37159910499537,183.11913588322977,Q1
recurring,11710M68K00000,39.0,6.286119687885528,32.71388031211447,-32.71388031211447,-83.8817443900371,83.8817443900371,Q4
recurring,11710M76M00000,19.0,10.616987266723115,10.048572091423564,-8.383012733276885,-44.12111964882571,52.88722153380823,Q4
recurring,11710M79F70000,6.0,2.1041665194987447,5.934578694348113,-3.8958334805012553,-64.93055800835425,98.90964490580188,Q1
recurring,11710M79F80000,4.0,7.8821073708805915,4.923663991774422,3.8821073708805915,97.05268427201479,123.09159979436055,Q1
recurring,1428180JA0000,20.0,12.64335156274938,11.62964539037977,-7.35664843725062,-36.7832421862531,58.14822695189885,Q4
recurring,15910M79GB1000,10.0,12.515621897950576,10.30008033745501,2.5156218979505756,25.156218979505756,103.00080337455009,Q2
recurring,15910M79GC0000,30.0,4.777377214582753,26.771257148680867,-25.222622785417247,-84.07540928472416,89.23752382893622,Q4
recurring,1711279P01000,4.0,4.2536663743204555,2.413823524285958,0.25366637432045547,6.341659358011387,60.34558810714895,Q1
recurring,1770054P30000,11.0,4.782544355246182,6.217455644753817,-6.217455644753818,-56.52232404321653,56.522324043216514,Q3
recurring,1770079P21000,6.0,5.5807830467192945,3.885673105782604,-0.4192169532807055,-6.9869492213450926,64.76121842971007,Q1
recurring,1770081P00000,9.0,5.840615311443843,3.4408748225848993,-3.159384688556157,-35.10427431729064,38.23194247316555,Q2
recurring,17700M60M00000,4.0,9.936204377293805,5.936204377293806,5.936204377293805,148.4051094323451,148.40510943234514,Q1
recurring,17700M67L00000,9.0,11.822014934490852,8.787475996803831,2.822014934490852,31.355721494342802,97.63862218670924,Q2
recurring,17700M67P00000,16.0,12.593274336938828,8.249805621850523,-3.406725663061172,-21.292035394132323,51.56128513656577,Q3
recurring,17700M79F02000,4.0,4.577105171833787,3.8114647874352414,0.5771051718337867,14.427629295844667,95.28661968588104,Q1
recurring,1776071L00000,4.0,2.354220182789072,3.6947868295476627,-1.645779817210928,-41.144495430273196,92.36967073869157,Q1
recurring,17760M67P00000,10.0,8.552175588609948,4.963749518065797,-1.4478244113900516,-14.478244113900516,49.63749518065798,Q2
recurring,1781254G00000,23.0,9.509949594792113,13.490050405207887,-13.490050405207887,-58.65239306612125,58.65239306612125,Q4
recurring,17861M68P00000,14.0,12.814981708866004,10.405933725888229,-1.1850182911339964,-8.464416365242831,74.32809804205877,Q3
recurring,17878M74L00000,13.0,8.745258522428747,10.167280170537973,-4.254741477571253,-32.728780596701945,78.20984746567672,Q3
recurring,17920M76M00000,42.0,12.630261338356465,29.369738661643535,-29.369738661643535,-69.92794919438936,69.92794919438936,Q4
recurring,1793161M10000,6.0,2.402898709212695,5.046060736930716,-3.597101290787305,-59.95168817978841,84.1010122821786,Q1
recurring,1793163J01000,16.0,5.360660488752085,14.074771088088445,-10.639339511247915,-66.49587194529947,87.96731930055279,Q3
recurring,1793165D00000,2.0,1.8989294880647167,2.6263880736420666,-0.10107051193528327,-5.053525596764164,131.31940368210334,Q1
recurring,17931M71P00000,9.0,15.462225867880495,6.998205770103873,6.462225867880495,71.80250964311661,77.75784189004304,Q2
recurring,1793276G00000,7.0,6.269244575293259,7.0285442363177,-0.7307554247067412,-10.439363210096303,100.40777480453858,Q2
recurring,27431M79F00000,16.0,12.656632615888146,9.977044551655204,-3.343367384111854,-20.89604615069909,62.35652844784503,Q3
recurring,2811380J015PK,12.0,11.491299771067325,7.523850340734997,-0.5087002289326747,-4.239168574438956,62.69875283945831,Q3
recurring,2818084A20000,2.0,4.2399560655909045,3.398334916209449,2.2399560655909045,111.99780327954522,169.91674581047243,Q1
recurring,33690M60M00000,12.0,10.827243476303428,8.183962229992876,-1.172756523696572,-9.772971030804767,68.19968524994063,Q3
recurring,3512052R21000,3.0,8.529334135534633,6.497765291173116,5.529334135534633,184.31113785115443,216.5921763724372,Q1
recurring,3512052S10000,76.0,15.169961701138256,60.830038298861744,-60.830038298861744,-80.03952407744967,80.03952407744967,Q4
recurring,3512062R60000,5.0,4.624547425056742,4.888289067932782,-0.37545257494325757,-7.50905149886515,97.76578135865564,Q1
recurring,3512065J12000,3.0,2.4242885078915934,3.669073932474764,-0.5757114921084066,-19.19038307028022,122.30246441582547,Q1
recurring,3512080G21000,6.0,5.102250041138392,2.616046366606347,-0.897749958861608,-14.962499314360135,43.60077277677245,Q1
recurring,35121M66L10000,8.0,9.800334289701478,5.388816023502708,1.8003342897014782,22.50417862126848,67.36020029378385,Q2
recurring,3515365J00000,20.0,11.714181209566227,12.06795753306277,-8.285818790433773,-41.42909395216886,60.33978766531385,Q4
recurring,35153M59K20000,19.0,17.857933182737572,13.799560183417814,-1.1420668172624282,-6.010877985591727,72.62926412325164,Q4
recurring,35153M75L00000,16.0,17.035585713505597,15.82692976087226,1.035585713505597,6.472410709409981,98.91831100545161,Q3
recurring,3532052R20000,3.0,5.629795971422714,6.60776157830629,2.6297959714227144,87.65986571409047,220.25871927687635,Q1
recurring,3532077R10000,14.0,8.40681561490719,6.470918240409265,-5.59318438509281,-39.95131703637721,46.220844574351894,Q3
recurring,35321M60M10000,17.0,11.251151387583862,10.878825849315302,-5.748848612416138,-33.81675654362434,63.99309323126648,Q4
recurring,35321M66L10000,9.0,5.658647641229585,3.385933467102064,-3.341352358770415,-37.12613731967128,37.621482967800716,Q2
recurring,3550065P02000,6.0,11.87056695581724,8.334127415429005,5.870566955817241,97.84278259695401,138.90212359048343,Q1
recurring,3552686R20000,22.0,10.233406714797868,11.76659328520213,-11.766593285202132,-53.484514932736964,53.48451493273695,Q4
recurring,35603M79G30000,5.0,4.828852576477829,1.81550890563257,-0.1711474235221706,-3.422948470443412,36.3101781126514,Q1
recurring,3560461J10000,14.0,3.9202448862389785,13.960666090348894,-10.07975511376102,-71.99825081257872,99.71904350249211,Q3
recurring,35650M60M00000,5.0,6.127334692956401,5.406933463187848,1.127334692956401,22.54669385912802,108.13866926375695,Q1
recurring,35651M79G40000,4.0,1.7295990620623047,4.295114580551105,-2.270400937937695,-56.760023448442375,107.37786451377762,Q1
recurring,35651M79M00000,3.0,9.705753159501947,7.486168316958953,6.705753159501947,223.52510531673158,249.53894389863174,Q1
recurring,35671M79G30000,12.0,7.189679247806943,8.001618974520538,-4.810320752193057,-40.086006268275476,66.68015812100448,Q3
recurring,35671M79G40000,3.0,7.810165514847346,6.208634533828101,4.810165514847346,160.33885049491153,206.9544844609367,Q1
recurring,3570186R00000,21.0,9.353459708943108,12.67528073431341,-11.646540291056892,-55.459715671699485,60.35847968720672,Q4
recurring,3570273R10000,6.0,7.650634834969938,3.164405845400001,1.6506348349699378,27.510580582832294,52.740097423333346,Q2
recurring,35750M68P00000,5.0,1.8823869659576493,5.064182988653335,-3.1176130340423507,-62.35226068084702,101.2836597730667,Q1
recurring,3591075F31000,14.0,12.089948786880583,9.807643227189992,-1.9100512131194165,-13.643222950852975,70.05459447992851,Q3
recurring,35910M74L01000,22.0,9.609383292884605,12.390616707115395,-12.390616707115395,-56.32098503234271,56.32098503234271,Q4
recurring,36230M70CA1000,2.0,5.0398715781367205,3.561098690363855,3.0398715781367205,151.99357890683604,178.05493451819274,Q1
recurring,3627479P01000,12.0,8.397168343701615,7.003902662687828,-3.6028316562983846,-30.02359713581987,58.36585552239857,Q3
recurring,3641054G01000,9.0,12.299819093999401,9.593971256973191,3.2998190939994014,36.66465659999335,106.59968063303546,Q2
recurring,3641063J02000,4.0,11.494496916893038,7.494496916893038,7.494496916893038,187.36242292232595,187.36242292232595,Q1
recurring,36410M67K10000,31.0,11.60933365534002,19.39066634465998,-19.39066634465998,-62.55053659567736,62.55053659567736,Q4
recurring,3658054P00000,9.0,2.8657204352822587,9.140994344607519,-6.134279564717741,-68.15866183019712,101.56660382897242,Q2
recurring,3658354P01000,19.0,13.216592298616153,8.130362628784987,-5.783407701383847,-30.43898790202025,42.791382256763086,Q4
recurring,37019M79MK0000,5.0,6.2637592471630175,7.089048200936329,1.2637592471630175,25.27518494326035,141.7809640187266,Q1
recurring,37145M55B21000,14.0,13.717933346379827,8.281731460819277,-0.28206665362017347,-2.0147618115726678,59.155224720137696,Q3
recurring,37145M56R20000,3.0,3.91873175137502,5.587869697295399,0.9187317513750202,30.62439171250067,186.26232324317996,Q1
recurring,37145M66L00000,10.0,7.207302014229583,5.683992800504168,-2.792697985770417,-27.92697985770417,56.83992800504168,Q2
recurring,37736M58R00000,10.0,11.195194318406623,3.6935012678723744,1.1951943184066227,11.951943184066227,36.935012678723744,Q2
recurring,37736M79M00000,3.0,2.2955153388031073,4.180150510972014,-0.7044846611968927,-23.482822039896423,139.33835036573382,Q1
recurring,3773773R00Z2S,7.0,8.846067720686342,3.844847765347875,1.8460677206863423,26.37239600980489,54.926396647826785,Q2
recurring,38315M68K00000,8.0,4.467528765990586,5.224108698365457,-3.5324712340094138,-44.155890425117676,65.30135872956822,Q2
recurring,38340M51K42000,35.0,13.780798054210193,21.42825529633972,-21.219201945789806,-60.626291273685155,61.22358656097063,Q4
recurring,3845062R00000,9.0,4.41346276427892,7.6443730154901655,-4.58653723572108,-50.96152484134533,84.93747794989072,Q2
recurring,3845065J10000,7.0,1.9806927157147545,6.497729236297565,-5.0193072842852455,-71.70438977550351,92.8247033756795,Q2
recurring,3845071L10000,15.0,11.157522049634858,8.646494894858623,-3.842477950365142,-25.616519669100946,57.64329929905749,Q3
recurring,38450M79M00000,16.0,9.220299732137388,12.00574417412281,-6.779700267862612,-42.373126674141325,75.03590108826756,Q4
recurring,38452M65L00000,17.0,14.08516843429975,6.506594087838792,-2.9148315657002506,-17.146068033530888,38.27408286963995,Q4
recurring,38821M67P00000,16.0,8.514604423945599,9.402056329494688,-7.485395576054401,-46.78372235034001,58.762852059341796,Q4
recurring,3925061J00000,7.0,8.556578159056132,3.7045795785483837,1.5565781590561318,22.236830843659025,52.92256540783405,Q2
recurring,39321M56R00000,3.0,5.9057553110403145,3.1655762297633863,2.9057553110403145,96.85851036801047,105.51920765877954,Q1
recurring,39321M67P00000,7.0,8.099362614929145,4.2163954175708795,1.099362614929145,15.705180213273502,60.234220251012566,Q2
recurring,39322M67P00000,7.0,8.003984535971004,4.172165511611405,1.0039845359710036,14.342636228157193,59.602364451591505,Q2
recurring,39322M67P10000,8.0,8.267413302739643,8.792922187433268,0.2674133027396426,3.3426662842455324,109.91152734291585,Q2
recurring,4171080J00000,21.0,8.206970664627525,12.793029335372474,-12.793029335372475,-60.919187311297506,60.91918731129749,Q4
recurring,41710M68K00000,16.0,19.52596562160012,11.878562611673381,3.5259656216001183,22.03728513500074,74.24101632295863,Q4
recurring,41710M82000000,22.0,10.62404178361345,15.344214218030714,-11.37595821638655,-51.70890098357523,69.74642826377598,Q4
recurring,43110M75J80000-OP,2.0,1.7767814189733433,2.0476204344994366,-0.2232185810266567,-11.160929051332836,102.38102172497183,Q1
recurring,4321052R5027N,8.0,7.1824460128762695,6.337241122270052,-0.8175539871237305,-10.219424839046631,79.21551402837565,Q2
recurring,4321052S0039M,51.0,15.00792316576468,43.33890588437952,-35.99207683423532,-70.57269967497122,84.97824683211671,Q4
recurring,4321053R100CE,20.0,11.365542678912462,8.916500495301303,-8.634457321087538,-43.17228660543769,44.58250247650652,Q4
recurring,4321061J01ZBP,5.0,5.216960316182383,3.3907170273636016,0.21696031618238276,4.339206323647655,67.81434054727204,Q1
recurring,4321064J01ZBP,4.0,2.5527020813106143,5.033697288456779,-1.4472979186893857,-36.182447967234644,125.84243221141949,Q1
recurring,4321068LA0ZA8,20.0,12.427442497232853,9.50554088219763,-7.572557502767147,-37.862787513835734,47.52770441098815,Q4
recurring,43210M55R6027N,17.0,21.678685222229753,12.544561445713043,4.678685222229753,27.521677777822074,73.79153791595908,Q4
recurring,43210M55RH1QC8,26.0,9.228855158360686,17.99930891097083,-16.771144841639313,-64.50440323707427,69.22811119604165,Q4
recurring,43210M68K1109L,17.0,12.352223247745423,7.307611600317527,-4.647776752254577,-27.339863248556334,42.985950590103094,Q4
recurring,43210M76M5127N,4.0,7.7055082867970395,3.7055082867970395,3.7055082867970395,92.63770716992599,92.63770716992599,Q1
recurring,43210M79G5339M,37.0,13.610129661588378,25.50941603107392,-23.389870338411622,-63.215865779490876,68.94436765155113,Q4
recurring,43210M83P0027N,5.0,4.94634482285863,3.2977121449065354,-0.053655177141370025,-1.0731035428274005,65.95424289813072,Q1
recurring,43250M68K1027N,1.0,7.558910234593508,6.558910234593508,6.558910234593508,655.8910234593508,655.8910234593508,Q1
recurring,43250M68K2027N,13.0,9.788551224764868,8.947055828514927,-3.211448775235132,-24.703452117193322,68.82350637319175,Q3
recurring,43250M74L0027N,19.0,15.85353751944575,7.392488589199688,-3.1464624805542503,-16.56032884502237,38.90783467999836,Q4
recurring,43250M74L1027N,9.0,4.5922742628722775,4.4077257371277225,-4.4077257371277225,-48.97473041253025,48.97473041253025,Q2
recurring,43250M79G6027N,14.0,8.4609748836929,11.045745572612823,-5.5390251163071,-39.564465116479276,78.89818266152017,Q3
recurring,43250M79M0027N,8.0,11.248203842907104,11.481262073786514,3.2482038429071043,40.6025480363388,143.51577592233141,Q2
recurring,43402M74L21000,11.0,8.132464284411629,7.202887600286056,-2.867535715588371,-26.06850650534883,65.48079636623687,Q3
recurring,4342386G01000,26.0,14.405093456372567,19.63492928864697,-11.594906543627433,-44.59579439856705,75.51895880248834,Q4
recurring,48150M69R00C48,17.0,12.902918577981247,6.156410241159367,-4.0970814220187535,-24.100478953051493,36.214177889172745,Q4
recurring,5730073R02000,18.0,13.081022471533318,12.175815349270527,-4.918977528466682,-27.32765293592601,67.64341860705848,Q4
recurring,5730079P02000,16.0,10.639596791757281,10.387227710780007,-5.360403208242719,-33.502520051516996,64.92017319237505,Q4
recurring,57300M66L00000,14.0,11.432912739920722,6.435230658428458,-2.567087260079278,-18.336337571994843,45.96593327448898,Q3
recurring,57300M68K10000,8.0,8.13133969368602,4.711157757070218,0.1313396936860194,1.6417461710752423,58.88947196337773,Q2
recurring,5741079P00000,12.0,5.100461782025901,8.51286060534747,-6.899538217974099,-57.496151816450826,70.94050504456224,Q3
recurring,57410M67P00000,15.0,10.120868308678757,4.879131691321244,-4.879131691321243,-32.52754460880829,32.52754460880829,Q3
recurring,5742071L01000,7.0,7.919155203375938,5.750711417052416,0.9191552033759383,13.13078861965626,82.15302024360594,Q2
recurring,57611M68K10000,22.0,9.104051879696328,17.11277419433387,-12.895948120303672,-58.617946001380325,77.78533724697213,Q4
recurring,57711M66L00000,8.0,8.759177898180843,4.29336601275214,0.7591778981808428,9.489723727260536,53.66707515940175,Q2
recurring,5811077K00000,5.0,4.714750345811837,4.9895206621170605,-0.2852496541881626,-5.704993083763252,99.7904132423412,Q1
recurring,58110M74L00000,12.0,10.242576802416021,7.719127755142598,-1.7574231975839787,-14.64519331319982,64.32606462618831,Q3
recurring,5812165J00000,3.0,5.358892756338449,4.9216370716523175,2.3588927563384487,78.62975854461496,164.05456905507725,Q1
recurring,5823054P00000,1.0,4.263947213179195,3.8927350926312188,3.263947213179195,326.3947213179195,389.27350926312187,Q1
recurring,5823065J00000,12.0,10.678165931936812,7.4274753300393765,-1.321834068063188,-11.015283900526567,61.89562775032814,Q3
recurring,58240M53M00000,11.0,8.302973683448883,7.198839835123816,-2.697026316551117,-24.51842105955561,65.4439985011256,Q3
recurring,58240M67P00000,19.0,10.275860133205278,9.974660540586425,-8.724139866794722,-45.916525614709066,52.4982133715075,Q4
recurring,58251M53M00000,10.0,8.227555658273927,6.096961558339652,-1.7724443417260733,-17.724443417260733,60.969615583396525,Q2
recurring,5827080J20000,8.0,4.505852078680177,6.425338083253278,-3.494147921319823,-43.67684901649779,80.31672604066597,Q2
recurring,65500M75L00000,3.0,2.3560067169700027,2.946136119752757,-0.6439932830299973,-21.466442767666575,98.2045373250919,Q1
recurring,6570079P11000,6.0,9.138137654107028,6.721442323796749,3.1381376541070285,52.30229423511714,112.02403872994581,Q2
recurring,65700M72P00000,14.0,9.157002099635829,5.730405525786423,-4.842997900364171,-34.59284214545836,40.93146804133159,Q3
recurring,6800153R00000,23.0,12.10552042125538,13.071542459539433,-10.89447957874462,-47.36730251628096,56.83279330234536,Q4
recurring,6800164J01000,7.0,9.923538102940396,4.98212833443542,2.9235381029403964,41.76483004200566,71.17326192050601,Q2
recurring,68001M53M50000,5.0,2.1509339606419866,5.215216286025187,-2.8490660393580134,-56.98132078716027,104.30432572050374,Q1
recurring,6800261M01000,13.0,10.126260478666236,7.5410681196379805,-2.873739521333764,-22.10568862564434,58.00821630490754,Q3
recurring,6800271L00000,11.0,6.879175850093173,6.834112033247948,-4.120824149906827,-37.4620377264257,62.12829121134498,Q3
recurring,68002M53M00000,9.0,8.032387445682845,6.888110808586571,-0.9676125543171548,-10.751250603523943,76.53456453985079,Q2
recurring,68002M74L31000,16.0,10.083333158740484,10.636694825036232,-5.9166668412595165,-36.97916775787198,66.47934265647645,Q4
recurring,68003M74L31000,11.0,7.859708848793823,4.92446293350235,-3.140291151206177,-28.548101374601607,44.76784485002136,Q3
recurring,69100M66L21000,18.0,5.632278393808053,12.367721606191946,-12.367721606191946,-68.70956447884414,68.70956447884414,Q4
recurring,6932068LA0000,8.0,7.422363069936071,2.6199677573756914,-0.577636930063929,-7.220461625799112,32.74959696719614,Q2
recurring,7171152S005PK,48.0,14.335513509514566,33.66448649048544,-33.66448649048543,-70.13434685517798,70.134346855178,Q4
recurring,7171154L30799,8.0,7.359364309544002,7.024596954916868,-0.6406356904559978,-8.007946130699972,87.80746193646085,Q2
recurring,7171161J00799,8.0,13.901328524734435,7.367665719104229,5.901328524734435,73.76660655918043,92.09582148880287,Q2
recurring,7171171L00799,8.0,12.79294031894089,6.76655634250776,4.7929403189408895,59.91175398676112,84.58195428134701,Q2
recurring,7171177KD0799,10.0,3.7830170030284993,9.909792280201629,-6.216982996971501,-62.16982996971501,99.09792280201629,Q2
recurring,71711M53M005PK,2.0,12.746957242933126,10.746957242933126,10.746957242933126,537.3478621466563,537.3478621466563,Q1
recurring,71711M53M00799,6.0,14.470852835677068,12.192271039353535,8.470852835677068,141.1808805946178,203.20451732255893,Q2
recurring,71711M76M00799,3.0,5.017559844817457,4.805955028497932,2.017559844817457,67.25199482724857,160.19850094993106,Q1
recurring,71711M79G105PK,10.0,11.735277424152569,6.11485665980236,1.735277424152569,17.35277424152569,61.148566598023606,Q2
recurring,71712M60MA05PK,10.0,9.24264358133134,4.689086549216175,-0.7573564186686603,-7.573564186686603,46.89086549216175,Q2
recurring,71731M60M00000,18.0,11.468869976241962,8.245624020719358,-6.531130023758038,-36.28405568754466,45.809022337329765,Q4
recurring,7173277M10000,13.0,10.667186603706252,5.218430647860159,-2.332813396293748,-17.94471843302883,40.14177421430892,Q3
recurring,7173368L00000,11.0,2.158804936615377,9.983869978278568,-8.841195063384623,-80.37450057622385,90.76245434798699,Q3
recurring,71734M58R00000,5.0,4.794854178927315,3.3918583387365357,-0.2051458210726853,-4.102916421453706,67.83716677473072,Q1
recurring,7174173K005PK,10.0,11.606122120654863,6.061971593913744,1.606122120654863,16.06122120654863,60.619715939137436,Q2
recurring,71741M66L005PK,11.0,13.236370973163478,9.266957550575349,2.2363709731634778,20.33064521057707,84.24506864159407,Q3
recurring,71741M79G10000,6.0,5.301707668683678,4.008198665762357,-0.6982923313163223,-11.638205521938707,66.8033110960393,Q2
recurring,7174265J010PG,7.0,4.798329829372709,5.5089779171605535,-2.201670170627291,-31.452431008961298,78.69968453086506,Q2
recurring,7175173K105PK,20.0,13.938605742469242,10.911721311187414,-6.061394257530758,-30.306971287653788,54.55860655593707,Q4
recurring,71751M50S005PK,10.0,3.3808992626698062,9.608865226824818,-6.619100737330194,-66.19100737330194,96.08865226824818,Q3
recurring,71751M68K005PK,10.0,8.271447655613024,7.742672164327086,-1.7285523443869764,-17.285523443869764,77.42672164327085,Q3
recurring,71751M76MB0ZNZ,17.0,12.568831719704786,14.738033211466124,-4.431168280295214,-26.065695766442435,86.69431300862426,Q4
recurring,71751M79G10000,16.0,10.82456979885063,11.796470757159526,-5.17543020114937,-32.34643875718356,73.72794223224703,Q4
recurring,7176060P205PK,17.0,6.811130379276321,12.710948984225201,-10.188869620723679,-59.93452718072752,74.77028814250119,Q4
recurring,7176160MB05PK,16.0,3.4885459184532728,13.178809565698971,-12.511454081546727,-78.19658800966704,82.36755978561857,Q4
recurring,7176171L105PK,9.0,5.185529744060987,3.8144702559390136,-3.814470255939013,-42.38300284376681,42.38300284376682,Q2
recurring,7176173K105PK,11.0,8.382351668973595,8.253835130086383,-2.6176483310264054,-23.796803009330958,75.03486481896711,Q3
recurring,71761M68K005PK,8.0,7.9871070622568645,5.68461180961019,-0.01289293774313549,-0.16116172178919363,71.05764762012737,Q2
recurring,71761M75L005PK,4.0,1.9880517086261662,3.8860276248559606,-2.011948291373834,-50.298707284345845,97.15069062139902,Q1
recurring,71761M75L105PK,11.0,5.83069128154137,7.10992858225902,-5.16930871845863,-46.99371562235119,64.6357143841729,Q3
recurring,71761M76MB0ZNZ,2.0,4.757357519054552,3.540292968232498,2.757357519054552,137.86787595272762,177.0146484116249,Q1
recurring,7177161M005PK,5.0,7.125823128821965,3.502603799724879,2.125823128821965,42.5164625764393,70.05207599449759,Q1
recurring,71781M66L00000,17.0,11.246565512996481,9.96331145574874,-5.753434487003519,-33.84373227649129,58.607714445580825,Q4
recurring,7179086R10C48,23.0,10.511555143318281,14.18345219785025,-12.488444856681719,-54.29758633339878,61.66718346891414,Q4
recurring,7181177MJ0799,2.0,4.634233535996145,3.5491636099845953,2.6342335359961453,131.71167679980726,177.45818049922977,Q1
recurring,7181180J20799,8.0,11.47394943059045,3.7329878855287175,3.4739494305904497,43.42436788238062,46.66234856910897,Q2
recurring,71811M79G005PK,13.0,12.272630259508077,3.1580957566572962,-0.7273697404919233,-5.595151849937872,24.293044281979203,Q3
recurring,71812M66L00000,10.0,7.963420862423324,8.158208029917386,-2.036579137576676,-20.365791375766758,81.58208029917385,Q3
recurring,71813M66L00000,13.0,9.410816958949072,9.76120612294486,-3.5891830410509282,-27.60910031577637,75.08620094572969,Q3
recurring,7182163J00000,15.0,9.559993766424661,10.997303120192749,-5.440006233575339,-36.26670822383559,73.31535413461832,Q3
recurring,71821M60M00000,11.0,2.3884220855327047,9.26245552934517,-8.611577914467295,-78.28707194970269,84.20414117586517,Q3
recurring,7182263J00000,15.0,6.105566216950948,12.932615250257538,-8.894433783049053,-59.296225220327024,86.21743500171692,Q3
recurring,7185160G00000,17.0,12.231541221490755,8.963142216947046,-4.768458778509245,-28.04975752064262,52.72436598204145,Q4
recurring,7185261J01000,10.0,9.711405457085663,4.368068293223713,-0.2885945429143373,-2.885945429143373,43.68068293223713,Q3
recurring,7187161M005PK,7.0,4.4117324722074045,4.108389741944543,-2.5882675277925955,-36.97525039703708,58.69128202777919,Q2
recurring,7211062R00ES5,6.0,4.033768994174752,3.3226279840886517,-1.9662310058252483,-32.77051676375414,55.3771330681442,Q2
recurring,7211157M005PK,4.0,6.1648283897396094,4.193317512684513,2.1648283897396094,54.12070974349024,104.83293781711282,Q1
recurring,72111M8450009E,5.0,5.818959342832305,6.919248450932024,0.8189593428323052,16.379186856646104,138.38496901864048,Q1
recurring,7211281A005PK,12.0,3.867835401998774,11.995246054135334,-8.132164598001225,-67.76803831667688,99.96038378446111,Q3
recurring,72221M56R005PK,12.0,9.872779133119264,6.552999744086833,-2.1272208668807355,-17.72684055733946,54.608331200723605,Q3
recurring,72311M68P01000,24.0,10.5616506090568,16.473933606146108,-13.4383493909432,-55.99312246226333,68.64139002560879,Q4
recurring,72321M79G00000,1.0,1.4457247858871878,1.8356566506421765,0.4457247858871878,44.57247858871878,183.56566506421765,Q1
recurring,7232353R00000,8.0,9.120071773674077,8.152019515633583,1.120071773674077,14.000897170925963,101.90024394541979,Q2
recurring,72330M74L005PK,1.0,4.998636942588747,4.389677128686781,3.998636942588747,399.8636942588747,438.9677128686781,Q1
recurring,72333M76M005PK,6.0,5.555370386781996,5.991137437543265,-0.4446296132180043,-7.410493553633406,99.85229062572108,Q2
recurring,72372M74L105PK,17.0,11.427131690101847,10.580366925595484,-5.572868309898153,-32.78157829351854,62.23745250350286,Q4
recurring,7239071L00000,6.0,3.6390270447065745,5.899563253173744,-2.3609729552934255,-39.34954925489043,98.32605421956241,Q2
recurring,7243179M00000,13.0,8.58886038826365,5.71636519524405,-4.411139611736351,-33.9318431672027,43.97203996341577,Q3
recurring,7246073R00000,11.0,6.171254744499459,4.9362374122896435,-4.828745255500541,-43.89768414091401,44.87488556626949,Q3
recurring,7246079P00000,12.0,7.790212506804853,7.793825142184858,-4.209787493195147,-35.081562443292896,64.94854285154048,Q3
recurring,72460M60M00000,6.0,7.8330433516821385,4.677575258620955,1.8330433516821385,30.55072252803564,77.95958764368258,Q2
recurring,72520M68P02000,19.0,10.16900165107028,12.1072981989946,-8.83099834892972,-46.47893867857747,63.72262209997159,Q4
recurring,72821M76MA0000,17.0,6.379422024619164,12.739257876299506,-10.620577975380836,-62.47398809047551,74.93681103705592,Q4
recurring,73111M62S515PK,10.0,6.118109441915429,4.3983064940120755,-3.881890558084571,-38.81890558084571,43.983064940120755,Q3
recurring,73310M68P61C8J,6.0,10.507602095788968,5.114274603316472,4.507602095788968,75.1267015964828,85.23791005527454,Q2
recurring,73310M68P61GJL,8.0,13.095854678087086,7.124857930142585,5.095854678087086,63.69818347608857,89.0607241267823,Q2
recurring,73410M74L105PK,1.0,3.1511349142035483,2.964640277230337,2.1511349142035483,215.11349142035482,296.4640277230337,Q1
recurring,73412M53M10U3J,15.0,4.1697931909553,12.347578711706614,-10.8302068090447,-72.20137872696468,82.31719141137744,Q3
recurring,7343061J00R8H,7.0,8.157067265433511,3.712176754130536,1.1570672654335112,16.529532363335875,53.031096487579084,Q2
recurring,73610M68P00C48,14.0,11.040084135108204,9.614570945538784,-2.959915864891796,-21.142256177798544,68.67550675384845,Q3
recurring,73630M76M01GJL,6.0,6.130308968004023,4.419701230380985,0.13030896800402303,2.171816133400384,73.66168717301642,Q2
recurring,73841M68P60C8J,6.0,10.730639208901653,5.163775378669661,4.730639208901653,78.84398681502755,86.06292297782768,Q2
recurring,73841M68P60GJL,8.0,11.50468941343165,5.990900578360819,3.5046894134316506,43.80861766789563,74.88625722951024,Q2
recurring,73910M68P01000,8.0,11.571887262461933,6.0959201484774255,3.5718872624619333,44.648590780774164,76.19900185596782,Q2
recurring,74120M74LA0000,13.0,6.117638329977365,11.061270230807613,-6.882361670022635,-52.94124361555873,85.08669408313548,Q3
recurring,74120M79G00000,2.0,9.459288011944395,7.459288011944394,7.459288011944395,372.96440059721976,372.9644005972197,Q1
recurring,74461M74L00V6N,17.0,14.557181079249556,12.11420062655691,-2.442818920750444,-14.369523063237905,71.26000368562889,Q4
recurring,74461M76M00000,28.0,15.494770255308389,17.994564134024618,-12.505229744691611,-44.661534802470044,64.26630047865935,Q4
recurring,75430M76M00000,10.0,8.52078762264356,5.77550566906391,-1.4792123773564398,-14.792123773564398,57.755056690639094,Q3
recurring,75463M75J00000,2.0,4.661141775121849,3.665393392103751,2.661141775121849,133.05708875609247,183.26966960518754,Q1
recurring,75463M79G00000,4.0,3.8816099552694534,4.020685941096533,-0.1183900447305466,-2.959751118263665,100.51714852741334,Q1
recurring,7552171L00000,17.0,6.313199110482788,10.993133990037826,-10.686800889517212,-62.863534644218895,64.66549405904604,Q4
recurring,7594165J00000,7.0,5.157295874334749,5.033587219833611,-1.842704125665251,-26.32434465236073,71.90838885476587,Q2
recurring,7615181A01P4Z,11.0,4.896785853158116,12.55802756533355,-6.103214146841884,-55.48376497128986,114.16388695757773,Q3
recurring,76295M53M10P4Z,1.0,1.4294945133017367,2.0353525203747256,0.4294945133017367,42.94945133017367,203.53525203747256,Q1
recurring,7666179P005PK,5.0,9.38123873361798,5.075214066137567,4.38123873361798,87.6247746723596,101.50428132275134,Q1
recurring,76661M75L005PK,9.0,4.94069334764952,4.059306652350479,-4.05930665235048,-45.10340724833866,45.10340724833865,Q2
recurring,7672157L005PK,9.0,7.515024578192588,3.0158726116867776,-1.4849754218074116,-16.49972690897124,33.50969568540864,Q2
recurring,77146M50S000CB,9.0,5.724424145503639,3.392537570554169,-3.2755758544963607,-36.39528727218178,37.69486189504633,Q2
recurring,77181M68K005PK,7.0,7.013043796279808,9.472456981609382,0.013043796279808006,0.18633994685440008,135.32081402299116,Q2
recurring,77181M76M005PK,8.0,5.815874237549567,3.925869488185082,-2.1841257624504333,-27.301572030630417,49.07336860231353,Q2
recurring,77230M75L000PG,17.0,10.421146630134075,8.211234520814944,-6.578853369865925,-38.69913746979956,48.30137953420555,Q4
recurring,7724054P105PK,6.0,4.5097406665720765,1.490259333427924,-1.4902593334279235,-24.837655557132056,24.837655557132067,Q2
recurring,77250M79M100PG,2.0,2.1029103911031255,2.8474395167616655,0.1029103911031255,5.145519555156275,142.37197583808327,Q1
recurring,7752061M005PK,11.0,7.038594902610022,7.122362692393908,-3.961405097389978,-36.01277361263617,64.74875174903553,Q3
recurring,7755078K000PG,16.0,8.886340999193553,7.113659000806445,-7.113659000806447,-44.46036875504029,44.46036875504028,Q4
recurring,7758064J10Z2S,10.0,9.505200024788659,5.725964225867933,-0.49479997521134145,-4.9479997521134145,57.25964225867932,Q3
recurring,7781163J200PG,16.0,13.82029727829906,3.417360412632714,-2.1797027217009397,-13.623142010630874,21.358502578954464,Q4
recurring,77811M58J100PG,12.0,10.701807113377857,8.133871327684645,-1.298192886622143,-10.818274055184526,67.7822610640387,Q3
recurring,77831M79M000PG,13.0,3.6304396304637505,14.64355751923354,-9.369560369536249,-72.07354130412499,112.6427501479503,Q3
recurring,77831M80EC00PG,8.0,8.959954950330147,6.0872635592318005,0.9599549503301468,11.999436879126835,76.09079449039751,Q2
recurring,7784161M00A93,5.0,2.3496341276623047,4.157997328831771,-2.6503658723376953,-53.0073174467539,83.1599465766354,Q1
recurring,7813257L01000,6.0,11.436417266053832,6.038918751681144,5.436417266053832,90.60695443423053,100.64864586135239,Q2
recurring,7821565J105PK,3.0,8.650791981508199,5.650791981508199,5.650791981508199,188.35973271694,188.35973271694,Q1
recurring,7822565J105PK,2.0,1.9587101395305373,2.6098998201706323,-0.0412898604694627,-2.064493023473135,130.4949910085316,Q1
recurring,8181065J02000,4.0,8.555920389583244,5.666750300530662,4.555920389583244,113.89800973958111,141.66875751326654,Q1
recurring,8181086R00000,23.0,22.339573992867038,12.224187162694406,-0.660426007132962,-2.8714174223172257,53.14863983780177,Q4
recurring,81850M74L00000,17.0,4.822066647925152,13.927005395607852,-12.177933352074849,-71.63490207102852,81.92356115063443,Q4
recurring,81850M79G20000,15.0,11.8642947483416,7.00400516339863,-3.1357052516584005,-20.904701677722674,46.69336775599086,Q3
recurring,8211065J01000,14.0,11.31137856779384,6.059013138420425,-2.68862143220616,-19.204438801472573,43.2786652744316,Q3
recurring,82280M79811000,15.0,13.228717790951944,7.56066679521091,-1.7712822090480564,-11.808548060320375,50.40444530140607,Q3
recurring,82302M68P15000,5.0,7.7481703995114675,6.314729047865908,2.7481703995114675,54.96340799022935,126.29458095731816,Q1
recurring,82510M60M51000,5.0,4.210509193005596,4.98047981545142,-0.7894908069944044,-15.789816139888089,99.6095963090284,Q1
recurring,82570M53810000,15.0,14.132293437634244,5.922155451348866,-0.8677065623657558,-5.784710415771705,39.48103634232577,Q3
recurring,82570M53M00000,25.0,8.018046202382216,25.390412657933805,-16.981953797617784,-67.92781519047114,101.5616506317352,Q4
recurring,82651M74K00000,8.0,11.628021958903249,6.56983162998029,3.6280219589032487,45.35027448629061,82.12289537475363,Q2
recurring,82811M75J00000,11.0,6.611993932143437,9.073573078614999,-4.388006067856563,-39.89096425324148,82.48702798740908,Q3
recurring,8281257LA0ZNL,2.0,4.932382651818003,3.6159822223371436,2.9323826518180027,146.61913259090014,180.79911111685718,Q1
recurring,82814M75J00000,8.0,5.114667744911206,6.587220207309688,-2.8853322550887937,-36.06665318860992,82.3402525913711,Q2
recurring,8285081A225PK,2.0,1.3915362935690212,2.821088818216412,-0.6084637064309788,-30.42318532154894,141.0544409108206,Q1
recurring,82960M60G005ES,15.0,10.671830296924455,12.376430830802958,-4.328169703075545,-28.854464687170303,82.50953887201972,Q3
recurring,82960M60G00P4Z,11.0,11.205081394201335,8.890090005827048,0.20508139420133453,1.864376310921223,80.81900005297317,Q3
recurring,8298265D00P4Z,4.0,17.709939457336052,13.709939457336052,13.709939457336052,342.7484864334013,342.7484864334013,Q1
recurring,82982M65D00000,65.0,45.05707865154246,49.37803177237404,-19.94292134845754,-30.681417459165445,75.96620272672928,Q4
recurring,82982M65D005PK,241.0,41.28055265836063,225.04869506864875,-199.71944734163938,-82.87113997578398,93.38120127329823,Q4
recurring,83401M55R01000,2.0,1.8878024983920079,2.7821321026174095,-0.11219750160799213,-5.609875080399607,139.10660513087046,Q1
recurring,83402M79G50000,7.0,10.155628145177499,5.186295106374645,3.1556281451774986,45.080402073964265,74.08993009106636,Q2
recurring,8366152R01000,5.0,7.2548558494282265,3.967150341494203,2.2548558494282265,45.09711698856453,79.34300682988405,Q1
recurring,83661M68P01000,9.0,13.062125420266447,7.450773364255028,4.062125420266447,45.13472689184942,82.78637071394476,Q2
recurring,83665M68P01000,13.0,8.111928107685742,7.4202561642163065,-4.888071892314258,-37.600553017801985,57.078893570894664,Q3
recurring,8381152R02000,9.0,6.099700230471327,4.934517563379426,-2.900299769528673,-32.225552994763035,54.82797292643807,Q2
recurring,8381165J00000,8.0,4.722887644075399,4.782361614309963,-3.2771123559246007,-40.96390444905751,59.779520178874535,Q2
recurring,8381173R00000,1.0,2.731590755727149,3.2929467007889426,1.731590755727149,173.1590755727149,329.2946700788943,Q1
recurring,8381180J00000,4.0,8.87625401922162,5.917502679481079,4.876254019221619,121.90635048054048,147.93756698702697,Q1
recurring,83811M68P00000,9.0,10.868328725868023,5.441800148958174,1.8683287258680235,20.759208065200262,60.464446099535266,Q2
recurring,83811M79G11000,10.0,8.76406013348446,3.8389762117309028,-1.2359398665155403,-12.359398665155403,38.389762117309026,Q3
recurring,8382165J00000,14.0,4.704584645357767,10.923775761103201,-9.295415354642234,-66.39582396173024,78.02696972216573,Q3
recurring,83821M74L01000,16.0,10.542980185545204,5.457019814454795,-5.457019814454796,-34.10637384034247,34.10637384034247,Q4
recurring,83821M79G11000,11.0,11.516901261214866,5.419613244308683,0.5169012612148656,4.699102374680596,49.26921131189711,Q3
recurring,8383165J00000,14.0,5.327951748043762,8.67204825195624,-8.672048251956237,-61.94320179968741,61.94320179968742,Q3
recurring,83831M79G00000,6.0,9.719626815852761,6.5260928178426045,3.7196268158527612,61.99378026421269,108.76821363071008,Q2
recurring,8384165J00000,11.0,4.482259584539394,8.038791300253997,-6.517740415460606,-59.25218559509642,73.07992091139998,Q3
recurring,83841M79G01000,8.0,9.513409874743674,4.1220226813056895,1.5134098747436742,18.917623434295926,51.52528351632112,Q2
recurring,8392165J010CB,7.0,8.560564901547089,6.072544100182433,1.5605649015470888,22.293784307815553,86.75063000260617,Q2
recurring,8392471L200CE,8.0,4.299269366634671,5.091749963903081,-3.700730633365329,-46.259132917066616,63.64687454878851,Q2
recurring,8394068L50000,14.0,8.85726039823914,6.255637403621977,-5.14273960176086,-36.73385429829186,44.68312431158555,Q3
recurring,84501M56R00000,14.0,9.948336431870809,8.84211732781738,-4.051663568129191,-28.94045405806565,63.157980912981294,Q3
recurring,8450373R00000,1.0,4.3490056672711015,3.885972913031804,3.3490056672711015,334.9005667271102,388.59729130318044,Q1
recurring,84503M62S00000,9.0,13.0102508799089,7.701206842899561,4.0102508799089005,44.55834311009889,85.56896492110623,Q2
recurring,84504M68P00000,14.0,8.546077591772459,6.58970555729249,-5.453922408227541,-38.95658863019672,47.06932540923207,Q3
recurring,8451061M02000,11.0,10.695942644045818,7.031275422186401,-0.30405735595418193,-2.764157781401654,63.92068565624001,Q3
recurring,84511M53M00000,4.0,11.943720111565174,7.984146277561576,7.943720111565174,198.59300278912934,199.6036569390394,Q1
recurring,84511M68K00000,5.0,1.664732905333543,4.301143032435712,-3.335267094666457,-66.70534189332913,86.02286064871423,Q1
recurring,8454154P01000,6.0,7.717222914503049,4.968226172017216,1.7172229145030489,28.620381908384147,82.80376953362027,Q2
recurring,84541M56R00000,5.0,11.363364734711649,6.4097733090504825,6.363364734711649,127.26729469423296,128.19546618100964,Q1
recurring,84570M62S10000,13.0,14.495306440162487,7.385039446980751,1.4953064401624871,11.502357232019133,56.80799574600577,Q3
recurring,84570M67P10000,6.0,7.743316183234027,4.319671498838856,1.7433161832340272,29.05526972056712,71.9945249806476,Q2
recurring,8458065J02000,11.0,8.719763909492066,6.078568312416618,-2.280236090507934,-20.729419004617583,55.25971193106016,Q3
recurring,84611M76M00000,9.0,8.642630015841888,4.936806653821611,-0.3573699841581117,-3.970777601756797,54.85340726468456,Q2
recurring,8470161LVBZJ3,3.0,11.450016189236464,8.450016189236464,8.450016189236464,281.66720630788217,281.66720630788217,Q1
recurring,8470181A015PK,17.0,5.335633691508503,17.177917896336766,-11.664366308491497,-68.61391946171469,101.04657586080451,Q4
recurring,84701M56R50ZHJ,11.0,10.104852972530008,3.921121084243044,-0.8951470274699922,-8.137700249727201,35.646555311300396,Q3
recurring,84701M68K1026U,8.0,11.94508834700334,7.931394179707902,3.94508834700334,49.31360433754175,99.14242724634877,Q2
recurring,84701M79G30000,24.0,9.13865621506685,16.105725809903767,-14.86134378493315,-61.92226577055479,67.10719087459903,Q4
recurring,84701M84330000,13.0,12.602922296809856,16.763559154906766,-0.3970777031901438,-3.054443870693414,128.95045503774435,Q3
recurring,84702M67P30000,4.0,12.382185710452495,8.801395416654245,8.382185710452495,209.55464276131238,220.03488541635613,Q1
recurring,84702M67P4026U,11.0,8.954808926690465,7.902221508495738,-2.0451910733095353,-18.592646120995777,71.83837734996126,Q3
recurring,84702M68K1026U,9.0,9.633077183870522,8.384861844658014,0.6330771838705225,7.0341909318946945,93.16513160731125,Q2
recurring,84702M74L215PK,12.0,9.271158885462148,5.908531971882274,-2.728841114537852,-22.74034262114877,49.23776643235229,Q3
recurring,84702M84320000,19.0,12.847401858054294,12.486850523612931,-6.152598141945706,-32.382095483924765,65.72026591375227,Q4
recurring,84730M56R00000,11.0,9.917560472856897,7.0134808192803035,-1.0824395271431033,-9.840359337664575,63.75891653891185,Q3
recurring,84730M67P00000,0.0,10.068422314806973,10.068422314806973,10.068422314806973,,,Q1
recurring,84730M74L20000,7.0,12.484243026158008,5.484243026158008,5.484243026158008,78.3463289451144,78.3463289451144,Q2
recurring,84740M74L20000,8.0,10.359938183717768,5.064002623568305,2.3599381837177678,29.499227296472096,63.30003279460381,Q2
recurring,8485177K006GS,31.0,9.867869847559412,24.204571384158427,-21.13213015244059,-68.1681617820664,78.07926252954331,Q4
recurring,84901M56R63HLK,2.0,3.397203944939154,2.59609052999515,1.3972039449391538,69.86019724695768,129.80452649975751,Q1
recurring,84901M62S51BHE,19.0,14.612495877995558,6.715177883169256,-4.387504122004442,-23.092126957918115,35.343041490364506,Q4
recurring,84902M62S43BHE,20.0,16.77794608827509,7.2274030026217,-3.2220539117249096,-16.110269558624548,36.137015013108496,Q4
recurring,85355M68PA1000,6.0,12.123385757403348,8.033143877546197,6.123385757403348,102.0564292900558,133.88573129243662,Q2
recurring,87286M81P00000,18.0,4.082482478865261,13.91751752113474,-13.917517521134739,-77.31954178408188,77.31954178408189,Q4
recurring,87491M68P105PK,28.0,9.039362626183532,20.06180587722212,-18.960637373816468,-67.71656204934452,71.64930670436472,Q4
recurring,87991M68P105PK,24.0,10.631315957524384,16.3900875785577,-13.368684042475616,-55.702850176981734,68.29203157732375,Q4
recurring,88921M68P01000,77.0,14.102796890081569,62.89720310991843,-62.89720310991843,-81.68467936353042,81.68467936353042,Q4
recurring,8926050J00000,14.0,6.05411405482437,9.910537929718345,-7.94588594517563,-56.75632817982593,70.78955664084532,Q3
recurring,89969M52R00000,28.0,9.843204868774514,19.688857705809415,-18.156795131225486,-64.84569689723388,70.31734894931934,Q4
recurring,89969M63J00000,16.0,7.303731645140754,11.19812217630153,-8.696268354859246,-54.35167721787029,69.98826360188455,Q4
recurring,9531071L01000,8.0,10.302718762453303,6.965689183288114,2.3027187624533028,28.783984530666284,87.07111479110142,Q2
recurring,95310M68K00000,11.0,10.165539697657337,8.941731217783301,-0.8344603023426629,-7.586002748569663,81.28846561621184,Q3
