sku_id,actual_total,forecast_total,absolute_error,mean_absolute_error,block_naive_scale,wmape,mase,cohort,official_source_notebook
0915918022000,22.0,10.790708262299864,14.556649733386816,2.4261082888978027,5.555555555555555,66.1665896972128,0.4366994920016045,recurring_a,17_validation_locked
0928017002000,61.0,29.735289599755347,41.51574108797682,6.91929018132947,10.555555555555555,68.05859194750299,0.6555117013891076,recurring_a,17_validation_locked
0928056004000,30.0,16.302405128151577,25.024305883651763,4.170717647275294,11.666666666666666,83.41435294550588,0.35749008405216803,recurring_a,17_validation_locked
0928326016000,31.0,13.451598897348926,22.50473150469618,3.7507885841160302,5.444444444444445,72.59590807966511,0.6889203521845769,recurring_a,17_validation_locked
0928340021000,93.0,20.738873268865888,72.26112673113411,12.043521121855685,8.666666666666666,77.70013627003668,1.3896370525218098,recurring_a,17_validation_locked
0928340027000,49.0,16.68564847864993,37.31071399544987,6.218452332574979,8.222222222222221,76.14431427642832,0.7562982566645245,recurring_a,17_validation_locked
0928345012000,34.0,12.17298348956605,24.09063612501174,4.01510602083529,5.555555555555555,70.85481213238748,0.7227190837503523,recurring_a,17_validation_locked
0928906003000,580.0,69.817635053569,510.182364946431,85.0303941577385,31.55555555555556,87.9624767149019,2.6946251669705856,recurring_a,17_validation_locked
0932010024000,44.0,14.710103282829257,39.07673375671375,6.512788959452291,4.888888888888889,88.8107585379858,1.3321613780697867,recurring_a,17_validation_locked
09403M07311000,28.0,9.87579107424347,22.481487691529733,3.7469146152549553,3.555555555555556,80.29102746974904,1.0538197355404562,recurring_a,17_validation_locked
0940907332000,14.0,63.91130862862414,49.91130862862414,8.318551438104024,50.11111111111112,356.50934734731527,0.16600213512846163,recurring_a,17_validation_locked
0940908327000,81.0,49.73780433944231,49.841165344783214,8.306860890797202,33.0,61.53230289479409,0.2517230572968849,recurring_a,17_validation_locked
09409M07L025PK,1.0,58.217515575766356,57.217515575766356,9.53625259596106,44.55555555555556,5721.751557576636,0.2140306068918941,recurring_a,17_validation_locked
09409M15L01000,176.0,60.92559431384893,136.11566319303958,22.685943865506598,56.333333333333336,77.33844499604521,0.4027090627013005,recurring_a,17_validation_locked
0947112236000,0.0,16.607144245149808,16.607144245149808,2.767857374191635,1.875,,1.476190599568872,recurring_a,17_validation_locked
09471M12182000,6.0,17.96872473022986,16.31040731782963,2.7184012196382716,5.666666666666667,271.84012196382713,0.47971786228910673,recurring_a,17_validation_locked
11610M65L00000,8.0,12.93344072905514,8.253133571747785,1.3755222619579641,4.333333333333333,103.16416964684731,0.31742821429799173,recurring_a,17_validation_locked
11610M67P10000,13.0,12.38954455571494,9.1491972602051,1.5248662100341832,2.6666666666666665,70.37844046311615,0.5718248287628187,recurring_a,17_validation_locked
11610M76M00000,13.0,8.990250411852188,5.697146779985839,0.9495244633309731,2.555555555555556,43.82420599989106,0.3715530508686416,recurring_a,17_validation_locked
11610M79G50000,3.0,10.866115027682918,8.228056601042791,1.3713427668404652,5.0,274.268553368093,0.274268553368093,recurring_a,17_validation_locked
11620M79F40000,4.0,11.160876819412128,7.5636971792624,1.2606161965437332,6.333333333333333,189.09242948156,0.1990446626121684,recurring_a,17_validation_locked
11710M65L00000,5.0,12.71857995524977,9.155956794161488,1.5259927990269146,3.333333333333333,183.11913588322977,0.4577978397080744,recurring_a,17_validation_locked
11710M76M00000,19.0,10.616987266723115,10.048572091423564,1.6747620152372606,5.444444444444445,52.88722153380823,0.307609349737456,recurring_a,17_validation_locked
11710M79F80000,4.0,7.8821073708805915,4.923663991774422,0.820610665295737,3.6666666666666665,123.09159979436055,0.2238029087170192,recurring_a,17_validation_locked
1428180JA0000,20.0,12.64335156274938,11.62964539037977,1.9382742317299615,5.777777777777778,58.14822695189885,0.33547054010710875,recurring_a,17_validation_locked
15910M79GB1000,10.0,12.515621897950574,10.30008033745501,1.7166800562425015,4.555555555555555,103.00080337455009,0.3768322074678662,recurring_a,17_validation_locked
17700M60M00000,4.0,9.936204377293805,5.936204377293806,0.9893673962156343,2.111111111111111,148.40510943234514,0.4686477139968794,recurring_a,17_validation_locked
17700M67L00000,9.0,11.822014934490852,8.787475996803831,1.4645793328006385,5.111111111111111,97.63862218670924,0.2865481303305597,recurring_a,17_validation_locked
17700M67P00000,16.0,12.593274336938828,8.249805621850523,1.374967603641754,2.4444444444444446,51.56128513656577,0.5624867469443539,recurring_a,17_validation_locked
17760M67P00000,10.0,8.552175588609948,4.963749518065797,0.8272915863442996,1.1111111111111112,49.63749518065798,0.7445624277098696,recurring_a,17_validation_locked
1781254G00000,23.0,9.509949594792113,13.490050405207887,2.2483417342013143,3.333333333333333,58.65239306612125,0.6745025202603944,recurring_a,17_validation_locked
17861M68P00000,14.0,12.814981708866004,10.405933725888229,1.7343222876480382,5.111111111111111,74.32809804205877,0.3393239258441814,recurring_a,17_validation_locked
17878M74L00000,13.0,8.745258522428747,10.167280170537973,1.6945466950896622,4.777777777777778,78.20984746567672,0.3546725640885339,recurring_a,17_validation_locked
17920M76M00000,42.0,12.630261338356465,29.369738661643535,4.8949564436072555,7.111111111111111,69.92794919438936,0.6883532498822703,recurring_a,17_validation_locked
17931M71P00000,9.0,15.462225867880495,6.998205770103873,1.1663676283506454,4.333333333333333,77.75784189004304,0.2691617603886105,recurring_a,17_validation_locked
27431M79F00000,16.0,12.656632615888146,9.977044551655204,1.6628407586092007,3.4444444444444446,62.35652844784503,0.4827602202413808,recurring_a,17_validation_locked
2811380J015PK,12.0,11.491299771067325,7.523850340734997,1.253975056789166,3.0,62.69875283945831,0.4179916855963887,recurring_a,17_validation_locked
33690M60M00000,12.0,10.827243476303428,8.183962229992876,1.3639937049988127,4.666666666666667,68.19968524994063,0.2922843653568884,recurring_a,17_validation_locked
3512052R21000,3.0,8.529334135534633,6.497765291173116,1.082960881862186,3.0,216.5921763724372,0.3609869606207287,recurring_a,17_validation_locked
3512052S10000,76.0,15.169961701138256,60.830038298861744,10.138339716476958,3.333333333333333,80.03952407744967,3.0415019149430877,recurring_a,17_validation_locked
35121M66L10000,8.0,9.800334289701478,5.388816023502708,0.8981360039171179,2.7777777777777777,67.36020029378385,0.32332896141016243,recurring_a,17_validation_locked
3515365J00000,20.0,11.714181209566227,12.06795753306277,2.0113262555104616,10.555555555555555,60.33978766531385,0.1905466978904648,recurring_a,17_validation_locked
35153M59K20000,19.0,17.857933182737572,13.799560183417814,2.299926697236302,12.11111111111111,72.62926412325164,0.18990220435896074,recurring_a,17_validation_locked
35153M75L00000,16.0,17.035585713505597,15.82692976087226,2.6378216268120434,5.555555555555555,98.91831100545161,0.4748078928261678,recurring_a,17_validation_locked
3532077R10000,14.0,8.40681561490719,6.470918240409265,1.0784863734015442,2.75,46.220844574351894,0.39217686305510696,recurring_a,17_validation_locked
35321M60M10000,17.0,11.251151387583864,10.878825849315303,1.8131376415525506,2.888888888888889,63.99309323126649,0.6276245682297291,recurring_a,17_validation_locked
3550065P02000,6.0,11.87056695581724,8.334127415429005,1.3890212359048342,5.444444444444445,138.90212359048343,0.2551263494519083,recurring_a,17_validation_locked
3552686R20000,22.0,10.233406714797868,11.76659328520213,1.9610988808670218,3.111111111111111,53.48451493273695,0.630353211707257,recurring_a,17_validation_locked
35651M79M00000,3.0,9.705753159501947,7.486168316958953,1.2476947194931587,1.4444444444444444,249.53894389863174,0.8637886519568022,recurring_a,17_validation_locked
35671M79G30000,12.0,7.189679247806943,8.001618974520538,1.3336031624200897,2.2222222222222223,66.68015812100448,0.6001214230890404,recurring_a,17_validation_locked
35671M79G40000,3.0,7.810165514847346,6.208634533828101,1.0347724223046835,3.111111111111111,206.9544844609367,0.3326054214550768,recurring_a,17_validation_locked
3570186R00000,21.0,9.353459708943108,12.67528073431341,2.112546789052235,3.555555555555556,60.35847968720672,0.5941537844209411,recurring_a,17_validation_locked
3591075F31000,14.0,12.089948786880583,9.807643227189992,1.6346072045316653,3.888888888888889,70.05459447992851,0.42032756687957107,recurring_a,17_validation_locked
35910M74L01000,22.0,9.609383292884605,12.390616707115395,2.0651027845192327,4.777777777777778,56.32098503234271,0.4322308153644906,recurring_a,17_validation_locked
3627479P01000,12.0,8.397168343701615,7.003902662687828,1.1673171104479714,3.4444444444444446,58.36585552239857,0.33889851593650777,recurring_a,17_validation_locked
3641054G01000,9.0,12.299819093999401,9.593971256973191,1.5989952094955318,1.5555555555555556,106.59968063303546,1.027925491818556,recurring_a,17_validation_locked
3641063J02000,4.0,11.494496916893038,7.494496916893038,1.249082819482173,2.2222222222222223,187.36242292232595,0.5620872687669778,recurring_a,17_validation_locked
36410M67K10000,31.0,11.60933365534002,19.39066634465998,3.2317777241099965,2.888888888888889,62.55053659567736,1.1186922891149989,recurring_a,17_validation_locked
3658354P01000,19.0,13.216592298616153,8.130362628784987,1.355060438130831,4.666666666666667,42.791382256763086,0.2903700938851781,recurring_a,17_validation_locked
37145M55B21000,14.0,13.717933346379827,8.281731460819277,1.3802885768032127,5.333333333333333,59.155224720137696,0.2588041081506024,recurring_a,17_validation_locked
37145M66L00000,10.0,7.207302014229583,5.683992800504168,0.9473321334173613,1.7777777777777777,56.83992800504168,0.5328743250472657,recurring_a,17_validation_locked
37736M58R00000,10.0,11.195194318406623,3.6935012678723744,0.6155835446453958,2.555555555555556,36.935012678723744,0.24088051746993747,recurring_a,17_validation_locked
3773773R00Z2S,7.0,8.846067720686342,3.844847765347875,0.6408079608913125,5.111111111111111,54.926396647826785,0.12537547060916984,recurring_a,17_validation_locked
38340M51K42000,35.0,13.780798054210193,21.42825529633972,3.5713758827232867,4.222222222222222,61.22358656097063,0.8458521827502521,recurring_a,17_validation_locked
3845071L10000,15.0,11.157522049634858,8.646494894858623,1.4410824824764372,2.555555555555556,57.64329929905749,0.5639018409690406,recurring_a,17_validation_locked
38450M79M00000,16.0,9.220299732137388,12.00574417412281,2.0009573623538017,4.111111111111111,75.03590108826756,0.4867193584103843,recurring_a,17_validation_locked
38452M65L00000,17.0,14.08516843429975,6.506594087838792,1.084432347973132,4.111111111111111,38.27408286963995,0.26378084139887,recurring_a,17_validation_locked
38821M67P00000,16.0,8.514604423945599,9.402056329494688,1.5670093882491145,2.0,58.762852059341796,0.7835046941245573,recurring_a,17_validation_locked
3925061J00000,7.0,8.556578159056132,3.7045795785483837,0.617429929758064,2.111111111111111,52.92256540783405,0.29246680883276716,recurring_a,17_validation_locked
41710M68K00000,16.0,19.52596562160012,11.878562611673381,1.979760435278897,9.444444444444445,74.24101632295863,0.20962169314717732,recurring_a,17_validation_locked
41710M82000000,22.0,10.62404178361345,15.344214218030714,2.5573690363384523,2.555555555555556,69.74642826377598,1.0007096229150465,recurring_a,17_validation_locked
4321052S0039M,51.0,15.00792316576468,43.33890588437952,7.22315098072992,3.7777777777777777,84.97824683211671,1.912010553722626,recurring_a,17_validation_locked
4321053R100CE,20.0,11.365542678912462,8.916500495301303,1.4860834158835505,4.888888888888889,44.58250247650652,0.3039716077943626,recurring_a,17_validation_locked
4321068LA0ZA8,20.0,12.427442497232853,9.50554088219763,1.5842568136996051,2.888888888888889,47.52770441098815,0.5483965893575556,recurring_a,17_validation_locked
43210M55R6027N,17.0,21.678685222229753,12.544561445713043,2.0907602409521737,7.444444444444445,73.79153791595908,0.28084839057566513,recurring_a,17_validation_locked
43210M68K1109L,17.0,12.352223247745423,7.307611600317527,1.2179352667195877,3.6666666666666665,42.985950590103094,0.33216416365079665,recurring_a,17_validation_locked
43210M79G5339M,37.0,13.610129661588378,25.50941603107392,4.251569338512319,5.333333333333333,68.94436765155113,0.79716925097106,recurring_a,17_validation_locked
43250M68K2027N,13.0,9.788551224764868,8.947055828514927,1.4911759714191544,3.555555555555556,68.82350637319175,0.41939324196163713,recurring_a,17_validation_locked
43250M74L0027N,19.0,15.853537519445748,7.392488589199689,1.2320814315332815,3.0,38.907834679998366,0.4106938105110938,recurring_a,17_validation_locked
43250M79G6027N,14.0,8.4609748836929,11.045745572612823,1.8409575954354704,2.888888888888889,78.89818266152017,0.6372545522661244,recurring_a,17_validation_locked
43250M79M0027N,8.0,11.248203842907104,11.481262073786514,1.913543678964419,1.6666666666666667,143.51577592233141,1.1481262073786513,recurring_a,17_validation_locked
43402M74L21000,11.0,8.132464284411629,7.202887600286056,1.2004812667143427,3.7777777777777777,65.48079636623687,0.31777445295379664,recurring_a,17_validation_locked
4342386G01000,26.0,14.405093456372567,19.63492928864697,3.2724882147744947,7.888888888888889,75.51895880248834,0.4148224497601472,recurring_a,17_validation_locked
48150M69R00C48,17.0,12.902918577981247,6.156410241159367,1.0260683735265612,1.8888888888888888,36.214177889172745,0.5432126683375913,recurring_a,17_validation_locked
5730073R02000,18.0,13.081022471533318,12.175815349270527,2.0293025582117545,1.6666666666666667,67.64341860705848,1.2175815349270527,recurring_a,17_validation_locked
5730079P02000,16.0,10.639596791757281,10.387227710780007,1.7312046184633345,2.2222222222222223,64.92017319237505,0.7790420783085005,recurring_a,17_validation_locked
57300M66L00000,14.0,11.432912739920722,6.435230658428458,1.0725384430714098,1.6666666666666667,45.96593327448898,0.6435230658428458,recurring_a,17_validation_locked
57300M68K10000,8.0,8.13133969368602,4.711157757070218,0.785192959511703,2.0,58.88947196337773,0.3925964797558515,recurring_a,17_validation_locked
57410M67P00000,15.0,10.120868308678757,4.879131691321244,0.8131886152202074,1.4444444444444444,32.52754460880829,0.5629767336139897,recurring_a,17_validation_locked
57611M68K10000,22.0,9.104051879696328,17.11277419433387,2.8521290323889783,3.4444444444444446,77.78533724697213,0.8280374610161549,recurring_a,17_validation_locked
58110M74L00000,12.0,10.242576802416021,7.719127755142598,1.2865212925237663,3.111111111111111,64.32606462618831,0.41352470116835344,recurring_a,17_validation_locked
5823065J00000,12.0,10.678165931936814,7.427475330039377,1.2379125550065628,4.555555555555555,61.895627750328146,0.27173690231851383,recurring_a,17_validation_locked
58240M53M00000,11.0,8.302973683448883,7.198839835123816,1.1998066391873026,2.6666666666666665,65.4439985011256,0.4499274896952385,recurring_a,17_validation_locked
58240M67P00000,19.0,10.275860133205278,9.974660540586425,1.662443423431071,4.333333333333333,52.4982133715075,0.38364079002255486,recurring_a,17_validation_locked
58251M53M00000,10.0,8.227555658273927,6.096961558339652,1.0161602597232753,3.6666666666666665,60.969615583396525,0.277134616288166,recurring_a,17_validation_locked
6570079P11000,6.0,9.138137654107028,6.721442323796749,1.1202403872994582,3.0,112.02403872994581,0.3734134624331527,recurring_a,17_validation_locked
65700M72P00000,14.0,9.157002099635829,5.730405525786423,0.9550675876310705,3.7777777777777777,40.93146804133159,0.2528120084905775,recurring_a,17_validation_locked
6800153R00000,23.0,12.10552042125538,13.071542459539433,2.1785904099232387,2.888888888888889,56.83279330234536,0.7541274495888134,recurring_a,17_validation_locked
6800164J01000,7.0,9.923538102940396,4.98212833443542,0.8303547224059034,2.333333333333333,71.17326192050601,0.3558663096025301,recurring_a,17_validation_locked
6800261M01000,13.0,10.126260478666236,7.5410681196379805,1.25684468660633,2.2222222222222223,58.00821630490754,0.5655801089728485,recurring_a,17_validation_locked
6800271L00000,11.0,6.879175850093173,6.834112033247948,1.1390186722079914,2.111111111111111,62.12829121134498,0.5395351605195748,recurring_a,17_validation_locked
68002M53M00000,9.0,8.032387445682845,6.888110808586571,1.1480184680977619,3.0,76.53456453985079,0.38267282269925396,recurring_a,17_validation_locked
68002M74L31000,16.0,10.083333158740484,10.636694825036232,1.772782470839372,3.555555555555556,66.47934265647645,0.49859506992357333,recurring_a,17_validation_locked
68003M74L31000,11.0,7.859708848793823,4.92446293350235,0.8207438222503917,1.7777777777777777,44.76784485002136,0.46166840001584536,recurring_a,17_validation_locked
6932068LA0000,8.0,7.422363069936071,2.6199677573756914,0.43666129289594857,2.555555555555556,32.74959696719614,0.17086746243754508,recurring_a,17_validation_locked
7171152S005PK,48.0,14.335513509514566,33.66448649048544,5.61074774841424,4.0,70.134346855178,1.40268693710356,recurring_a,17_validation_locked
7171161J00799,8.0,13.901328524734435,7.367665719104229,1.2279442865173715,3.7777777777777777,92.09582148880287,0.3250440758428336,recurring_a,17_validation_locked
7171171L00799,8.0,12.79294031894089,6.76655634250776,1.1277593904179601,3.2222222222222223,84.58195428134701,0.3499942935779876,recurring_a,17_validation_locked
71711M53M005PK,2.0,12.746957242933126,10.746957242933126,1.7911595404888543,7.444444444444445,537.3478621466563,0.24060352036417446,recurring_a,17_validation_locked
71711M53M00799,6.0,14.470852835677068,12.192271039353535,2.032045173225589,3.111111111111111,203.20451732255893,0.6531573771082251,recurring_a,17_validation_locked
71711M79G105PK,10.0,11.735277424152569,6.114856659802358,1.0191427766337264,3.7777777777777777,61.14856659802358,0.269773087932457,recurring_a,17_validation_locked
71712M60MA05PK,10.0,9.24264358133134,4.689086549216175,0.7815144248693625,1.7777777777777777,46.89086549216175,0.43960186398901646,recurring_a,17_validation_locked
71731M60M00000,18.0,11.468869976241962,8.245624020719358,1.374270670119893,2.111111111111111,45.809022337329765,0.6509703174252125,recurring_a,17_validation_locked
7173277M10000,13.0,10.667186603706252,5.218430647860159,0.8697384413100265,3.7777777777777777,40.14177421430892,0.23022488152324233,recurring_a,17_validation_locked
7174173K005PK,10.0,11.606122120654863,6.061971593913744,1.0103285989856239,1.4444444444444444,60.619715939137436,0.6994582608362011,recurring_a,17_validation_locked
71741M66L005PK,11.0,13.236370973163476,9.26695755057535,1.5444929250958916,2.0,84.2450686415941,0.7722464625479458,recurring_a,17_validation_locked
7175173K105PK,20.0,13.938605742469242,10.911721311187414,1.8186202185312357,3.4444444444444446,54.55860655593707,0.5279865150574555,recurring_a,17_validation_locked
71751M68K005PK,10.0,8.271447655613024,7.742672164327086,1.290445360721181,2.888888888888889,77.42672164327085,0.4466926248650242,recurring_a,17_validation_locked
71751M76MB0ZNZ,17.0,12.568831719704786,14.738033211466124,2.4563388685776872,2.888888888888889,86.69431300862426,0.8502711468153533,recurring_a,17_validation_locked
71751M79G10000,16.0,10.82456979885063,11.796470757159526,1.9660784595265877,2.555555555555556,73.72794223224703,0.769335049379969,recurring_a,17_validation_locked
7176173K105PK,11.0,8.382351668973595,8.253835130086383,1.3756391883477306,2.888888888888889,75.03486481896711,0.47618279596652213,recurring_a,17_validation_locked
71761M68K005PK,8.0,7.9871070622568645,5.68461180961019,0.9474353016016983,2.7777777777777777,71.05764762012737,0.3410767085766114,recurring_a,17_validation_locked
71781M66L00000,17.0,11.246565512996481,9.96331145574874,1.6605519092914565,2.7777777777777777,58.607714445580825,0.5977986873449244,recurring_a,17_validation_locked
7179086R10C48,23.0,10.511555143318281,14.183452197850249,2.363908699641708,4.777777777777778,61.667183468914125,0.4947715882971017,recurring_a,17_validation_locked
7181180J20799,8.0,11.47394943059045,3.7329878855287175,0.6221646475881196,2.6666666666666665,46.66234856910897,0.23331174284554487,recurring_a,17_validation_locked
71811M79G005PK,13.0,12.272630259508077,3.1580957566572962,0.526349292776216,3.4444444444444446,24.293044281979203,0.15281108499954657,recurring_a,17_validation_locked
71813M66L00000,13.0,9.410816958949072,9.76120612294486,1.6268676871574765,2.111111111111111,75.08620094572969,0.7706215360219626,recurring_a,17_validation_locked
7182163J00000,15.0,9.559993766424661,10.997303120192749,1.8328838533654581,2.7777777777777777,73.31535413461832,0.659838187211565,recurring_a,17_validation_locked
7185160G00000,17.0,12.231541221490755,8.963142216947046,1.4938570361578412,4.333333333333333,52.72436598204145,0.344736239113348,recurring_a,17_validation_locked
7185261J01000,10.0,9.711405457085663,4.368068293223713,0.7280113822039521,2.7777777777777777,43.68068293223713,0.26208409759342277,recurring_a,17_validation_locked
72221M56R005PK,12.0,9.872779133119264,6.552999744086833,1.092166624014472,2.888888888888889,54.608331200723605,0.3780576775434711,recurring_a,17_validation_locked
72311M68P01000,24.0,10.5616506090568,16.473933606146108,2.7456556010243514,4.666666666666667,68.64139002560879,0.5883547716480753,recurring_a,17_validation_locked
7232353R00000,8.0,9.120071773674077,8.152019515633583,1.3586699192722638,3.111111111111111,101.90024394541979,0.4367153311946562,recurring_a,17_validation_locked
72372M74L105PK,17.0,11.427131690101847,10.580366925595484,1.7633944875992473,4.555555555555555,62.23745250350286,0.3870865948388592,recurring_a,17_validation_locked
7243179M00000,13.0,8.58886038826365,5.71636519524405,0.952727532540675,2.7777777777777777,43.97203996341577,0.342981911714643,recurring_a,17_validation_locked
7246079P00000,12.0,7.790212506804853,7.793825142184858,1.2989708570308096,4.0,64.94854285154048,0.3247427142577024,recurring_a,17_validation_locked
72460M60M00000,6.0,7.8330433516821385,4.677575258620955,0.7795958764368258,2.0,77.95958764368258,0.3897979382184129,recurring_a,17_validation_locked
72520M68P02000,19.0,10.16900165107028,12.1072981989946,2.017883033165767,5.555555555555555,63.72262209997159,0.36321894596983806,recurring_a,17_validation_locked
73310M68P61C8J,6.0,10.507602095788968,5.114274603316472,0.8523791005527454,3.4444444444444446,85.23791005527454,0.24746490016047445,recurring_a,17_validation_locked
73310M68P61GJL,8.0,13.095854678087086,7.124857930142585,1.1874763216904307,3.555555555555556,89.0607241267823,0.3339777154754336,recurring_a,17_validation_locked
73610M68P00C48,14.0,11.040084135108204,9.614570945538784,1.6024284909231306,1.5555555555555556,68.67550675384845,1.0301326013077268,recurring_a,17_validation_locked
73841M68P60C8J,6.0,10.730639208901653,5.163775378669661,0.8606292297782768,4.333333333333333,86.06292297782768,0.19860674533344852,recurring_a,17_validation_locked
73841M68P60GJL,8.0,11.50468941343165,5.990900578360819,0.9984834297268032,2.888888888888889,74.88625722951024,0.3456288795208165,recurring_a,17_validation_locked
73910M68P01000,8.0,11.571887262461933,6.0959201484774255,1.0159866914129043,2.4444444444444446,76.19900185596782,0.4156309192143699,recurring_a,17_validation_locked
74120M79G00000,2.0,9.459288011944395,7.459288011944394,1.243214668657399,3.6666666666666665,372.9644005972197,0.3390585459974725,recurring_a,17_validation_locked
74461M74L00V6N,17.0,14.557181079249556,12.11420062655691,2.019033437759485,5.666666666666667,71.26000368562889,0.3563000184281444,recurring_a,17_validation_locked
74461M76M00000,28.0,15.494770255308389,17.994564134024618,2.9990940223374363,2.888888888888889,64.26630047865935,1.0381479308091126,recurring_a,17_validation_locked
75430M76M00000,10.0,8.52078762264356,5.77550566906391,0.9625842781773183,2.888888888888889,57.755056690639094,0.3332022501383025,recurring_a,17_validation_locked
7666179P005PK,5.0,9.38123873361798,5.075214066137567,0.8458690110229279,1.8888888888888888,101.50428132275134,0.44781300583566774,recurring_a,17_validation_locked
77230M75L000PG,17.0,10.421146630134075,8.211234520814944,1.3685390868024907,4.111111111111111,48.30137953420555,0.3328878859789843,recurring_a,17_validation_locked
7755078K000PG,16.0,8.886340999193553,7.113659000806445,1.1856098334677407,2.2222222222222223,44.46036875504028,0.5335244250604833,recurring_a,17_validation_locked
7758064J10Z2S,10.0,9.505200024788659,5.725964225867933,0.9543273709779888,2.7777777777777777,57.25964225867932,0.34355785355207596,recurring_a,17_validation_locked
7781163J200PG,16.0,13.82029727829906,3.4173604126327146,0.5695600687721191,3.0,21.358502578954468,0.189853356257373,recurring_a,17_validation_locked
77811M58J100PG,12.0,10.701807113377857,8.133871327684645,1.3556452212807741,2.2222222222222223,67.7822610640387,0.6100403495763483,recurring_a,17_validation_locked
77831M80EC00PG,8.0,8.959954950330147,6.0872635592318005,1.0145439265386333,1.1111111111111112,76.09079449039751,0.91308953388477,recurring_a,17_validation_locked
7813257L01000,6.0,11.436417266053832,6.038918751681144,1.006486458613524,2.4444444444444446,100.64864586135239,0.41174446034189616,recurring_a,17_validation_locked
7821565J105PK,3.0,8.650791981508199,5.650791981508199,0.9417986635846999,3.888888888888889,188.35973271694,0.24217679920749427,recurring_a,17_validation_locked
8181065J02000,4.0,8.555920389583244,5.666750300530662,0.944458383421777,2.2222222222222223,141.66875751326654,0.4250062725397996,recurring_a,17_validation_locked
8181086R00000,23.0,22.339573992867038,12.224187162694406,2.0373645271157343,5.555555555555555,53.14863983780177,0.3667256148808322,recurring_a,17_validation_locked
81850M79G20000,15.0,11.8642947483416,7.00400516339863,1.1673341938997717,10.11111111111111,46.69336775599086,0.11545063456151589,recurring_a,17_validation_locked
8211065J01000,14.0,11.31137856779384,6.059013138420425,1.0098355230700709,3.6666666666666665,43.2786652744316,0.2754096881100193,recurring_a,17_validation_locked
82280M79811000,15.0,13.228717790951944,7.56066679521091,1.2601111325351517,2.6666666666666665,50.40444530140607,0.4725416747006819,recurring_a,17_validation_locked
82302M68P15000,5.0,7.7481703995114675,6.314729047865908,1.0524548413109847,2.6666666666666665,126.29458095731816,0.3946705654916193,recurring_a,17_validation_locked
82570M53810000,15.0,14.132293437634244,5.922155451348866,0.9870259085581443,2.555555555555556,39.48103634232577,0.3862275294357956,recurring_a,17_validation_locked
82651M74K00000,8.0,11.628021958903249,6.56983162998029,1.0949719383300482,1.875,82.12289537475363,0.5839850337760257,recurring_a,17_validation_locked
82960M60G005ES,15.0,10.671830296924455,12.376430830802958,2.062738471800493,5.555555555555555,82.50953887201972,0.3712929249240887,recurring_a,17_validation_locked
82960M60G00P4Z,11.0,11.205081394201335,8.890090005827048,1.4816816676378413,3.555555555555556,80.81900005297317,0.4167229690231428,recurring_a,17_validation_locked
8298265D00P4Z,4.0,17.709939457336052,13.709939457336052,2.2849899095560087,8.555555555555555,342.7484864334013,0.2670767426753776,recurring_a,17_validation_locked
82982M65D00000,65.0,45.05707865154246,49.37803177237404,8.229671962062339,40.888888888888886,75.96620272672928,0.20126915124608982,recurring_a,17_validation_locked
82982M65D005PK,241.0,41.28055265836063,225.04869506864875,37.50811584477479,21.88888888888889,93.38120127329823,1.7135687441775285,recurring_a,17_validation_locked
83402M79G50000,7.0,10.155628145177499,5.186295106374645,0.8643825177291076,3.7777777777777777,74.08993009106636,0.22880713704594025,recurring_a,17_validation_locked
83661M68P01000,9.0,13.062125420266447,7.450773364255028,1.2417955607091713,5.111111111111111,82.78637071394476,0.24296000100831613,recurring_a,17_validation_locked
83811M68P00000,9.0,10.868328725868023,5.441800148958174,0.9069666914930291,4.333333333333333,60.464446099535266,0.20930000572916058,recurring_a,17_validation_locked
83811M79G11000,10.0,8.76406013348446,3.8389762117309028,0.6398293686218172,2.555555555555556,38.389762117309026,0.2503680138085371,recurring_a,17_validation_locked
83821M74L01000,16.0,10.542980185545204,5.457019814454795,0.9095033024091325,3.2222222222222223,34.10637384034247,0.282259645575248,recurring_a,17_validation_locked
83821M79G11000,11.0,11.516901261214866,5.419613244308683,0.9032688740514471,3.555555555555556,49.26921131189711,0.25404437082696946,recurring_a,17_validation_locked
83831M79G00000,6.0,9.719626815852761,6.5260928178426045,1.0876821363071008,3.2222222222222223,108.76821363071008,0.33755652506082434,recurring_a,17_validation_locked
83841M79G01000,8.0,9.513409874743674,4.1220226813056895,0.6870037802176149,3.4444444444444446,51.52528351632112,0.19945271038575915,recurring_a,17_validation_locked
8392165J010CB,7.0,8.560564901547089,6.072544100182433,1.0120906833637389,2.2222222222222223,86.75063000260617,0.4554408075136825,recurring_a,17_validation_locked
8394068L50000,14.0,8.85726039823914,6.255637403621977,1.0426062339369961,2.0,44.68312431158555,0.5213031169684981,recurring_a,17_validation_locked
84501M56R00000,14.0,9.948336431870809,8.84211732781738,1.4736862213028967,3.0,63.157980912981294,0.4912287404342989,recurring_a,17_validation_locked
84503M62S00000,9.0,13.010250879908899,7.70120684289956,1.2835344738165932,4.888888888888889,85.56896492110621,0.2625411423715759,recurring_a,17_validation_locked
84504M68P00000,14.0,8.546077591772459,6.58970555729249,1.0982842595487483,2.7777777777777777,47.06932540923207,0.3953823334375494,recurring_a,17_validation_locked
8451061M02000,11.0,10.695942644045818,7.031275422186401,1.171879237031067,3.888888888888889,63.92068565624001,0.30134037523656004,recurring_a,17_validation_locked
84511M53M00000,4.0,11.943720111565174,7.984146277561576,1.3306910462602628,2.555555555555556,199.6036569390394,0.5207051920148854,recurring_a,17_validation_locked
8454154P01000,6.0,7.717222914503049,4.968226172017216,0.8280376953362026,3.111111111111111,82.80376953362027,0.26615497350092227,recurring_a,17_validation_locked
84541M56R00000,5.0,11.363364734711649,6.4097733090504825,1.0682955515084138,2.7777777777777777,128.19546618100964,0.384586398543029,recurring_a,17_validation_locked
84570M62S10000,13.0,14.495306440162487,7.385039446980751,1.230839907830125,3.6666666666666665,56.80799574600577,0.3356836112263978,recurring_a,17_validation_locked
8458065J02000,11.0,8.719763909492066,6.078568312416618,1.013094718736103,3.333333333333333,55.25971193106016,0.30392841562083095,recurring_a,17_validation_locked
84611M76M00000,9.0,8.642630015841888,4.936806653821611,0.8228011089702685,2.555555555555556,54.85340726468456,0.321965651336192,recurring_a,17_validation_locked
8470161LVBZJ3,3.0,11.450016189236464,8.450016189236464,1.4083360315394107,2.2222222222222223,281.66720630788217,0.6337512141927347,recurring_a,17_validation_locked
84701M56R50ZHJ,11.0,10.104852972530008,3.921121084243044,0.653520180707174,2.333333333333333,35.646555311300396,0.2800800774459317,recurring_a,17_validation_locked
84701M68K1026U,8.0,11.94508834700334,7.931394179707902,1.321899029951317,5.111111111111111,99.14242724634877,0.25863241890351857,recurring_a,17_validation_locked
84701M79G30000,24.0,9.13865621506685,16.105725809903767,2.6842876349839613,2.888888888888889,67.10719087459903,0.9291764890329097,recurring_a,17_validation_locked
84701M84330000,13.0,12.602922296809856,16.763559154906766,2.793926525817794,8.0,128.95045503774435,0.34924081572722426,recurring_a,17_validation_locked
84702M67P30000,4.0,12.382185710452495,8.801395416654245,1.4668992361090407,3.888888888888889,220.03488541635613,0.37720266071375336,recurring_a,17_validation_locked
84702M67P4026U,11.0,8.954808926690465,7.902221508495738,1.317036918082623,4.555555555555555,71.83837734996126,0.28910566494496603,recurring_a,17_validation_locked
84702M68K1026U,9.0,9.633077183870522,8.384861844658014,1.3974769741096689,2.111111111111111,93.16513160731125,0.6619627772098431,recurring_a,17_validation_locked
84702M74L215PK,12.0,9.271158885462148,5.908531971882274,0.9847553286470457,1.7777777777777777,49.23776643235229,0.5539248723639633,recurring_a,17_validation_locked
84702M84320000,19.0,12.847401858054294,12.486850523612931,2.0811417539354884,8.88888888888889,65.72026591375227,0.23412844731774243,recurring_a,17_validation_locked
84730M56R00000,11.0,9.917560472856897,7.0134808192803035,1.1689134698800505,2.7777777777777777,63.75891653891185,0.4208088491568182,recurring_a,17_validation_locked
84730M67P00000,0.0,10.068422314806973,10.068422314806973,1.6780703858011623,7.888888888888889,,0.21271314749592196,recurring_a,17_validation_locked
84730M74L20000,7.0,12.484243026158008,5.484243026158008,0.9140405043596681,6.111111111111111,78.3463289451144,0.1495702643497639,recurring_a,17_validation_locked
84740M74L20000,8.0,10.359938183717766,5.064002623568306,0.8440004372613843,5.777777777777778,63.30003279460382,0.14607699875677804,recurring_a,17_validation_locked
8485177K006GS,31.0,9.867869847559412,24.204571384158427,4.0340952306930715,1.7777777777777777,78.07926252954331,2.269178567264853,recurring_a,17_validation_locked
84901M62S51BHE,19.0,14.612495877995558,6.715177883169256,1.1191963138615426,4.777777777777778,35.343041490364506,0.23425039127334613,recurring_a,17_validation_locked
84902M62S43BHE,20.0,16.77794608827509,7.227403002621701,1.2045671671036169,4.777777777777778,36.1370150131085,0.2521187093937803,recurring_a,17_validation_locked
85355M68PA1000,6.0,12.123385757403348,8.033143877546197,1.3388573129243662,9.22222222222222,133.88573129243662,0.1451772989917988,recurring_a,17_validation_locked
87491M68P105PK,28.0,9.039362626183532,20.06180587722212,3.3436343128703534,5.666666666666667,71.64930670436472,0.5900531140359447,recurring_a,17_validation_locked
87991M68P105PK,24.0,10.631315957524384,16.3900875785577,2.73168126309295,5.555555555555555,68.29203157732375,0.49170262735673104,recurring_a,17_validation_locked
88921M68P01000,77.0,14.102796890081569,62.89720310991843,10.482867184986405,5.777777777777778,81.68467936353042,1.8143423974014934,recurring_a,17_validation_locked
89969M52R00000,28.0,9.843204868774514,19.688857705809415,3.281476284301569,3.4444444444444446,70.31734894931934,0.9526866631843265,recurring_a,17_validation_locked
89969M63J00000,16.0,7.303731645140754,11.19812217630153,1.866353696050255,3.2222222222222223,69.98826360188455,0.5792132160155964,recurring_a,17_validation_locked
9531071L01000,8.0,10.302718762453303,6.965689183288114,1.1609481972146856,3.555555555555556,87.07111479110142,0.3265166804666303,recurring_a,17_validation_locked
95310M68K00000,11.0,10.165539697657337,8.941731217783301,1.490288536297217,2.4444444444444446,81.28846561621184,0.6096634921215887,recurring_a,17_validation_locked
083313124A000,1.0,5.519535335590508,4.681916813975551,0.7803194689959252,1.7142857142857142,468.1916813975551,0.4551863569142897,recurring_b,17_validation_locked
0928022020000,12.0,4.243072689241373,9.272491533491515,1.5454152555819192,2.571428571428572,77.27076277909596,0.6009948216151907,recurring_b,17_validation_locked
0938019004000,3.0,4.546395020785379,4.443122825313086,0.7405204708855143,0.8571428571428571,148.10409417710287,0.8639405493664334,recurring_b,17_validation_locked
0940307333000,5.0,8.383138592506224,5.592143163207425,0.9320238605345709,6.142857142857143,111.84286326414852,0.1517248145056278,recurring_b,17_validation_locked
09409063145PK,71.0,12.325929831760815,79.59368945418754,13.265614909031257,9.857142857142858,112.10378796364442,1.345787019756794,recurring_b,17_validation_locked
11620M68K00000,11.0,7.341727314514487,8.980838878975218,1.4968064798292031,1.7142857142857142,81.64398980886561,0.8731371132337019,recurring_b,17_validation_locked
11710M68K00000,39.0,6.286119687885528,32.71388031211447,5.4523133853524115,4.857142857142857,83.8817443900371,1.122535108749026,recurring_b,17_validation_locked
15910M79GC0000,30.0,4.777377214582753,26.771257148680867,4.4618761914468115,9.714285714285714,89.23752382893622,0.45931078441364237,recurring_b,17_validation_locked
1711279P01000,4.0,4.2536663743204555,2.413823524285958,0.40230392071432636,1.0,60.34558810714895,0.40230392071432636,recurring_b,17_validation_locked
1770054P30000,11.0,4.782544355246182,6.217455644753817,1.0362426074589695,2.2857142857142856,56.522324043216514,0.45335614076329916,recurring_b,17_validation_locked
1770079P21000,6.0,5.5807830467192945,3.885673105782604,0.6476121842971007,2.0,64.76121842971007,0.32380609214855033,recurring_b,17_validation_locked
1770081P00000,9.0,5.840615311443843,3.4408748225848993,0.5734791370974832,1.7142857142857142,38.23194247316555,0.33452949664019854,recurring_b,17_validation_locked
17700M79F02000,4.0,4.577105171833787,3.8114647874352414,0.6352441312392069,0.4285714285714285,95.28661968588104,1.4822363062248163,recurring_b,17_validation_locked
1793163J01000,16.0,5.360660488752085,14.074771088088445,2.345795181348074,2.857142857142857,87.96731930055279,0.8210283134718259,recurring_b,17_validation_locked
1793276G00000,7.0,6.269244575293259,7.0285442363177,1.1714240393862834,2.0,100.40777480453858,0.5857120196931417,recurring_b,17_validation_locked
2818084A20000,2.0,4.2399560655909045,3.398334916209449,0.5663891527015749,1.8571428571428568,169.91674581047243,0.3049787745316173,recurring_b,17_validation_locked
3512062R60000,5.0,4.624547425056742,4.888289067932782,0.8147148446554637,0.7142857142857143,97.76578135865564,1.1406007825176492,recurring_b,17_validation_locked
3512080G21000,6.0,5.102250041138392,2.616046366606347,0.4360077277677245,2.2857142857142856,43.60077277677245,0.19075338089837948,recurring_b,17_validation_locked
3532052R20000,3.0,5.629795971422714,6.60776157830629,1.1012935963843817,2.7142857142857144,220.25871927687635,0.40573974603635116,recurring_b,17_validation_locked
35321M66L10000,9.0,5.658647641229585,3.385933467102064,0.5643222445170107,3.142857142857143,37.621482967800716,0.17955707780086705,recurring_b,17_validation_locked
35603M79G30000,5.0,4.828852576477829,1.81550890563257,0.3025848176054283,1.4285714285714286,36.3101781126514,0.21180937232379982,recurring_b,17_validation_locked
3560461J10000,14.0,3.9202448862389785,13.960666090348894,2.3267776817248156,2.4285714285714284,99.71904350249211,0.9580849277690417,recurring_b,17_validation_locked
35650M60M00000,5.0,6.127334692956401,5.406933463187848,0.9011555771979746,0.7142857142857143,108.13866926375695,1.2616178080771643,recurring_b,17_validation_locked
3570273R10000,6.0,7.650634834969938,3.164405845400001,0.5274009742333335,2.142857142857143,52.740097423333346,0.24612045464222232,recurring_b,17_validation_locked
36230M70CA1000,2.0,5.0398715781367205,3.561098690363855,0.5935164483939758,0.4285714285714285,178.05493451819274,1.3848717129192771,recurring_b,17_validation_locked
37019M79MK0000,5.0,6.2637592471630175,7.089048200936329,1.1815080334893882,2.7142857142857144,141.7809640187266,0.4352924333908272,recurring_b,17_validation_locked
37145M56R20000,3.0,3.91873175137502,5.587869697295399,0.9313116162158998,1.4285714285714286,186.26232324317996,0.6519181313511299,recurring_b,17_validation_locked
38315M68K00000,8.0,4.467528765990586,5.224108698365457,0.8706847830609096,1.5714285714285714,65.30135872956822,0.5540721346751243,recurring_b,17_validation_locked
3845062R00000,9.0,4.41346276427892,7.6443730154901655,1.274062169248361,1.4285714285714286,84.93747794989072,0.8918435184738526,recurring_b,17_validation_locked
39321M56R00000,3.0,5.9057553110403145,3.1655762297633863,0.5275960382938977,1.1428571428571428,105.51920765877954,0.4616465335071605,recurring_b,17_validation_locked
39321M67P00000,7.0,8.099362614929145,4.2163954175708795,0.7027325695951466,1.8571428571428568,60.234220251012566,0.3783944605512329,recurring_b,17_validation_locked
39322M67P00000,7.0,8.003984535971004,4.172165511611405,0.6953609186019009,1.7142857142857142,59.602364451591505,0.4056272025177755,recurring_b,17_validation_locked
39322M67P10000,8.0,8.267413302739643,8.792922187433268,1.465487031238878,4.0,109.91152734291585,0.3663717578097195,recurring_b,17_validation_locked
4171080J00000,21.0,8.206970664627525,12.793029335372474,2.1321715558954124,21.857142857142858,60.91918731129749,0.09755033262266592,recurring_b,17_validation_locked
4321052R5027N,8.0,7.1824460128762695,6.337241122270052,1.0562068537116753,4.285714285714286,79.21551402837565,0.2464482658660576,recurring_b,17_validation_locked
4321061J01ZBP,5.0,5.216960316182383,3.3907170273636016,0.5651195045606002,3.142857142857143,67.81434054727204,0.17981075145110006,recurring_b,17_validation_locked
43210M55RH1QC8,26.0,9.228855158360686,17.99930891097083,2.999884818495138,5.0,69.22811119604165,0.5999769636990276,recurring_b,17_validation_locked
43210M76M5127N,4.0,7.7055082867970395,3.7055082867970395,0.6175847144661732,1.7142857142857142,92.63770716992599,0.3602577501052677,recurring_b,17_validation_locked
43210M83P0027N,5.0,4.94634482285863,3.2977121449065354,0.5496186908177559,1.7142857142857142,65.95424289813072,0.3206109029770243,recurring_b,17_validation_locked
43250M68K1027N,1.0,7.558910234593508,6.558910234593508,1.0931517057655846,2.4285714285714284,655.8910234593508,0.4501212906093584,recurring_b,17_validation_locked
43250M74L1027N,9.0,4.5922742628722775,4.4077257371277225,0.7346209561879538,2.0,48.97473041253025,0.3673104780939769,recurring_b,17_validation_locked
5741079P00000,12.0,5.100461782025901,8.51286060534747,1.418810100891245,2.2857142857142856,70.94050504456224,0.6207294191399197,recurring_b,17_validation_locked
5742071L01000,7.0,7.919155203375938,5.750711417052416,0.9584519028420693,2.2857142857142856,82.15302024360594,0.41932270749340533,recurring_b,17_validation_locked
57711M66L00000,8.0,8.759177898180843,4.29336601275214,0.7155610021253566,3.2857142857142856,53.66707515940175,0.21777943542945635,recurring_b,17_validation_locked
5811077K00000,5.0,4.714750345811837,4.9895206621170605,0.8315867770195101,1.2857142857142858,99.7904132423412,0.6467897154596189,recurring_b,17_validation_locked
5812165J00000,3.0,5.358892756338449,4.9216370716523175,0.8202728452753862,2.0,164.05456905507725,0.4101364226376931,recurring_b,17_validation_locked
5823054P00000,1.0,4.263947213179195,3.8927350926312188,0.6487891821052031,1.1428571428571428,389.27350926312187,0.5676905343420527,recurring_b,17_validation_locked
5827080J20000,8.0,4.505852078680177,6.425338083253278,1.070889680542213,0.7142857142857143,80.31672604066597,1.4992455527590982,recurring_b,17_validation_locked
69100M66L21000,18.0,5.632278393808053,12.367721606191946,2.061286934365324,2.2857142857142856,68.70956447884414,0.9018130337848294,recurring_b,17_validation_locked
7171154L30799,8.0,7.359364309544002,7.024596954916868,1.1707661591528113,1.2857142857142858,87.80746193646085,0.9105959015632976,recurring_b,17_validation_locked
7171177KD0799,10.0,3.7830170030284993,9.909792280201629,1.6516320467002714,1.0,99.09792280201629,1.6516320467002714,recurring_b,17_validation_locked
71711M76M00799,3.0,5.017559844817457,4.805955028497932,0.8009925047496553,3.2857142857142856,160.19850094993106,0.2437803275325038,recurring_b,17_validation_locked
71734M58R00000,5.0,4.794854178927315,3.3918583387365357,0.565309723122756,1.0,67.83716677473072,0.565309723122756,recurring_b,17_validation_locked
71741M79G10000,6.0,5.301707668683678,4.008198665762357,0.6680331109603929,2.2857142857142856,66.8033110960393,0.2922644860451719,recurring_b,17_validation_locked
7174265J010PG,7.0,4.798329829372709,5.5089779171605535,0.9181629861934256,1.7142857142857142,78.69968453086506,0.5355950752794983,recurring_b,17_validation_locked
7176060P205PK,17.0,6.811130379276321,12.710948984225201,2.118491497370867,2.4285714285714284,74.77028814250119,0.8723200283291805,recurring_b,17_validation_locked
7176171L105PK,9.0,5.185529744060987,3.8144702559390136,0.6357450426565022,1.1428571428571428,42.38300284376682,0.5562769123244394,recurring_b,17_validation_locked
71761M75L105PK,11.0,5.83069128154137,7.10992858225902,1.1849880970431699,1.0,64.6357143841729,1.1849880970431699,recurring_b,17_validation_locked
71761M76MB0ZNZ,2.0,4.757357519054552,3.540292968232498,0.5900488280387497,1.1428571428571428,177.0146484116249,0.5162927245339061,recurring_b,17_validation_locked
7177161M005PK,5.0,7.125823128821965,3.502603799724879,0.5837672999541464,2.857142857142857,70.05207599449759,0.20431855498395124,recurring_b,17_validation_locked
7181177MJ0799,2.0,4.634233535996145,3.5491636099845953,0.5915272683307659,0.7142857142857143,177.45818049922977,0.8281381756630721,recurring_b,17_validation_locked
71812M66L00000,10.0,7.963420862423324,8.158208029917386,1.3597013383195644,3.0,81.58208029917385,0.4532337794398548,recurring_b,17_validation_locked
7182263J00000,15.0,6.105566216950948,12.932615250257538,2.1554358750429228,1.5714285714285714,86.21743500171692,1.371641011390951,recurring_b,17_validation_locked
7187161M005PK,7.0,4.4117324722074045,4.108389741944543,0.6847316236574238,2.2857142857142856,58.69128202777919,0.2995700853501229,recurring_b,17_validation_locked
7211062R00ES5,6.0,4.033768994174752,3.3226279840886517,0.5537713306814419,1.1428571428571428,55.3771330681442,0.4845499143462617,recurring_b,17_validation_locked
7211157M005PK,4.0,6.1648283897396094,4.193317512684513,0.6988862521140855,1.4285714285714286,104.83293781711282,0.48922037647985983,recurring_b,17_validation_locked
72111M8450009E,5.0,5.818959342832305,6.919248450932024,1.1532080751553373,1.5714285714285714,138.38496901864048,0.7338596841897601,recurring_b,17_validation_locked
7211281A005PK,12.0,3.867835401998774,11.995246054135334,1.9992076756892223,2.571428571428572,99.96038378446111,0.7774696516569196,recurring_b,17_validation_locked
72330M74L005PK,1.0,4.998636942588747,4.389677128686781,0.7316128547811301,1.2857142857142858,438.9677128686781,0.5690322203853234,recurring_b,17_validation_locked
72333M76M005PK,6.0,5.555370386781996,5.991137437543265,0.9985229062572109,1.2857142857142858,99.85229062572108,0.7766289270889417,recurring_b,17_validation_locked
7239071L00000,6.0,3.6390270447065745,5.899563253173744,0.983260542195624,1.5714285714285714,98.32605421956241,0.625711254124488,recurring_b,17_validation_locked
7246073R00000,11.0,6.171254744499459,4.9362374122896435,0.8227062353816073,2.2857142857142856,44.87488556626949,0.3599339779794532,recurring_b,17_validation_locked
72821M76MA0000,17.0,6.379422024619164,12.739257876299506,2.1232096460499177,1.5714285714285714,74.93681103705592,1.351133411122675,recurring_b,17_validation_locked
73111M62S515PK,10.0,6.118109441915429,4.3983064940120755,0.7330510823353459,4.142857142857143,43.983064940120755,0.1769433647016352,recurring_b,17_validation_locked
73412M53M10U3J,15.0,4.1697931909553,12.347578711706614,2.057929785284436,1.2857142857142858,82.31719141137744,1.6006120552212277,recurring_b,17_validation_locked
7343061J00R8H,7.0,8.157067265433511,3.712176754130536,0.6186961256884227,3.571428571428572,53.031096487579084,0.17323491519275833,recurring_b,17_validation_locked
73630M76M01GJL,6.0,6.130308968004023,4.419701230380985,0.7366168717301642,1.5714285714285714,73.66168717301642,0.4687561911010136,recurring_b,17_validation_locked
74120M74LA0000,13.0,6.117638329977365,11.061270230807613,1.8435450384679355,3.7142857142857135,85.08669408313548,0.49633904881829044,recurring_b,17_validation_locked
75463M75J00000,2.0,4.661141775121849,3.665393392103751,0.6108988986839585,2.142857142857143,183.26966960518754,0.28508615271918064,recurring_b,17_validation_locked
75463M79G00000,4.0,3.8816099552694534,4.020685941096533,0.6701143235160889,1.5714285714285714,100.51714852741334,0.4264363876920566,recurring_b,17_validation_locked
7552171L00000,17.0,6.313199110482788,10.993133990037826,1.8321889983396378,2.4285714285714284,64.66549405904604,0.7544307640222039,recurring_b,17_validation_locked
7594165J00000,7.0,5.157295874334749,5.033587219833611,0.8389312033056018,1.5714285714285714,71.90838885476587,0.5338653111944739,recurring_b,17_validation_locked
7615181A01P4Z,11.0,4.896785853158116,12.55802756533355,2.093004594222258,2.0,114.16388695757773,1.046502297111129,recurring_b,17_validation_locked
76661M75L005PK,9.0,4.94069334764952,4.059306652350479,0.6765511087250798,1.5714285714285714,45.10340724833865,0.43053252373414175,recurring_b,17_validation_locked
7672157L005PK,9.0,7.515024578192588,3.0158726116867776,0.5026454352811296,3.4285714285714284,33.50969568540864,0.14660491862366282,recurring_b,17_validation_locked
77146M50S000CB,9.0,5.724424145503639,3.392537570554169,0.5654229284256949,1.8571428571428568,37.69486189504633,0.30445849992152807,recurring_b,17_validation_locked
77181M68K005PK,7.0,7.013043796279808,9.472456981609382,1.5787428302682303,2.0,135.32081402299116,0.7893714151341151,recurring_b,17_validation_locked
77181M76M005PK,8.0,5.815874237549567,3.925869488185082,0.6543115813641803,2.142857142857143,49.07336860231353,0.30534540463661747,recurring_b,17_validation_locked
7724054P105PK,6.0,4.5097406665720765,1.490259333427924,0.24837655557132066,2.7142857142857144,24.837655557132067,0.09150715205259181,recurring_b,17_validation_locked
7752061M005PK,11.0,7.038594902610022,7.122362692393908,1.187060448732318,1.2857142857142858,64.74875174903553,0.9232692379029139,recurring_b,17_validation_locked
81850M74L00000,17.0,4.822066647925152,13.927005395607852,2.321167565934642,1.2857142857142858,81.92356115063443,1.805352551282499,recurring_b,17_validation_locked
82510M60M51000,5.0,4.210509193005596,4.98047981545142,0.8300799692419033,2.0,99.6095963090284,0.41503998462095165,recurring_b,17_validation_locked
82570M53M00000,25.0,8.018046202382216,25.390412657933805,4.231735442988968,1.5714285714285714,101.5616506317352,2.692922554629343,recurring_b,17_validation_locked
82811M75J00000,11.0,6.611993932143437,9.073573078614999,1.5122621797691664,0.8571428571428571,82.48702798740908,1.764305876397361,recurring_b,17_validation_locked
8281257LA0ZNL,2.0,4.932382651818003,3.6159822223371436,0.6026637037228573,0.4285714285714285,180.79911111685718,1.4062153086866673,recurring_b,17_validation_locked
82814M75J00000,8.0,5.114667744911206,6.587220207309688,1.0978700345516146,2.571428571428572,82.3402525913711,0.4269494578811833,recurring_b,17_validation_locked
8366152R01000,5.0,7.2548558494282265,3.967150341494203,0.6611917235823671,1.0,79.34300682988405,0.6611917235823671,recurring_b,17_validation_locked
83665M68P01000,13.0,8.111928107685742,7.4202561642163065,1.2367093607027178,2.2857142857142856,57.078893570894664,0.5410603453074391,recurring_b,17_validation_locked
8381152R02000,9.0,6.099700230471327,4.934517563379426,0.822419593896571,1.0,54.82797292643807,0.822419593896571,recurring_b,17_validation_locked
8381165J00000,8.0,4.722887644075399,4.782361614309963,0.7970602690516605,1.4285714285714286,59.779520178874535,0.5579421883361624,recurring_b,17_validation_locked
8381180J00000,4.0,8.87625401922162,5.917502679481079,0.9862504465801799,1.4285714285714286,147.93756698702697,0.690375312606126,recurring_b,17_validation_locked
8382165J00000,14.0,4.704584645357767,10.923775761103201,1.8206292935172002,2.0,78.02696972216573,0.9103146467586001,recurring_b,17_validation_locked
8383165J00000,14.0,5.327951748043762,8.67204825195624,1.4453413753260398,2.0,61.94320179968742,0.7226706876630199,recurring_b,17_validation_locked
8384165J00000,11.0,4.482259584539394,8.038791300253997,1.3397985500423328,1.5714285714285714,73.07992091139998,0.8525990772996663,recurring_b,17_validation_locked
8392471L200CE,8.0,4.299269366634671,5.091749963903081,0.8486249939838468,1.8571428571428568,63.64687454878851,0.4569519198374561,recurring_b,17_validation_locked
8450373R00000,1.0,4.3490056672711015,3.885972913031804,0.6476621521719673,1.7142857142857142,388.59729130318044,0.3778029221003143,recurring_b,17_validation_locked
84570M67P10000,6.0,7.743316183234027,4.319671498838856,0.719945249806476,1.8571428571428568,71.9945249806476,0.38766282681887176,recurring_b,17_validation_locked
8470181A015PK,17.0,5.335633691508503,17.177917896336766,2.8629863160561277,2.7142857142857144,101.04657586080451,1.054784432231205,recurring_b,17_validation_locked
87286M81P00000,18.0,4.082482478865261,13.91751752113474,2.319586253522457,1.2857142857142858,77.31954178408189,1.8041226416285776,recurring_b,17_validation_locked
8926050J00000,14.0,6.05411405482437,9.910537929718345,1.6517563216197242,2.4285714285714284,70.78955664084532,0.680134955961063,recurring_b,17_validation_locked
1161054G30000,5.0,2.1737262523729943,6.310654123103356,1.0517756871838928,2.1,126.21308246206713,0.5008455653256633,recurring_c,20_validation_locked
11610M79F30000,3.0,0.9195406074467061,3.1403835970210525,0.5233972661701755,3.692307692307693,104.67945323403508,0.1417534262544225,recurring_c,20_validation_locked
11620M65L10000,5.0,0.5437966806006902,4.790823836798522,0.7984706394664203,4.75,95.81647673597044,0.16809908199293058,recurring_c,20_validation_locked
11620M76M00000,13.0,1.9468897945162351,11.962564720075296,1.993760786679216,2.4615384615384617,92.01972861596381,0.8099653195884314,recurring_c,20_validation_locked
11710M79F70000,6.0,2.1041665194987447,5.934578694348113,0.9890964490580189,2.1818181818181817,98.90964490580188,0.45333587248492535,recurring_c,20_validation_locked
1776071L00000,4.0,2.354220182789072,3.6947868295476627,0.6157978049246104,1.8461538461538465,92.36967073869157,0.33355714433416395,recurring_c,20_validation_locked
1793161M10000,6.0,2.402898709212695,5.046060736930716,0.841010122821786,2.3076923076923075,84.1010122821786,0.3644377198894406,recurring_c,20_validation_locked
1793165D00000,2.0,1.8989294880647167,2.6263880736420666,0.4377313456070111,3.1538461538461537,131.31940368210334,0.13879286568027183,recurring_c,20_validation_locked
3512065J12000,3.0,2.4242885078915934,3.669073932474764,0.6115123220791273,1.3,122.30246441582547,0.47039409390702097,recurring_c,20_validation_locked
35651M79G40000,4.0,1.7295990620623047,4.295114580551105,0.7158524300918508,3.0,107.37786451377762,0.23861747669728361,recurring_c,20_validation_locked
35750M68P00000,5.0,1.8823869659576493,5.064182988653335,0.8440304981088892,2.1538461538461537,101.2836597730667,0.39187130269341286,recurring_c,20_validation_locked
3658054P00000,9.0,2.8657204352822587,9.140994344607519,1.5234990574345864,1.2222222222222223,101.56660382897242,1.246499228810116,recurring_c,20_validation_locked
37736M79M00000,3.0,2.2955153388031073,4.180150510972014,0.696691751828669,1.9230769230769231,139.33835036573382,0.3622797109509079,recurring_c,20_validation_locked
3845065J10000,7.0,1.9806927157147545,6.497729236297565,1.0829548727162608,3.076923076923077,92.8247033756795,0.3519603336327847,recurring_c,20_validation_locked
43110M75J80000-OP,2.0,1.7767814189733433,2.0476204344994366,0.34127007241657276,2.142857142857143,102.38102172497183,0.15925936712773395,recurring_c,20_validation_locked
4321064J01ZBP,4.0,2.5527020813106143,5.033697288456779,0.8389495480761299,1.1538461538461535,125.84243221141949,0.7270896083326461,recurring_c,20_validation_locked
65500M75L00000,3.0,2.3560067169700027,2.946136119752757,0.4910226866254595,1.2307692307692308,98.2045373250919,0.3989559328831858,recurring_c,20_validation_locked
68001M53M50000,5.0,2.1509339606419866,5.215216286025187,0.8692027143375313,2.0,104.30432572050374,0.43460135716876563,recurring_c,20_validation_locked
7173368L00000,11.0,2.158804936615377,9.983869978278568,1.6639783297130946,1.7692307692307692,90.76245434798699,0.9405094907074013,recurring_c,20_validation_locked
71751M50S005PK,10.0,3.3808992626698062,9.608865226824818,1.6014775378041364,1.2307692307692308,96.08865226824818,1.3012004994658608,recurring_c,20_validation_locked
7176160MB05PK,16.0,3.4885459184532728,13.178809565698971,2.1964682609498287,2.076923076923077,82.36755978561857,1.0575587923091767,recurring_c,20_validation_locked
71761M75L005PK,4.0,1.9880517086261662,3.8860276248559606,0.6476712708093267,1.9230769230769231,97.15069062139902,0.3367890608208499,recurring_c,20_validation_locked
71821M60M00000,11.0,2.3884220855327047,9.26245552934517,1.5437425882241949,2.076923076923077,84.20414117586517,0.7432834684042419,recurring_c,20_validation_locked
72321M79G00000,1.0,1.4457247858871878,1.8356566506421765,0.30594277510702944,1.7692307692307692,183.56566506421765,0.17292417723440795,recurring_c,20_validation_locked
73410M74L105PK,1.0,3.1511349142035483,2.964640277230337,0.49410671287172286,1.1538461538461535,296.4640277230337,0.42822581782215996,recurring_c,20_validation_locked
76295M53M10P4Z,1.0,1.4294945133017367,2.0353525203747256,0.33922542006245426,1.3076923076923077,203.53525203747256,0.2594076741654062,recurring_c,20_validation_locked
77250M79M100PG,2.0,2.1029103911031255,2.8474395167616655,0.4745732527936109,1.3846153846153846,142.37197583808327,0.3427473492398301,recurring_c,20_validation_locked
77831M79M000PG,13.0,3.6304396304637505,14.64355751923354,2.4405929198722567,1.3076923076923077,112.6427501479503,1.866335762255255,recurring_c,20_validation_locked
7784161M00A93,5.0,2.3496341276623047,4.157997328831771,0.6929995548052951,1.6153846153846154,83.1599465766354,0.4289997244032779,recurring_c,20_validation_locked
7822565J105PK,2.0,1.9587101395305373,2.6098998201706323,0.43498330336177204,1.75,130.4949910085316,0.24856188763529832,recurring_c,20_validation_locked
8285081A225PK,2.0,1.3915362935690212,2.821088818216412,0.47018146970273533,2.6153846153846154,141.0544409108206,0.17977526782751646,recurring_c,20_validation_locked
83401M55R01000,2.0,1.8878024983920079,2.7821321026174095,0.46368868376956823,0.875,139.10660513087046,0.529929924308078,recurring_c,20_validation_locked
8381173R00000,1.0,2.731590755727149,3.2929467007889426,0.5488244501314904,1.6153846153846154,329.2946700788943,0.33974846912901785,recurring_c,20_validation_locked
84511M68K00000,5.0,1.664732905333543,4.301143032435712,0.7168571720726186,1.6153846153846154,86.02286064871423,0.44376872556876384,recurring_c,20_validation_locked
84901M56R63HLK,2.0,3.397203944939154,2.59609052999515,0.4326817549991917,1.0,129.80452649975751,0.4326817549991917,recurring_c,20_validation_locked
